# Blender 4.4.3
# www.blender.org
mtllib FerrisWheel.mtl
o FerrisWheel.Merged
v -1.000000 67.000000 3.000000
v -1.000000 61.000000 -3.000000
v -1.000000 61.000000 3.000000
v -1.000000 67.000000 -3.000000
v -1.000000 45.000000 -3.000000
v -1.000000 43.000000 -5.000000
v -1.000000 43.000000 -3.000000
v -1.000000 45.000000 -5.000000
v -1.000000 45.000000 5.000000
v -1.000000 43.000000 3.000000
v -1.000000 43.000000 5.000000
v -1.000000 45.000000 3.000000
v -1.000000 37.000000 -5.000000
v -1.000000 35.000000 -7.000000
v -1.000000 35.000000 -5.000000
v -1.000000 37.000000 -7.000000
v -1.000000 37.000000 7.000000
v -1.000000 35.000000 5.000000
v -1.000000 35.000000 7.000000
v -1.000000 37.000000 5.000000
v -1.000000 31.000000 -9.000000
v -1.000000 31.000000 -7.000000
v -1.000000 35.000000 -9.000000
v -1.000000 35.000000 9.000000
v -1.000000 31.000000 7.000000
v -1.000000 31.000000 9.000000
v -1.000000 33.000000 -3.000000
v -1.000000 31.000000 -5.000000
v -1.000000 31.000000 -3.000000
v -1.000000 33.000000 -5.000000
v -1.000000 33.000000 5.000000
v -1.000000 31.000000 3.000000
v -1.000000 31.000000 5.000000
v -1.000000 33.000000 3.000000
v -1.000000 7.000000 3.000000
v -1.000000 1.000000 -3.000000
v -1.000000 1.000000 3.000000
v -1.000000 7.000000 -3.000000
v 1.000000 69.000000 5.000000
v 1.000000 67.000000 3.000000
v 1.000000 67.000000 5.000000
v 1.000000 61.000000 3.000000
v 1.000000 69.000000 -5.000000
v 1.000000 45.000000 5.000000
v 1.000000 67.000000 -3.000000
v 1.000000 45.000000 3.000000
v 1.000000 67.000000 -5.000000
v 1.000000 61.000000 -3.000000
v 1.000000 45.000000 -5.000000
v 1.000000 45.000000 -3.000000
v 1.000000 39.000000 -5.000000
v 1.000000 37.000000 -7.000000
v 1.000000 37.000000 -5.000000
v 1.000000 39.000000 -7.000000
v 1.000000 39.000000 3.000000
v 1.000000 37.000000 -3.000000
v 1.000000 37.000000 3.000000
v 1.000000 39.000000 -3.000000
v 1.000000 39.000000 7.000000
v 1.000000 37.000000 5.000000
v 1.000000 37.000000 7.000000
v 1.000000 39.000000 5.000000
v 1.000000 31.000000 5.000000
v 1.000000 9.000000 3.000000
v 1.000000 9.000000 5.000000
v 1.000000 7.000000 3.000000
v 1.000000 31.000000 3.000000
v 1.000000 7.000000 -3.000000
v 1.000000 7.000000 5.000000
v 1.000000 9.000000 -3.000000
v 1.000000 7.000000 -5.000000
v 1.000000 9.000000 -5.000000
v 1.000000 31.000000 -3.000000
v 1.000000 31.000000 -5.000000
v -3.000000 51.000000 5.000000
v -3.000000 45.000000 3.000000
v -3.000000 45.000000 5.000000
v -3.000000 51.000000 3.000000
v -3.000000 51.000000 -3.000000
v -3.000000 45.000000 -5.000000
v -3.000000 45.000000 -3.000000
v -3.000000 51.000000 -5.000000
v -3.000000 43.000000 -3.000000
v -3.000000 41.000000 -5.000000
v -3.000000 41.000000 -3.000000
v -3.000000 43.000000 -5.000000
v -3.000000 43.000000 5.000000
v -3.000000 41.000000 3.000000
v -3.000000 41.000000 5.000000
v -3.000000 43.000000 3.000000
v -3.000000 35.000000 -3.000000
v -3.000000 33.000000 -5.000000
v -3.000000 33.000000 -3.000000
v -3.000000 35.000000 -5.000000
v -3.000000 35.000000 5.000000
v -3.000000 33.000000 3.000000
v -3.000000 33.000000 5.000000
v -3.000000 35.000000 3.000000
v -3.000000 31.000000 -7.000000
v -3.000000 27.000000 -9.000000
v -3.000000 27.000000 -7.000000
v -3.000000 31.000000 -9.000000
v -3.000000 31.000000 -3.000000
v -3.000000 25.000000 -5.000000
v -3.000000 25.000000 -3.000000
v -3.000000 31.000000 -5.000000
v -3.000000 31.000000 5.000000
v -3.000000 25.000000 3.000000
v -3.000000 25.000000 5.000000
v -3.000000 31.000000 3.000000
v -3.000000 31.000000 9.000000
v -3.000000 27.000000 7.000000
v -3.000000 27.000000 9.000000
v -3.000000 31.000000 7.000000
v 3.000000 37.000000 7.000000
v 3.000000 35.000000 5.000000
v 3.000000 35.000000 7.000000
v 3.000000 37.000000 5.000000
v 3.000000 37.000000 -5.000000
v 3.000000 35.000000 -7.000000
v 3.000000 35.000000 -5.000000
v 3.000000 37.000000 -7.000000
v 3.000000 31.000000 -9.000000
v 3.000000 31.000000 -7.000000
v 3.000000 35.000000 -9.000000
v 3.000000 35.000000 9.000000
v 3.000000 31.000000 7.000000
v 3.000000 31.000000 9.000000
v -5.000000 57.000000 5.000000
v -5.000000 51.000000 3.000000
v -5.000000 51.000000 5.000000
v -5.000000 57.000000 3.000000
v -5.000000 57.000000 -3.000000
v -5.000000 51.000000 -5.000000
v -5.000000 51.000000 -3.000000
v -5.000000 57.000000 -5.000000
v -5.000000 45.000000 -3.000000
v -5.000000 43.000000 -5.000000
v -5.000000 43.000000 -3.000000
v -5.000000 45.000000 -5.000000
v -5.000000 45.000000 5.000000
v -5.000000 43.000000 3.000000
v -5.000000 43.000000 5.000000
v -5.000000 45.000000 3.000000
v -5.000000 41.000000 -3.000000
v -5.000000 39.000000 -5.000000
v -5.000000 39.000000 -3.000000
v -5.000000 41.000000 -5.000000
v -5.000000 41.000000 5.000000
v -5.000000 39.000000 3.000000
v -5.000000 39.000000 5.000000
v -5.000000 41.000000 3.000000
v -5.000000 37.000000 -3.000000
v -5.000000 35.000000 -5.000000
v -5.000000 35.000000 -3.000000
v -5.000000 37.000000 -5.000000
v -5.000000 37.000000 5.000000
v -5.000000 35.000000 3.000000
v -5.000000 35.000000 5.000000
v -5.000000 37.000000 3.000000
v -5.000000 33.000000 -3.000000
v -5.000000 31.000000 -5.000000
v -5.000000 31.000000 -3.000000
v -5.000000 33.000000 -5.000000
v -5.000000 33.000000 5.000000
v -5.000000 31.000000 3.000000
v -5.000000 31.000000 5.000000
v -5.000000 33.000000 3.000000
v -5.000000 27.000000 -9.000000
v -5.000000 25.000000 -11.000000
v -5.000000 25.000000 -9.000000
v -5.000000 27.000000 -11.000000
v -5.000000 27.000000 11.000000
v -5.000000 25.000000 9.000000
v -5.000000 25.000000 11.000000
v -5.000000 27.000000 9.000000
v -5.000000 25.000000 -3.000000
v -5.000000 19.000000 -5.000000
v -5.000000 19.000000 -3.000000
v -5.000000 25.000000 -5.000000
v -5.000000 25.000000 5.000000
v -5.000000 19.000000 3.000000
v -5.000000 19.000000 5.000000
v -5.000000 25.000000 3.000000
v 5.000000 51.000000 5.000000
v 5.000000 45.000000 3.000000
v 5.000000 45.000000 5.000000
v 5.000000 51.000000 3.000000
v 5.000000 51.000000 -3.000000
v 5.000000 45.000000 -5.000000
v 5.000000 45.000000 -3.000000
v 5.000000 51.000000 -5.000000
v 5.000000 31.000000 -7.000000
v 5.000000 27.000000 -9.000000
v 5.000000 27.000000 -7.000000
v 5.000000 31.000000 -9.000000
v 5.000000 31.000000 -3.000000
v 5.000000 25.000000 -5.000000
v 5.000000 25.000000 -3.000000
v 5.000000 31.000000 -5.000000
v 5.000000 31.000000 5.000000
v 5.000000 25.000000 3.000000
v 5.000000 25.000000 5.000000
v 5.000000 31.000000 3.000000
v 5.000000 31.000000 9.000000
v 5.000000 27.000000 7.000000
v 5.000000 27.000000 9.000000
v 5.000000 31.000000 7.000000
v -7.000000 71.000000 7.000000
v -7.000000 69.000000 5.000000
v -7.000000 69.000000 7.000000
v -7.000000 71.000000 5.000000
v -7.000000 71.000000 -5.000000
v -7.000000 69.000000 -7.000000
v -7.000000 69.000000 -5.000000
v -7.000000 71.000000 -7.000000
v -7.000000 59.000000 -3.000000
v -7.000000 63.000000 -3.000000
v -7.000000 63.000000 -5.000000
v -7.000000 57.000000 -5.000000
v -7.000000 57.000000 -3.000000
v -7.000000 63.000000 5.000000
v -7.000000 59.000000 3.000000
v -7.000000 57.000000 5.000000
v -7.000000 57.000000 3.000000
v -7.000000 63.000000 3.000000
v -7.000000 47.000000 -3.000000
v -7.000000 45.000000 -5.000000
v -7.000000 45.000000 -3.000000
v -7.000000 47.000000 -5.000000
v -7.000000 47.000000 5.000000
v -7.000000 45.000000 3.000000
v -7.000000 45.000000 5.000000
v -7.000000 47.000000 3.000000
v -7.000000 31.000000 -3.000000
v -7.000000 29.000000 -5.000000
v -7.000000 29.000000 -3.000000
v -7.000000 31.000000 -5.000000
v -7.000000 31.000000 5.000000
v -7.000000 29.000000 3.000000
v -7.000000 29.000000 5.000000
v -7.000000 31.000000 3.000000
v -7.000000 25.000000 -9.000000
v -7.000000 21.000000 -11.000000
v -7.000000 21.000000 -9.000000
v -7.000000 25.000000 -11.000000
v -7.000000 25.000000 11.000000
v -7.000000 21.000000 9.000000
v -7.000000 21.000000 11.000000
v -7.000000 25.000000 9.000000
v -7.000000 19.000000 -3.000000
v -7.000000 13.000000 -5.000000
v -7.000000 13.000000 -3.000000
v -7.000000 19.000000 -5.000000
v -7.000000 19.000000 5.000000
v -7.000000 13.000000 3.000000
v -7.000000 13.000000 5.000000
v -7.000000 19.000000 3.000000
v -7.000000 7.000000 -5.000000
v -7.000000 5.000000 -7.000000
v -7.000000 5.000000 -5.000000
v -7.000000 7.000000 -7.000000
v -7.000000 7.000000 7.000000
v -7.000000 5.000000 5.000000
v -7.000000 5.000000 7.000000
v -7.000000 7.000000 5.000000
v 7.000000 57.000000 5.000000
v 7.000000 51.000000 3.000000
v 7.000000 51.000000 5.000000
v 7.000000 57.000000 3.000000
v 7.000000 57.000000 -3.000000
v 7.000000 51.000000 -5.000000
v 7.000000 51.000000 -3.000000
v 7.000000 57.000000 -5.000000
v 7.000000 45.000000 -3.000000
v 7.000000 43.000000 -5.000000
v 7.000000 43.000000 -3.000000
v 7.000000 45.000000 -5.000000
v 7.000000 45.000000 5.000000
v 7.000000 43.000000 3.000000
v 7.000000 43.000000 5.000000
v 7.000000 45.000000 3.000000
v 7.000000 33.000000 -3.000000
v 7.000000 31.000000 -5.000000
v 7.000000 31.000000 -3.000000
v 7.000000 33.000000 -5.000000
v 7.000000 33.000000 5.000000
v 7.000000 31.000000 3.000000
v 7.000000 31.000000 5.000000
v 7.000000 33.000000 3.000000
v 7.000000 27.000000 -9.000000
v 7.000000 25.000000 -11.000000
v 7.000000 25.000000 -9.000000
v 7.000000 27.000000 -11.000000
v 7.000000 27.000000 11.000000
v 7.000000 25.000000 9.000000
v 7.000000 25.000000 11.000000
v 7.000000 27.000000 9.000000
v 7.000000 25.000000 -3.000000
v 7.000000 19.000000 -5.000000
v 7.000000 19.000000 -3.000000
v 7.000000 25.000000 -5.000000
v 7.000000 25.000000 5.000000
v 7.000000 19.000000 3.000000
v 7.000000 19.000000 5.000000
v 7.000000 25.000000 3.000000
v 9.000000 67.000000 7.000000
v 9.000000 65.000000 5.000000
v 9.000000 65.000000 7.000000
v 9.000000 67.000000 5.000000
v 9.000000 67.000000 -5.000000
v 9.000000 65.000000 -7.000000
v 9.000000 65.000000 -5.000000
v 9.000000 67.000000 -7.000000
v 9.000000 65.000000 3.000000
v 9.000000 63.000000 -3.000000
v 9.000000 63.000000 3.000000
v 9.000000 59.000000 -3.000000
v 9.000000 65.000000 -3.000000
v 9.000000 63.000000 -5.000000
v 9.000000 59.000000 3.000000
v 9.000000 57.000000 -5.000000
v 9.000000 63.000000 5.000000
v 9.000000 57.000000 -3.000000
v 9.000000 57.000000 5.000000
v 9.000000 57.000000 3.000000
v 9.000000 47.000000 -3.000000
v 9.000000 45.000000 -5.000000
v 9.000000 45.000000 -3.000000
v 9.000000 47.000000 -5.000000
v 9.000000 47.000000 5.000000
v 9.000000 45.000000 3.000000
v 9.000000 45.000000 5.000000
v 9.000000 47.000000 3.000000
v 9.000000 43.000000 -3.000000
v 9.000000 41.000000 -5.000000
v 9.000000 41.000000 -3.000000
v 9.000000 43.000000 -5.000000
v 9.000000 43.000000 5.000000
v 9.000000 41.000000 3.000000
v 9.000000 41.000000 5.000000
v 9.000000 43.000000 3.000000
v 9.000000 35.000000 -3.000000
v 9.000000 33.000000 -5.000000
v 9.000000 33.000000 -3.000000
v 9.000000 35.000000 -5.000000
v 9.000000 35.000000 5.000000
v 9.000000 33.000000 3.000000
v 9.000000 33.000000 5.000000
v 9.000000 35.000000 3.000000
v 9.000000 31.000000 -3.000000
v 9.000000 29.000000 -5.000000
v 9.000000 29.000000 -3.000000
v 9.000000 31.000000 -5.000000
v 9.000000 31.000000 5.000000
v 9.000000 29.000000 3.000000
v 9.000000 29.000000 5.000000
v 9.000000 31.000000 3.000000
v 9.000000 25.000000 -9.000000
v 9.000000 21.000000 -11.000000
v 9.000000 21.000000 -9.000000
v 9.000000 25.000000 -11.000000
v 9.000000 25.000000 11.000000
v 9.000000 21.000000 9.000000
v 9.000000 21.000000 11.000000
v 9.000000 25.000000 9.000000
v 9.000000 19.000000 -3.000000
v 9.000000 13.000000 -5.000000
v 9.000000 13.000000 -3.000000
v 9.000000 19.000000 -5.000000
v 9.000000 19.000000 5.000000
v 9.000000 13.000000 3.000000
v 9.000000 13.000000 5.000000
v 9.000000 19.000000 3.000000
v 9.000000 11.000000 -5.000000
v 9.000000 9.000000 -7.000000
v 9.000000 9.000000 -5.000000
v 9.000000 11.000000 -7.000000
v 9.000000 11.000000 7.000000
v 9.000000 9.000000 5.000000
v 9.000000 9.000000 7.000000
v 9.000000 11.000000 5.000000
v 9.000000 9.000000 3.000000
v 9.000000 3.000000 -3.000000
v 9.000000 3.000000 3.000000
v 9.000000 9.000000 -3.000000
v -9.000000 67.000000 5.000000
v -9.000000 65.000000 3.000000
v -9.000000 65.000000 5.000000
v -9.000000 63.000000 3.000000
v -9.000000 67.000000 -5.000000
v -9.000000 63.000000 5.000000
v -9.000000 65.000000 -3.000000
v -9.000000 65.000000 -5.000000
v -9.000000 63.000000 -5.000000
v -9.000000 63.000000 -3.000000
v -9.000000 51.000000 -3.000000
v -9.000000 47.000000 -5.000000
v -9.000000 47.000000 -3.000000
v -9.000000 51.000000 -5.000000
v -9.000000 51.000000 5.000000
v -9.000000 47.000000 3.000000
v -9.000000 47.000000 5.000000
v -9.000000 51.000000 3.000000
v -9.000000 29.000000 -3.000000
v -9.000000 27.000000 -5.000000
v -9.000000 27.000000 -3.000000
v -9.000000 29.000000 -5.000000
v -9.000000 29.000000 5.000000
v -9.000000 27.000000 3.000000
v -9.000000 27.000000 5.000000
v -9.000000 29.000000 3.000000
v -9.000000 21.000000 -11.000000
v -9.000000 17.000000 -13.000000
v -9.000000 17.000000 -11.000000
v -9.000000 21.000000 -13.000000
v -9.000000 21.000000 13.000000
v -9.000000 17.000000 11.000000
v -9.000000 17.000000 13.000000
v -9.000000 21.000000 11.000000
v -9.000000 13.000000 5.000000
v -9.000000 11.000000 3.000000
v -9.000000 11.000000 5.000000
v -9.000000 9.000000 3.000000
v -9.000000 13.000000 3.000000
v -9.000000 9.000000 -3.000000
v -9.000000 9.000000 5.000000
v -9.000000 11.000000 -3.000000
v -9.000000 9.000000 -5.000000
v -9.000000 11.000000 -5.000000
v -9.000000 13.000000 -3.000000
v -9.000000 13.000000 -5.000000
v 11.000000 67.000000 5.000000
v 11.000000 65.000000 3.000000
v 11.000000 65.000000 5.000000
v 11.000000 63.000000 3.000000
v 11.000000 67.000000 -5.000000
v 11.000000 63.000000 5.000000
v 11.000000 65.000000 -3.000000
v 11.000000 65.000000 -5.000000
v 11.000000 63.000000 -5.000000
v 11.000000 63.000000 -3.000000
v 11.000000 51.000000 -3.000000
v 11.000000 47.000000 -5.000000
v 11.000000 47.000000 -3.000000
v 11.000000 51.000000 -5.000000
v 11.000000 51.000000 5.000000
v 11.000000 47.000000 3.000000
v 11.000000 47.000000 5.000000
v 11.000000 51.000000 3.000000
v 11.000000 29.000000 -3.000000
v 11.000000 27.000000 -5.000000
v 11.000000 27.000000 -3.000000
v 11.000000 29.000000 -5.000000
v 11.000000 29.000000 5.000000
v 11.000000 27.000000 3.000000
v 11.000000 27.000000 5.000000
v 11.000000 29.000000 3.000000
v 11.000000 21.000000 -11.000000
v 11.000000 17.000000 -13.000000
v 11.000000 17.000000 -11.000000
v 11.000000 21.000000 -13.000000
v 11.000000 21.000000 13.000000
v 11.000000 17.000000 11.000000
v 11.000000 17.000000 13.000000
v 11.000000 21.000000 11.000000
v 11.000000 13.000000 5.000000
v 11.000000 11.000000 3.000000
v 11.000000 11.000000 5.000000
v 11.000000 9.000000 3.000000
v 11.000000 13.000000 3.000000
v 11.000000 9.000000 -3.000000
v 11.000000 9.000000 5.000000
v 11.000000 11.000000 -3.000000
v 11.000000 9.000000 -5.000000
v 11.000000 11.000000 -5.000000
v 11.000000 13.000000 -3.000000
v 11.000000 13.000000 -5.000000
v -11.000000 69.000000 7.000000
v -11.000000 67.000000 5.000000
v -11.000000 67.000000 7.000000
v -11.000000 69.000000 5.000000
v -11.000000 69.000000 -5.000000
v -11.000000 67.000000 -7.000000
v -11.000000 67.000000 -5.000000
v -11.000000 69.000000 -7.000000
v -11.000000 65.000000 3.000000
v -11.000000 59.000000 -3.000000
v -11.000000 59.000000 3.000000
v -11.000000 65.000000 -3.000000
v -11.000000 53.000000 -3.000000
v -11.000000 51.000000 -5.000000
v -11.000000 51.000000 -3.000000
v -11.000000 53.000000 -5.000000
v -11.000000 53.000000 5.000000
v -11.000000 51.000000 3.000000
v -11.000000 51.000000 5.000000
v -11.000000 53.000000 3.000000
v -11.000000 43.000000 -3.000000
v -11.000000 41.000000 -5.000000
v -11.000000 41.000000 -3.000000
v -11.000000 43.000000 -5.000000
v -11.000000 43.000000 5.000000
v -11.000000 41.000000 3.000000
v -11.000000 41.000000 5.000000
v -11.000000 43.000000 3.000000
v -11.000000 35.000000 -3.000000
v -11.000000 33.000000 -5.000000
v -11.000000 33.000000 -3.000000
v -11.000000 35.000000 -5.000000
v -11.000000 35.000000 5.000000
v -11.000000 33.000000 3.000000
v -11.000000 33.000000 5.000000
v -11.000000 35.000000 3.000000
v -11.000000 27.000000 -3.000000
v -11.000000 23.000000 -5.000000
v -11.000000 23.000000 -3.000000
v -11.000000 27.000000 -5.000000
v -11.000000 27.000000 5.000000
v -11.000000 23.000000 3.000000
v -11.000000 23.000000 5.000000
v -11.000000 27.000000 3.000000
v -11.000000 17.000000 -11.000000
v -11.000000 13.000000 -13.000000
v -11.000000 13.000000 -11.000000
v -11.000000 17.000000 -13.000000
v -11.000000 17.000000 13.000000
v -11.000000 13.000000 11.000000
v -11.000000 13.000000 13.000000
v -11.000000 17.000000 11.000000
v -11.000000 9.000000 -5.000000
v -11.000000 7.000000 -7.000000
v -11.000000 7.000000 -5.000000
v -11.000000 9.000000 -7.000000
v -11.000000 9.000000 3.000000
v -11.000000 3.000000 -3.000000
v -11.000000 3.000000 3.000000
v -11.000000 9.000000 -3.000000
v -11.000000 9.000000 7.000000
v -11.000000 7.000000 5.000000
v -11.000000 7.000000 7.000000
v -11.000000 9.000000 5.000000
v 13.000000 53.000000 5.000000
v 13.000000 51.000000 3.000000
v 13.000000 51.000000 5.000000
v 13.000000 53.000000 3.000000
v 13.000000 53.000000 -3.000000
v 13.000000 51.000000 -5.000000
v 13.000000 51.000000 -3.000000
v 13.000000 53.000000 -5.000000
v 13.000000 27.000000 -3.000000
v 13.000000 23.000000 -5.000000
v 13.000000 23.000000 -3.000000
v 13.000000 27.000000 -5.000000
v 13.000000 27.000000 5.000000
v 13.000000 23.000000 3.000000
v 13.000000 23.000000 5.000000
v 13.000000 27.000000 3.000000
v 13.000000 17.000000 -11.000000
v 13.000000 13.000000 -13.000000
v 13.000000 13.000000 -11.000000
v 13.000000 17.000000 -13.000000
v 13.000000 17.000000 13.000000
v 13.000000 13.000000 11.000000
v 13.000000 13.000000 13.000000
v 13.000000 17.000000 11.000000
v -13.000000 55.000000 5.000000
v -13.000000 53.000000 3.000000
v -13.000000 53.000000 5.000000
v -13.000000 55.000000 3.000000
v -13.000000 55.000000 -3.000000
v -13.000000 53.000000 -5.000000
v -13.000000 53.000000 -3.000000
v -13.000000 55.000000 -5.000000
v -13.000000 23.000000 -3.000000
v -13.000000 21.000000 -5.000000
v -13.000000 21.000000 -3.000000
v -13.000000 23.000000 -5.000000
v -13.000000 23.000000 5.000000
v -13.000000 21.000000 3.000000
v -13.000000 21.000000 5.000000
v -13.000000 23.000000 3.000000
v -13.000000 13.000000 -13.000000
v -13.000000 11.000000 -15.000000
v -13.000000 11.000000 -13.000000
v -13.000000 13.000000 -15.000000
v -13.000000 13.000000 15.000000
v -13.000000 11.000000 13.000000
v -13.000000 11.000000 15.000000
v -13.000000 13.000000 13.000000
v 15.000000 65.000000 7.000000
v 15.000000 63.000000 5.000000
v 15.000000 63.000000 7.000000
v 15.000000 65.000000 5.000000
v 15.000000 65.000000 -5.000000
v 15.000000 63.000000 -7.000000
v 15.000000 63.000000 -5.000000
v 15.000000 65.000000 -7.000000
v 15.000000 55.000000 -3.000000
v 15.000000 53.000000 -5.000000
v 15.000000 53.000000 -3.000000
v 15.000000 55.000000 -5.000000
v 15.000000 55.000000 5.000000
v 15.000000 53.000000 3.000000
v 15.000000 53.000000 5.000000
v 15.000000 55.000000 3.000000
v 15.000000 45.000000 -3.000000
v 15.000000 43.000000 -5.000000
v 15.000000 43.000000 -3.000000
v 15.000000 45.000000 -5.000000
v 15.000000 45.000000 5.000000
v 15.000000 43.000000 3.000000
v 15.000000 43.000000 5.000000
v 15.000000 45.000000 3.000000
v 15.000000 33.000000 -3.000000
v 15.000000 31.000000 -5.000000
v 15.000000 31.000000 -3.000000
v 15.000000 33.000000 -5.000000
v 15.000000 33.000000 5.000000
v 15.000000 31.000000 3.000000
v 15.000000 31.000000 5.000000
v 15.000000 33.000000 3.000000
v 15.000000 23.000000 -3.000000
v 15.000000 21.000000 -5.000000
v 15.000000 21.000000 -3.000000
v 15.000000 23.000000 -5.000000
v 15.000000 23.000000 5.000000
v 15.000000 21.000000 3.000000
v 15.000000 21.000000 5.000000
v 15.000000 23.000000 3.000000
v 15.000000 13.000000 -13.000000
v 15.000000 11.000000 -15.000000
v 15.000000 11.000000 -13.000000
v 15.000000 13.000000 -15.000000
v 15.000000 13.000000 -5.000000
v 15.000000 11.000000 -7.000000
v 15.000000 11.000000 -5.000000
v 15.000000 13.000000 -7.000000
v 15.000000 13.000000 7.000000
v 15.000000 11.000000 5.000000
v 15.000000 11.000000 7.000000
v 15.000000 13.000000 5.000000
v 15.000000 13.000000 15.000000
v 15.000000 11.000000 13.000000
v 15.000000 11.000000 15.000000
v 15.000000 13.000000 13.000000
v -15.000000 67.000000 7.000000
v -15.000000 65.000000 5.000000
v -15.000000 65.000000 7.000000
v -15.000000 67.000000 5.000000
v -15.000000 67.000000 -5.000000
v -15.000000 65.000000 -7.000000
v -15.000000 65.000000 -5.000000
v -15.000000 67.000000 -7.000000
v -15.000000 57.000000 -3.000000
v -15.000000 55.000000 -5.000000
v -15.000000 55.000000 -3.000000
v -15.000000 57.000000 -5.000000
v -15.000000 57.000000 5.000000
v -15.000000 55.000000 3.000000
v -15.000000 55.000000 5.000000
v -15.000000 57.000000 3.000000
v -15.000000 21.000000 -3.000000
v -15.000000 19.000000 -5.000000
v -15.000000 19.000000 -3.000000
v -15.000000 21.000000 -5.000000
v -15.000000 21.000000 5.000000
v -15.000000 19.000000 3.000000
v -15.000000 19.000000 5.000000
v -15.000000 21.000000 3.000000
v -15.000000 11.000000 -13.000000
v -15.000000 7.000000 -15.000000
v -15.000000 7.000000 -13.000000
v -15.000000 11.000000 -15.000000
v -15.000000 11.000000 -5.000000
v -15.000000 9.000000 -7.000000
v -15.000000 9.000000 -5.000000
v -15.000000 11.000000 -7.000000
v -15.000000 11.000000 7.000000
v -15.000000 9.000000 5.000000
v -15.000000 9.000000 7.000000
v -15.000000 11.000000 5.000000
v -15.000000 11.000000 15.000000
v -15.000000 7.000000 13.000000
v -15.000000 7.000000 15.000000
v -15.000000 11.000000 13.000000
v -17.000000 59.000000 5.000000
v -17.000000 57.000000 3.000000
v -17.000000 57.000000 5.000000
v -17.000000 59.000000 3.000000
v -17.000000 59.000000 -3.000000
v -17.000000 57.000000 -5.000000
v -17.000000 57.000000 -3.000000
v -17.000000 59.000000 -5.000000
v -17.000000 45.000000 -3.000000
v -17.000000 43.000000 -5.000000
v -17.000000 43.000000 -3.000000
v -17.000000 45.000000 -5.000000
v -17.000000 45.000000 5.000000
v -17.000000 43.000000 3.000000
v -17.000000 43.000000 5.000000
v -17.000000 45.000000 3.000000
v -17.000000 33.000000 -3.000000
v -17.000000 31.000000 -5.000000
v -17.000000 31.000000 -3.000000
v -17.000000 33.000000 -5.000000
v -17.000000 33.000000 5.000000
v -17.000000 31.000000 3.000000
v -17.000000 31.000000 5.000000
v -17.000000 33.000000 3.000000
v -17.000000 19.000000 -3.000000
v -17.000000 17.000000 -5.000000
v -17.000000 17.000000 -3.000000
v -17.000000 19.000000 -5.000000
v -17.000000 19.000000 5.000000
v -17.000000 17.000000 3.000000
v -17.000000 17.000000 5.000000
v -17.000000 19.000000 3.000000
v -17.000000 7.000000 -15.000000
v -17.000000 1.000000 -17.000000
v -17.000000 1.000000 -15.000000
v -17.000000 7.000000 -17.000000
v -17.000000 7.000000 17.000000
v -17.000000 1.000000 15.000000
v -17.000000 1.000000 17.000000
v -17.000000 7.000000 15.000000
v 17.000000 57.000000 5.000000
v 17.000000 55.000000 3.000000
v 17.000000 55.000000 5.000000
v 17.000000 57.000000 3.000000
v 17.000000 57.000000 -3.000000
v 17.000000 55.000000 -5.000000
v 17.000000 55.000000 -3.000000
v 17.000000 57.000000 -5.000000
v 17.000000 21.000000 -3.000000
v 17.000000 19.000000 -5.000000
v 17.000000 19.000000 -3.000000
v 17.000000 21.000000 -5.000000
v 17.000000 21.000000 5.000000
v 17.000000 19.000000 3.000000
v 17.000000 19.000000 5.000000
v 17.000000 21.000000 3.000000
v 17.000000 11.000000 -13.000000
v 17.000000 7.000000 -15.000000
v 17.000000 7.000000 -13.000000
v 17.000000 11.000000 -15.000000
v 17.000000 11.000000 15.000000
v 17.000000 7.000000 13.000000
v 17.000000 7.000000 15.000000
v 17.000000 11.000000 13.000000
v -19.000000 65.000000 7.000000
v -19.000000 63.000000 5.000000
v -19.000000 63.000000 7.000000
v -19.000000 65.000000 5.000000
v -19.000000 65.000000 -5.000000
v -19.000000 63.000000 -7.000000
v -19.000000 63.000000 -5.000000
v -19.000000 65.000000 -7.000000
v -19.000000 61.000000 5.000000
v -19.000000 59.000000 3.000000
v -19.000000 59.000000 5.000000
v -19.000000 61.000000 -5.000000
v -19.000000 59.000000 -3.000000
v -19.000000 59.000000 -5.000000
v -19.000000 17.000000 5.000000
v -19.000000 15.000000 3.000000
v -19.000000 15.000000 5.000000
v -19.000000 17.000000 -5.000000
v -19.000000 15.000000 -3.000000
v -19.000000 15.000000 -5.000000
v -19.000000 13.000000 -5.000000
v -19.000000 11.000000 -7.000000
v -19.000000 11.000000 -5.000000
v -19.000000 13.000000 -7.000000
v -19.000000 13.000000 7.000000
v -19.000000 11.000000 5.000000
v -19.000000 11.000000 7.000000
v -19.000000 13.000000 5.000000
v 19.000000 63.000000 7.000000
v 19.000000 61.000000 5.000000
v 19.000000 61.000000 7.000000
v 19.000000 63.000000 5.000000
v 19.000000 63.000000 -5.000000
v 19.000000 61.000000 -7.000000
v 19.000000 61.000000 -5.000000
v 19.000000 63.000000 -7.000000
v 19.000000 59.000000 5.000000
v 19.000000 57.000000 3.000000
v 19.000000 57.000000 5.000000
v 19.000000 59.000000 -5.000000
v 19.000000 57.000000 -3.000000
v 19.000000 55.000000 -3.000000
v 19.000000 57.000000 -5.000000
v 19.000000 55.000000 3.000000
v 19.000000 53.000000 -3.000000
v 19.000000 53.000000 3.000000
v 19.000000 19.000000 -3.000000
v 19.000000 17.000000 -5.000000
v 19.000000 17.000000 -3.000000
v 19.000000 19.000000 -5.000000
v 19.000000 19.000000 5.000000
v 19.000000 17.000000 3.000000
v 19.000000 17.000000 5.000000
v 19.000000 19.000000 3.000000
v 19.000000 15.000000 -5.000000
v 19.000000 13.000000 -7.000000
v 19.000000 13.000000 -5.000000
v 19.000000 15.000000 -7.000000
v 19.000000 15.000000 3.000000
v 19.000000 9.000000 -3.000000
v 19.000000 9.000000 3.000000
v 19.000000 15.000000 -3.000000
v 19.000000 15.000000 7.000000
v 19.000000 13.000000 5.000000
v 19.000000 13.000000 7.000000
v 19.000000 15.000000 5.000000
v 19.000000 7.000000 -15.000000
v 19.000000 1.000000 -17.000000
v 19.000000 1.000000 -15.000000
v 19.000000 7.000000 -17.000000
v 19.000000 7.000000 17.000000
v 19.000000 1.000000 15.000000
v 19.000000 1.000000 17.000000
v 19.000000 7.000000 15.000000
v 21.000000 61.000000 7.000000
v 21.000000 59.000000 5.000000
v 21.000000 59.000000 7.000000
v 21.000000 61.000000 5.000000
v 21.000000 59.000000 -5.000000
v 21.000000 61.000000 -5.000000
v 21.000000 59.000000 -7.000000
v 21.000000 61.000000 -7.000000
v 21.000000 47.000000 -3.000000
v 21.000000 45.000000 -5.000000
v 21.000000 45.000000 -3.000000
v 21.000000 47.000000 -5.000000
v 21.000000 47.000000 5.000000
v 21.000000 45.000000 3.000000
v 21.000000 45.000000 5.000000
v 21.000000 47.000000 3.000000
v 21.000000 31.000000 -3.000000
v 21.000000 29.000000 -5.000000
v 21.000000 29.000000 -3.000000
v 21.000000 31.000000 -5.000000
v 21.000000 31.000000 5.000000
v 21.000000 29.000000 3.000000
v 21.000000 29.000000 5.000000
v 21.000000 31.000000 3.000000
v 21.000000 17.000000 7.000000
v 21.000000 15.000000 5.000000
v 21.000000 15.000000 7.000000
v 21.000000 17.000000 5.000000
v 21.000000 15.000000 3.000000
v 21.000000 17.000000 3.000000
v 21.000000 15.000000 -3.000000
v 21.000000 17.000000 -3.000000
v 21.000000 15.000000 -5.000000
v 21.000000 17.000000 -5.000000
v 21.000000 15.000000 -7.000000
v 21.000000 17.000000 -7.000000
v -21.000000 63.000000 7.000000
v -21.000000 61.000000 5.000000
v -21.000000 61.000000 7.000000
v -21.000000 63.000000 5.000000
v -21.000000 63.000000 -5.000000
v -21.000000 61.000000 -7.000000
v -21.000000 61.000000 -5.000000
v -21.000000 63.000000 -7.000000
v -21.000000 59.000000 3.000000
v -21.000000 53.000000 -3.000000
v -21.000000 53.000000 3.000000
v -21.000000 59.000000 -3.000000
v -21.000000 15.000000 -5.000000
v -21.000000 13.000000 -7.000000
v -21.000000 13.000000 -5.000000
v -21.000000 15.000000 -7.000000
v -21.000000 15.000000 3.000000
v -21.000000 9.000000 -3.000000
v -21.000000 9.000000 3.000000
v -21.000000 15.000000 -3.000000
v -21.000000 15.000000 7.000000
v -21.000000 13.000000 5.000000
v -21.000000 13.000000 7.000000
v -21.000000 15.000000 5.000000
v -23.000000 61.000000 7.000000
v -23.000000 59.000000 5.000000
v -23.000000 59.000000 7.000000
v -23.000000 61.000000 5.000000
v -23.000000 61.000000 -5.000000
v -23.000000 59.000000 -7.000000
v -23.000000 59.000000 -5.000000
v -23.000000 61.000000 -7.000000
v -23.000000 47.000000 -3.000000
v -23.000000 45.000000 -5.000000
v -23.000000 45.000000 -3.000000
v -23.000000 47.000000 -5.000000
v -23.000000 47.000000 5.000000
v -23.000000 45.000000 3.000000
v -23.000000 45.000000 5.000000
v -23.000000 47.000000 3.000000
v -23.000000 31.000000 -3.000000
v -23.000000 29.000000 -5.000000
v -23.000000 29.000000 -3.000000
v -23.000000 31.000000 -5.000000
v -23.000000 31.000000 5.000000
v -23.000000 29.000000 3.000000
v -23.000000 29.000000 5.000000
v -23.000000 31.000000 3.000000
v -23.000000 17.000000 -5.000000
v -23.000000 15.000000 -7.000000
v -23.000000 15.000000 -5.000000
v -23.000000 17.000000 -7.000000
v -23.000000 17.000000 7.000000
v -23.000000 15.000000 5.000000
v -23.000000 15.000000 7.000000
v -23.000000 17.000000 5.000000
v 23.000000 59.000000 7.000000
v 23.000000 57.000000 5.000000
v 23.000000 57.000000 7.000000
v 23.000000 59.000000 5.000000
v 23.000000 59.000000 -5.000000
v 23.000000 57.000000 -7.000000
v 23.000000 57.000000 -5.000000
v 23.000000 59.000000 -7.000000
v 23.000000 19.000000 -5.000000
v 23.000000 17.000000 -7.000000
v 23.000000 17.000000 -5.000000
v 23.000000 19.000000 -7.000000
v 23.000000 19.000000 7.000000
v 23.000000 17.000000 5.000000
v 23.000000 17.000000 7.000000
v 23.000000 19.000000 5.000000
v -25.000000 59.000000 7.000000
v -25.000000 55.000000 5.000000
v -25.000000 55.000000 7.000000
v -25.000000 59.000000 5.000000
v -25.000000 59.000000 -5.000000
v -25.000000 55.000000 -7.000000
v -25.000000 55.000000 -5.000000
v -25.000000 59.000000 -7.000000
v -25.000000 21.000000 -5.000000
v -25.000000 17.000000 -7.000000
v -25.000000 17.000000 -5.000000
v -25.000000 21.000000 -7.000000
v -25.000000 21.000000 7.000000
v -25.000000 17.000000 5.000000
v -25.000000 17.000000 7.000000
v -25.000000 21.000000 5.000000
v -25.000000 1.000000 -23.000000
v -25.000000 -1.000000 -25.000000
v -25.000000 -1.000000 -23.000000
v -25.000000 1.000000 -25.000000
v -25.000000 1.000000 25.000000
v -25.000000 -1.000000 23.000000
v -25.000000 -1.000000 25.000000
v -25.000000 1.000000 23.000000
v 25.000000 57.000000 7.000000
v 25.000000 55.000000 5.000000
v 25.000000 55.000000 7.000000
v 25.000000 57.000000 5.000000
v 25.000000 57.000000 -5.000000
v 25.000000 55.000000 -7.000000
v 25.000000 55.000000 -5.000000
v 25.000000 57.000000 -7.000000
v 25.000000 21.000000 -5.000000
v 25.000000 19.000000 -7.000000
v 25.000000 19.000000 -5.000000
v 25.000000 21.000000 -7.000000
v 25.000000 21.000000 7.000000
v 25.000000 19.000000 5.000000
v 25.000000 19.000000 7.000000
v 25.000000 21.000000 5.000000
v 27.000000 55.000000 7.000000
v 27.000000 51.000000 5.000000
v 27.000000 51.000000 7.000000
v 27.000000 55.000000 5.000000
v 27.000000 55.000000 -5.000000
v 27.000000 51.000000 -7.000000
v 27.000000 51.000000 -5.000000
v 27.000000 55.000000 -7.000000
v 27.000000 49.000000 -3.000000
v 27.000000 47.000000 -5.000000
v 27.000000 47.000000 -3.000000
v 27.000000 49.000000 -5.000000
v 27.000000 49.000000 5.000000
v 27.000000 47.000000 3.000000
v 27.000000 47.000000 5.000000
v 27.000000 49.000000 3.000000
v 27.000000 45.000000 -3.000000
v 27.000000 45.000000 3.000000
v 27.000000 41.000000 -3.000000
v 27.000000 41.000000 3.000000
v 27.000000 29.000000 -3.000000
v 27.000000 27.000000 -5.000000
v 27.000000 27.000000 -3.000000
v 27.000000 29.000000 -5.000000
v 27.000000 29.000000 5.000000
v 27.000000 27.000000 3.000000
v 27.000000 27.000000 5.000000
v 27.000000 29.000000 3.000000
v 27.000000 21.000000 -3.000000
v 27.000000 21.000000 3.000000
v 27.000000 25.000000 -5.000000
v 27.000000 21.000000 -7.000000
v 27.000000 21.000000 -5.000000
v 27.000000 25.000000 -7.000000
v 27.000000 25.000000 7.000000
v 27.000000 21.000000 5.000000
v 27.000000 21.000000 7.000000
v 27.000000 25.000000 5.000000
v -27.000000 55.000000 7.000000
v -27.000000 51.000000 5.000000
v -27.000000 51.000000 7.000000
v -27.000000 55.000000 5.000000
v -27.000000 55.000000 -5.000000
v -27.000000 51.000000 -7.000000
v -27.000000 51.000000 -5.000000
v -27.000000 55.000000 -7.000000
v -27.000000 49.000000 5.000000
v -27.000000 47.000000 3.000000
v -27.000000 47.000000 5.000000
v -27.000000 49.000000 -5.000000
v -27.000000 47.000000 -3.000000
v -27.000000 47.000000 -5.000000
v -27.000000 29.000000 5.000000
v -27.000000 27.000000 3.000000
v -27.000000 27.000000 5.000000
v -27.000000 29.000000 -5.000000
v -27.000000 27.000000 -3.000000
v -27.000000 27.000000 -5.000000
v -27.000000 25.000000 -5.000000
v -27.000000 21.000000 -7.000000
v -27.000000 21.000000 -5.000000
v -27.000000 25.000000 -7.000000
v -27.000000 25.000000 7.000000
v -27.000000 21.000000 5.000000
v -27.000000 21.000000 7.000000
v -27.000000 25.000000 5.000000
v 29.000000 51.000000 7.000000
v 29.000000 49.000000 5.000000
v 29.000000 45.000000 7.000000
v 29.000000 47.000000 5.000000
v 29.000000 51.000000 5.000000
v 29.000000 45.000000 5.000000
v 29.000000 49.000000 -5.000000
v 29.000000 51.000000 -5.000000
v 29.000000 51.000000 -7.000000
v 29.000000 45.000000 -7.000000
v 29.000000 47.000000 -5.000000
v 29.000000 45.000000 -5.000000
v 29.000000 49.000000 3.000000
v 29.000000 47.000000 -3.000000
v 29.000000 47.000000 3.000000
v 29.000000 49.000000 -3.000000
v 29.000000 37.000000 3.000000
v 29.000000 31.000000 -3.000000
v 29.000000 31.000000 3.000000
v 29.000000 37.000000 -3.000000
v 29.000000 29.000000 -5.000000
v 29.000000 31.000000 -5.000000
v 29.000000 31.000000 -7.000000
v 29.000000 25.000000 -7.000000
v 29.000000 27.000000 -5.000000
v 29.000000 25.000000 -5.000000
v 29.000000 31.000000 7.000000
v 29.000000 29.000000 5.000000
v 29.000000 25.000000 7.000000
v 29.000000 27.000000 5.000000
v 29.000000 31.000000 5.000000
v 29.000000 25.000000 5.000000
v 29.000000 29.000000 3.000000
v 29.000000 27.000000 -3.000000
v 29.000000 27.000000 3.000000
v 29.000000 29.000000 -3.000000
v -29.000000 51.000000 7.000000
v -29.000000 47.000000 5.000000
v -29.000000 47.000000 7.000000
v -29.000000 51.000000 5.000000
v -29.000000 51.000000 -5.000000
v -29.000000 47.000000 -7.000000
v -29.000000 47.000000 -5.000000
v -29.000000 51.000000 -7.000000
v -29.000000 47.000000 3.000000
v -29.000000 41.000000 -3.000000
v -29.000000 41.000000 3.000000
v -29.000000 47.000000 -3.000000
v -29.000000 39.000000 5.000000
v -29.000000 37.000000 3.000000
v -29.000000 37.000000 5.000000
v -29.000000 39.000000 -5.000000
v -29.000000 37.000000 -3.000000
v -29.000000 37.000000 -5.000000
v -29.000000 29.000000 -5.000000
v -29.000000 25.000000 -7.000000
v -29.000000 25.000000 -5.000000
v -29.000000 29.000000 -7.000000
v -29.000000 29.000000 7.000000
v -29.000000 25.000000 5.000000
v -29.000000 25.000000 7.000000
v -29.000000 29.000000 5.000000
v -29.000000 27.000000 3.000000
v -29.000000 21.000000 -3.000000
v -29.000000 21.000000 3.000000
v -29.000000 27.000000 -3.000000
v -29.000000 1.000000 23.000000
v -29.000000 -1.000000 -23.000000
v -29.000000 -1.000000 23.000000
v -29.000000 1.000000 -23.000000
v 31.000000 45.000000 7.000000
v 31.000000 39.000000 5.000000
v 31.000000 31.000000 7.000000
v 31.000000 37.000000 5.000000
v 31.000000 45.000000 5.000000
v 31.000000 31.000000 5.000000
v 31.000000 39.000000 -5.000000
v 31.000000 45.000000 -5.000000
v 31.000000 45.000000 -7.000000
v 31.000000 31.000000 -7.000000
v 31.000000 37.000000 -5.000000
v 31.000000 31.000000 -5.000000
v 31.000000 39.000000 3.000000
v 31.000000 37.000000 -3.000000
v 31.000000 37.000000 3.000000
v 31.000000 39.000000 -3.000000
v -31.000000 47.000000 7.000000
v -31.000000 29.000000 5.000000
v -31.000000 29.000000 7.000000
v -31.000000 47.000000 5.000000
v -31.000000 47.000000 -5.000000
v -31.000000 29.000000 -7.000000
v -31.000000 29.000000 -5.000000
v -31.000000 47.000000 -7.000000
v -31.000000 37.000000 3.000000
v -31.000000 31.000000 -3.000000
v -31.000000 31.000000 3.000000
v -31.000000 37.000000 -3.000000
v 3.000000 69.000000 5.000000
v 3.000000 67.000000 3.000000
v 3.000000 67.000000 5.000000
v 3.000000 61.000000 3.000000
v 3.000000 69.000000 -5.000000
v 3.000000 45.000000 5.000000
v 3.000000 67.000000 -3.000000
v 3.000000 45.000000 3.000000
v 3.000000 67.000000 -5.000000
v 3.000000 61.000000 -3.000000
v 3.000000 45.000000 -5.000000
v 3.000000 45.000000 -3.000000
v 3.000000 39.000000 -5.000000
v 3.000000 39.000000 -7.000000
v 3.000000 39.000000 3.000000
v 3.000000 37.000000 -3.000000
v 3.000000 37.000000 3.000000
v 3.000000 39.000000 -3.000000
v 3.000000 39.000000 7.000000
v 3.000000 39.000000 5.000000
v 3.000000 31.000000 5.000000
v 3.000000 9.000000 3.000000
v 3.000000 9.000000 5.000000
v 3.000000 7.000000 3.000000
v 3.000000 31.000000 3.000000
v 3.000000 7.000000 -3.000000
v 3.000000 7.000000 5.000000
v 3.000000 9.000000 -3.000000
v 3.000000 7.000000 -5.000000
v 3.000000 9.000000 -5.000000
v 3.000000 31.000000 -3.000000
v 3.000000 31.000000 -5.000000
v 1.000000 35.000000 5.000000
v 1.000000 35.000000 7.000000
v 1.000000 35.000000 -7.000000
v 1.000000 35.000000 -5.000000
v 1.000000 31.000000 -9.000000
v 1.000000 31.000000 -7.000000
v 1.000000 35.000000 -9.000000
v 1.000000 35.000000 9.000000
v 1.000000 31.000000 7.000000
v 1.000000 31.000000 9.000000
v 5.000000 67.000000 3.000000
v 5.000000 61.000000 -3.000000
v 5.000000 61.000000 3.000000
v 5.000000 67.000000 -3.000000
v 5.000000 43.000000 -5.000000
v 5.000000 43.000000 -3.000000
v 5.000000 43.000000 3.000000
v 5.000000 43.000000 5.000000
v 5.000000 37.000000 -5.000000
v 5.000000 35.000000 -7.000000
v 5.000000 35.000000 -5.000000
v 5.000000 37.000000 -7.000000
v 5.000000 37.000000 7.000000
v 5.000000 35.000000 5.000000
v 5.000000 35.000000 7.000000
v 5.000000 37.000000 5.000000
v 5.000000 35.000000 -9.000000
v 5.000000 35.000000 9.000000
v 5.000000 33.000000 -3.000000
v 5.000000 33.000000 -5.000000
v 5.000000 33.000000 5.000000
v 5.000000 33.000000 3.000000
v 5.000000 7.000000 3.000000
v 5.000000 1.000000 -3.000000
v 5.000000 1.000000 3.000000
v 5.000000 7.000000 -3.000000
v -1.000000 51.000000 5.000000
v -1.000000 51.000000 3.000000
v -1.000000 51.000000 -3.000000
v -1.000000 51.000000 -5.000000
v -1.000000 27.000000 -9.000000
v -1.000000 27.000000 -7.000000
v -1.000000 25.000000 -5.000000
v -1.000000 25.000000 -3.000000
v -1.000000 25.000000 3.000000
v -1.000000 25.000000 5.000000
v -1.000000 27.000000 7.000000
v -1.000000 27.000000 9.000000
v -3.000000 57.000000 5.000000
v -3.000000 57.000000 3.000000
v -3.000000 57.000000 -3.000000
v -3.000000 57.000000 -5.000000
v -3.000000 25.000000 -11.000000
v -3.000000 25.000000 -9.000000
v -3.000000 27.000000 -11.000000
v -3.000000 27.000000 11.000000
v -3.000000 25.000000 9.000000
v -3.000000 25.000000 11.000000
v -3.000000 19.000000 -5.000000
v -3.000000 19.000000 -3.000000
v -3.000000 19.000000 3.000000
v -3.000000 19.000000 5.000000
v 7.000000 41.000000 -5.000000
v 7.000000 41.000000 -3.000000
v 7.000000 41.000000 3.000000
v 7.000000 41.000000 5.000000
v 7.000000 35.000000 -3.000000
v 7.000000 35.000000 -5.000000
v 7.000000 35.000000 5.000000
v 7.000000 35.000000 3.000000
v 7.000000 31.000000 -7.000000
v 7.000000 27.000000 -7.000000
v 7.000000 31.000000 -9.000000
v 7.000000 31.000000 9.000000
v 7.000000 27.000000 7.000000
v 7.000000 31.000000 7.000000
v -5.000000 67.000000 7.000000
v -5.000000 65.000000 5.000000
v -5.000000 65.000000 7.000000
v -5.000000 67.000000 5.000000
v -5.000000 67.000000 -5.000000
v -5.000000 65.000000 -7.000000
v -5.000000 65.000000 -5.000000
v -5.000000 67.000000 -7.000000
v -5.000000 65.000000 3.000000
v -5.000000 63.000000 -3.000000
v -5.000000 63.000000 3.000000
v -5.000000 59.000000 -3.000000
v -5.000000 65.000000 -3.000000
v -5.000000 63.000000 -5.000000
v -5.000000 59.000000 3.000000
v -5.000000 63.000000 5.000000
v -5.000000 47.000000 -3.000000
v -5.000000 47.000000 -5.000000
v -5.000000 47.000000 5.000000
v -5.000000 47.000000 3.000000
v -5.000000 29.000000 -5.000000
v -5.000000 29.000000 -3.000000
v -5.000000 29.000000 3.000000
v -5.000000 29.000000 5.000000
v -5.000000 21.000000 -11.000000
v -5.000000 21.000000 -9.000000
v -5.000000 21.000000 9.000000
v -5.000000 21.000000 11.000000
v -5.000000 13.000000 -5.000000
v -5.000000 13.000000 -3.000000
v -5.000000 13.000000 3.000000
v -5.000000 13.000000 5.000000
v -5.000000 11.000000 -5.000000
v -5.000000 9.000000 -7.000000
v -5.000000 9.000000 -5.000000
v -5.000000 11.000000 -7.000000
v -5.000000 11.000000 7.000000
v -5.000000 9.000000 5.000000
v -5.000000 9.000000 7.000000
v -5.000000 11.000000 5.000000
v -5.000000 9.000000 3.000000
v -5.000000 3.000000 -3.000000
v -5.000000 3.000000 3.000000
v -5.000000 9.000000 -3.000000
v 9.000000 51.000000 3.000000
v 9.000000 51.000000 5.000000
v 9.000000 51.000000 -5.000000
v 9.000000 51.000000 -3.000000
v 9.000000 39.000000 -5.000000
v 9.000000 39.000000 -3.000000
v 9.000000 39.000000 3.000000
v 9.000000 39.000000 5.000000
v 9.000000 37.000000 -3.000000
v 9.000000 37.000000 -5.000000
v 9.000000 37.000000 5.000000
v 9.000000 37.000000 3.000000
v 9.000000 27.000000 -9.000000
v 9.000000 27.000000 -11.000000
v 9.000000 27.000000 11.000000
v 9.000000 27.000000 9.000000
v 9.000000 25.000000 -3.000000
v 9.000000 25.000000 -5.000000
v 9.000000 25.000000 5.000000
v 9.000000 25.000000 3.000000
v 11.000000 71.000000 7.000000
v 11.000000 69.000000 5.000000
v 11.000000 69.000000 7.000000
v 11.000000 71.000000 5.000000
v 11.000000 71.000000 -5.000000
v 11.000000 69.000000 -7.000000
v 11.000000 69.000000 -5.000000
v 11.000000 71.000000 -7.000000
v 11.000000 59.000000 -3.000000
v 11.000000 57.000000 -5.000000
v 11.000000 57.000000 -3.000000
v 11.000000 59.000000 3.000000
v 11.000000 57.000000 5.000000
v 11.000000 57.000000 3.000000
v 11.000000 45.000000 -5.000000
v 11.000000 45.000000 -3.000000
v 11.000000 45.000000 3.000000
v 11.000000 45.000000 5.000000
v 11.000000 31.000000 -3.000000
v 11.000000 31.000000 -5.000000
v 11.000000 31.000000 5.000000
v 11.000000 31.000000 3.000000
v 11.000000 25.000000 -9.000000
v 11.000000 21.000000 -9.000000
v 11.000000 25.000000 -11.000000
v 11.000000 25.000000 11.000000
v 11.000000 21.000000 9.000000
v 11.000000 25.000000 9.000000
v 11.000000 19.000000 -3.000000
v 11.000000 19.000000 -5.000000
v 11.000000 19.000000 5.000000
v 11.000000 19.000000 3.000000
v 11.000000 7.000000 -5.000000
v 11.000000 5.000000 -7.000000
v 11.000000 5.000000 -5.000000
v 11.000000 7.000000 -7.000000
v 11.000000 7.000000 7.000000
v 11.000000 5.000000 5.000000
v 11.000000 5.000000 7.000000
v 11.000000 7.000000 5.000000
v -7.000000 67.000000 5.000000
v -7.000000 65.000000 3.000000
v -7.000000 65.000000 5.000000
v -7.000000 67.000000 -5.000000
v -7.000000 65.000000 -3.000000
v -7.000000 65.000000 -5.000000
v -7.000000 51.000000 -3.000000
v -7.000000 51.000000 -5.000000
v -7.000000 51.000000 5.000000
v -7.000000 51.000000 3.000000
v -7.000000 27.000000 -5.000000
v -7.000000 27.000000 -3.000000
v -7.000000 27.000000 3.000000
v -7.000000 27.000000 5.000000
v -7.000000 17.000000 -13.000000
v -7.000000 17.000000 -11.000000
v -7.000000 21.000000 -13.000000
v -7.000000 21.000000 13.000000
v -7.000000 17.000000 11.000000
v -7.000000 17.000000 13.000000
v -7.000000 11.000000 3.000000
v -7.000000 11.000000 5.000000
v -7.000000 9.000000 3.000000
v -7.000000 9.000000 -3.000000
v -7.000000 9.000000 5.000000
v -7.000000 11.000000 -3.000000
v -7.000000 9.000000 -5.000000
v -7.000000 11.000000 -5.000000
v 13.000000 67.000000 5.000000
v 13.000000 65.000000 3.000000
v 13.000000 65.000000 5.000000
v 13.000000 63.000000 3.000000
v 13.000000 67.000000 -5.000000
v 13.000000 63.000000 5.000000
v 13.000000 65.000000 -3.000000
v 13.000000 65.000000 -5.000000
v 13.000000 63.000000 -5.000000
v 13.000000 63.000000 -3.000000
v 13.000000 47.000000 -5.000000
v 13.000000 47.000000 -3.000000
v 13.000000 47.000000 3.000000
v 13.000000 47.000000 5.000000
v 13.000000 29.000000 -3.000000
v 13.000000 29.000000 -5.000000
v 13.000000 29.000000 5.000000
v 13.000000 29.000000 3.000000
v 13.000000 21.000000 -11.000000
v 13.000000 21.000000 -13.000000
v 13.000000 21.000000 13.000000
v 13.000000 21.000000 11.000000
v 13.000000 13.000000 5.000000
v 13.000000 11.000000 3.000000
v 13.000000 11.000000 5.000000
v 13.000000 9.000000 3.000000
v 13.000000 13.000000 3.000000
v 13.000000 9.000000 -3.000000
v 13.000000 9.000000 5.000000
v 13.000000 11.000000 -3.000000
v 13.000000 9.000000 -5.000000
v 13.000000 11.000000 -5.000000
v 13.000000 13.000000 -3.000000
v 13.000000 13.000000 -5.000000
v -9.000000 53.000000 5.000000
v -9.000000 53.000000 3.000000
v -9.000000 53.000000 -3.000000
v -9.000000 53.000000 -5.000000
v -9.000000 23.000000 -5.000000
v -9.000000 23.000000 -3.000000
v -9.000000 23.000000 3.000000
v -9.000000 23.000000 5.000000
v -9.000000 13.000000 -13.000000
v -9.000000 13.000000 -11.000000
v -9.000000 13.000000 11.000000
v -9.000000 13.000000 13.000000
v 15.000000 69.000000 7.000000
v 15.000000 67.000000 5.000000
v 15.000000 67.000000 7.000000
v 15.000000 69.000000 5.000000
v 15.000000 69.000000 -5.000000
v 15.000000 67.000000 -7.000000
v 15.000000 67.000000 -5.000000
v 15.000000 69.000000 -7.000000
v 15.000000 65.000000 3.000000
v 15.000000 59.000000 -3.000000
v 15.000000 59.000000 3.000000
v 15.000000 65.000000 -3.000000
v 15.000000 51.000000 -5.000000
v 15.000000 51.000000 -3.000000
v 15.000000 51.000000 3.000000
v 15.000000 51.000000 5.000000
v 15.000000 41.000000 -5.000000
v 15.000000 41.000000 -3.000000
v 15.000000 41.000000 3.000000
v 15.000000 41.000000 5.000000
v 15.000000 35.000000 -3.000000
v 15.000000 35.000000 -5.000000
v 15.000000 35.000000 5.000000
v 15.000000 35.000000 3.000000
v 15.000000 27.000000 -3.000000
v 15.000000 27.000000 -5.000000
v 15.000000 27.000000 5.000000
v 15.000000 27.000000 3.000000
v 15.000000 17.000000 -11.000000
v 15.000000 13.000000 -11.000000
v 15.000000 17.000000 -13.000000
v 15.000000 17.000000 13.000000
v 15.000000 13.000000 11.000000
v 15.000000 17.000000 11.000000
v 15.000000 9.000000 -5.000000
v 15.000000 7.000000 -7.000000
v 15.000000 7.000000 -5.000000
v 15.000000 9.000000 -7.000000
v 15.000000 9.000000 3.000000
v 15.000000 3.000000 -3.000000
v 15.000000 3.000000 3.000000
v 15.000000 9.000000 -3.000000
v 15.000000 9.000000 7.000000
v 15.000000 7.000000 5.000000
v 15.000000 7.000000 7.000000
v 15.000000 9.000000 5.000000
v -11.000000 65.000000 7.000000
v -11.000000 63.000000 5.000000
v -11.000000 63.000000 7.000000
v -11.000000 65.000000 5.000000
v -11.000000 65.000000 -5.000000
v -11.000000 63.000000 -7.000000
v -11.000000 63.000000 -5.000000
v -11.000000 65.000000 -7.000000
v -11.000000 55.000000 -3.000000
v -11.000000 55.000000 -5.000000
v -11.000000 55.000000 5.000000
v -11.000000 55.000000 3.000000
v -11.000000 45.000000 -3.000000
v -11.000000 45.000000 -5.000000
v -11.000000 45.000000 5.000000
v -11.000000 45.000000 3.000000
v -11.000000 31.000000 -5.000000
v -11.000000 31.000000 -3.000000
v -11.000000 31.000000 3.000000
v -11.000000 31.000000 5.000000
v -11.000000 21.000000 -5.000000
v -11.000000 21.000000 -3.000000
v -11.000000 21.000000 3.000000
v -11.000000 21.000000 5.000000
v -11.000000 11.000000 -15.000000
v -11.000000 11.000000 -13.000000
v -11.000000 13.000000 -15.000000
v -11.000000 13.000000 -5.000000
v -11.000000 11.000000 -7.000000
v -11.000000 11.000000 -5.000000
v -11.000000 13.000000 -7.000000
v -11.000000 13.000000 7.000000
v -11.000000 11.000000 5.000000
v -11.000000 11.000000 7.000000
v -11.000000 13.000000 5.000000
v -11.000000 13.000000 15.000000
v -11.000000 11.000000 13.000000
v -11.000000 11.000000 15.000000
v 17.000000 53.000000 3.000000
v 17.000000 53.000000 5.000000
v 17.000000 53.000000 -5.000000
v 17.000000 53.000000 -3.000000
v 17.000000 23.000000 -3.000000
v 17.000000 23.000000 -5.000000
v 17.000000 23.000000 5.000000
v 17.000000 23.000000 3.000000
v 17.000000 13.000000 -13.000000
v 17.000000 13.000000 -15.000000
v 17.000000 13.000000 15.000000
v 17.000000 13.000000 13.000000
v -13.000000 57.000000 5.000000
v -13.000000 57.000000 3.000000
v -13.000000 57.000000 -3.000000
v -13.000000 57.000000 -5.000000
v -13.000000 19.000000 -5.000000
v -13.000000 19.000000 -3.000000
v -13.000000 19.000000 3.000000
v -13.000000 19.000000 5.000000
v -13.000000 7.000000 -15.000000
v -13.000000 7.000000 -13.000000
v -13.000000 7.000000 13.000000
v -13.000000 7.000000 15.000000
v -15.000000 63.000000 7.000000
v -15.000000 61.000000 5.000000
v -15.000000 61.000000 7.000000
v -15.000000 63.000000 5.000000
v -15.000000 63.000000 -5.000000
v -15.000000 61.000000 -7.000000
v -15.000000 61.000000 -5.000000
v -15.000000 63.000000 -7.000000
v -15.000000 59.000000 5.000000
v -15.000000 59.000000 -5.000000
v -15.000000 53.000000 -3.000000
v -15.000000 53.000000 3.000000
v -15.000000 17.000000 -5.000000
v -15.000000 17.000000 -3.000000
v -15.000000 17.000000 3.000000
v -15.000000 17.000000 5.000000
v -15.000000 15.000000 -5.000000
v -15.000000 13.000000 -7.000000
v -15.000000 13.000000 -5.000000
v -15.000000 15.000000 -7.000000
v -15.000000 15.000000 3.000000
v -15.000000 9.000000 -3.000000
v -15.000000 9.000000 3.000000
v -15.000000 15.000000 -3.000000
v -15.000000 15.000000 7.000000
v -15.000000 13.000000 5.000000
v -15.000000 13.000000 7.000000
v -15.000000 15.000000 5.000000
v -15.000000 1.000000 -17.000000
v -15.000000 1.000000 -15.000000
v -15.000000 7.000000 -17.000000
v -15.000000 7.000000 17.000000
v -15.000000 1.000000 15.000000
v -15.000000 1.000000 17.000000
v 19.000000 67.000000 7.000000
v 19.000000 65.000000 5.000000
v 19.000000 65.000000 7.000000
v 19.000000 67.000000 5.000000
v 19.000000 67.000000 -5.000000
v 19.000000 65.000000 -7.000000
v 19.000000 65.000000 -5.000000
v 19.000000 67.000000 -7.000000
v 19.000000 55.000000 -5.000000
v 19.000000 55.000000 5.000000
v 19.000000 21.000000 -3.000000
v 19.000000 21.000000 -5.000000
v 19.000000 21.000000 5.000000
v 19.000000 21.000000 3.000000
v 19.000000 11.000000 -13.000000
v 19.000000 7.000000 -13.000000
v 19.000000 11.000000 -15.000000
v 19.000000 11.000000 -5.000000
v 19.000000 9.000000 -7.000000
v 19.000000 9.000000 -5.000000
v 19.000000 11.000000 -7.000000
v 19.000000 11.000000 7.000000
v 19.000000 9.000000 5.000000
v 19.000000 9.000000 7.000000
v 19.000000 11.000000 5.000000
v 19.000000 11.000000 15.000000
v 19.000000 7.000000 13.000000
v 19.000000 11.000000 13.000000
v -17.000000 61.000000 7.000000
v -17.000000 59.000000 7.000000
v -17.000000 61.000000 5.000000
v -17.000000 61.000000 -5.000000
v -17.000000 59.000000 -7.000000
v -17.000000 61.000000 -7.000000
v -17.000000 47.000000 -3.000000
v -17.000000 47.000000 -5.000000
v -17.000000 47.000000 5.000000
v -17.000000 47.000000 3.000000
v -17.000000 29.000000 -5.000000
v -17.000000 29.000000 -3.000000
v -17.000000 29.000000 3.000000
v -17.000000 29.000000 5.000000
v -17.000000 17.000000 7.000000
v -17.000000 15.000000 5.000000
v -17.000000 15.000000 7.000000
v -17.000000 15.000000 3.000000
v -17.000000 15.000000 -3.000000
v -17.000000 15.000000 -5.000000
v -17.000000 15.000000 -7.000000
v -17.000000 17.000000 -7.000000
v 21.000000 57.000000 3.000000
v 21.000000 57.000000 5.000000
v 21.000000 59.000000 3.000000
v 21.000000 59.000000 -3.000000
v 21.000000 57.000000 -5.000000
v 21.000000 57.000000 -3.000000
v 21.000000 43.000000 -5.000000
v 21.000000 43.000000 -3.000000
v 21.000000 43.000000 3.000000
v 21.000000 43.000000 5.000000
v 21.000000 33.000000 -3.000000
v 21.000000 33.000000 -5.000000
v 21.000000 33.000000 5.000000
v 21.000000 33.000000 3.000000
v 21.000000 19.000000 -3.000000
v 21.000000 19.000000 -5.000000
v 21.000000 19.000000 5.000000
v 21.000000 19.000000 3.000000
v 21.000000 7.000000 -15.000000
v 21.000000 1.000000 -17.000000
v 21.000000 1.000000 -15.000000
v 21.000000 7.000000 -17.000000
v 21.000000 7.000000 17.000000
v 21.000000 1.000000 15.000000
v 21.000000 1.000000 17.000000
v 21.000000 7.000000 15.000000
v 23.000000 65.000000 7.000000
v 23.000000 63.000000 5.000000
v 23.000000 63.000000 7.000000
v 23.000000 65.000000 5.000000
v 23.000000 65.000000 -5.000000
v 23.000000 63.000000 -7.000000
v 23.000000 63.000000 -5.000000
v 23.000000 65.000000 -7.000000
v 23.000000 61.000000 5.000000
v 23.000000 59.000000 3.000000
v 23.000000 61.000000 -5.000000
v 23.000000 59.000000 -3.000000
v 23.000000 15.000000 3.000000
v 23.000000 15.000000 5.000000
v 23.000000 15.000000 -3.000000
v 23.000000 15.000000 -5.000000
v 23.000000 13.000000 -5.000000
v 23.000000 11.000000 -7.000000
v 23.000000 11.000000 -5.000000
v 23.000000 13.000000 -7.000000
v 23.000000 13.000000 7.000000
v 23.000000 11.000000 5.000000
v 23.000000 11.000000 7.000000
v 23.000000 13.000000 5.000000
v -19.000000 59.000000 7.000000
v -19.000000 57.000000 5.000000
v -19.000000 57.000000 7.000000
v -19.000000 57.000000 -7.000000
v -19.000000 57.000000 -5.000000
v -19.000000 59.000000 -7.000000
v -19.000000 19.000000 -5.000000
v -19.000000 17.000000 -7.000000
v -19.000000 19.000000 -7.000000
v -19.000000 19.000000 7.000000
v -19.000000 17.000000 7.000000
v -19.000000 19.000000 5.000000
v 25.000000 63.000000 7.000000
v 25.000000 61.000000 5.000000
v 25.000000 61.000000 7.000000
v 25.000000 63.000000 5.000000
v 25.000000 63.000000 -5.000000
v 25.000000 61.000000 -7.000000
v 25.000000 61.000000 -5.000000
v 25.000000 63.000000 -7.000000
v 25.000000 59.000000 3.000000
v 25.000000 53.000000 -3.000000
v 25.000000 53.000000 3.000000
v 25.000000 59.000000 -3.000000
v 25.000000 15.000000 -5.000000
v 25.000000 13.000000 -7.000000
v 25.000000 13.000000 -5.000000
v 25.000000 15.000000 -7.000000
v 25.000000 15.000000 3.000000
v 25.000000 9.000000 -3.000000
v 25.000000 9.000000 3.000000
v 25.000000 15.000000 -3.000000
v 25.000000 15.000000 7.000000
v 25.000000 13.000000 5.000000
v 25.000000 13.000000 7.000000
v 25.000000 15.000000 5.000000
v -21.000000 57.000000 7.000000
v -21.000000 55.000000 5.000000
v -21.000000 55.000000 7.000000
v -21.000000 57.000000 5.000000
v -21.000000 57.000000 -5.000000
v -21.000000 55.000000 -7.000000
v -21.000000 55.000000 -5.000000
v -21.000000 57.000000 -7.000000
v -21.000000 21.000000 -5.000000
v -21.000000 19.000000 -7.000000
v -21.000000 19.000000 -5.000000
v -21.000000 21.000000 -7.000000
v -21.000000 21.000000 7.000000
v -21.000000 19.000000 5.000000
v -21.000000 19.000000 7.000000
v -21.000000 21.000000 5.000000
v -23.000000 55.000000 7.000000
v -23.000000 51.000000 5.000000
v -23.000000 51.000000 7.000000
v -23.000000 55.000000 5.000000
v -23.000000 55.000000 -5.000000
v -23.000000 51.000000 -7.000000
v -23.000000 51.000000 -5.000000
v -23.000000 55.000000 -7.000000
v -23.000000 49.000000 -3.000000
v -23.000000 49.000000 -5.000000
v -23.000000 49.000000 5.000000
v -23.000000 49.000000 3.000000
v -23.000000 41.000000 -3.000000
v -23.000000 41.000000 3.000000
v -23.000000 27.000000 -5.000000
v -23.000000 27.000000 -3.000000
v -23.000000 27.000000 3.000000
v -23.000000 27.000000 5.000000
v -23.000000 21.000000 -3.000000
v -23.000000 21.000000 3.000000
v -23.000000 25.000000 -5.000000
v -23.000000 21.000000 -7.000000
v -23.000000 21.000000 -5.000000
v -23.000000 25.000000 -7.000000
v -23.000000 25.000000 7.000000
v -23.000000 21.000000 5.000000
v -23.000000 21.000000 7.000000
v -23.000000 25.000000 5.000000
v 27.000000 61.000000 7.000000
v 27.000000 59.000000 5.000000
v 27.000000 59.000000 7.000000
v 27.000000 61.000000 5.000000
v 27.000000 61.000000 -5.000000
v 27.000000 59.000000 -7.000000
v 27.000000 59.000000 -5.000000
v 27.000000 61.000000 -7.000000
v 27.000000 45.000000 -5.000000
v 27.000000 45.000000 5.000000
v 27.000000 31.000000 -3.000000
v 27.000000 31.000000 -5.000000
v 27.000000 31.000000 5.000000
v 27.000000 31.000000 3.000000
v 27.000000 17.000000 -5.000000
v 27.000000 15.000000 -7.000000
v 27.000000 15.000000 -5.000000
v 27.000000 17.000000 -7.000000
v 27.000000 17.000000 7.000000
v 27.000000 15.000000 5.000000
v 27.000000 15.000000 7.000000
v 27.000000 17.000000 5.000000
v 29.000000 59.000000 7.000000
v 29.000000 55.000000 5.000000
v 29.000000 55.000000 7.000000
v 29.000000 59.000000 5.000000
v 29.000000 59.000000 -5.000000
v 29.000000 55.000000 -7.000000
v 29.000000 55.000000 -5.000000
v 29.000000 59.000000 -7.000000
v 29.000000 21.000000 -5.000000
v 29.000000 17.000000 -7.000000
v 29.000000 17.000000 -5.000000
v 29.000000 21.000000 -7.000000
v 29.000000 21.000000 7.000000
v 29.000000 17.000000 5.000000
v 29.000000 17.000000 7.000000
v 29.000000 21.000000 5.000000
v 29.000000 1.000000 -23.000000
v 29.000000 -1.000000 -25.000000
v 29.000000 -1.000000 -23.000000
v 29.000000 1.000000 -25.000000
v 29.000000 1.000000 25.000000
v 29.000000 -1.000000 23.000000
v 29.000000 -1.000000 25.000000
v 29.000000 1.000000 23.000000
v -25.000000 51.000000 7.000000
v -25.000000 49.000000 5.000000
v -25.000000 45.000000 7.000000
v -25.000000 47.000000 5.000000
v -25.000000 51.000000 5.000000
v -25.000000 45.000000 5.000000
v -25.000000 49.000000 -5.000000
v -25.000000 51.000000 -5.000000
v -25.000000 51.000000 -7.000000
v -25.000000 45.000000 -7.000000
v -25.000000 47.000000 -5.000000
v -25.000000 45.000000 -5.000000
v -25.000000 49.000000 3.000000
v -25.000000 47.000000 -3.000000
v -25.000000 47.000000 3.000000
v -25.000000 49.000000 -3.000000
v -25.000000 37.000000 3.000000
v -25.000000 31.000000 -3.000000
v -25.000000 31.000000 3.000000
v -25.000000 37.000000 -3.000000
v -25.000000 29.000000 -5.000000
v -25.000000 31.000000 -5.000000
v -25.000000 31.000000 -7.000000
v -25.000000 25.000000 -7.000000
v -25.000000 27.000000 -5.000000
v -25.000000 25.000000 -5.000000
v -25.000000 31.000000 7.000000
v -25.000000 29.000000 5.000000
v -25.000000 25.000000 7.000000
v -25.000000 27.000000 5.000000
v -25.000000 31.000000 5.000000
v -25.000000 25.000000 5.000000
v -25.000000 29.000000 3.000000
v -25.000000 27.000000 -3.000000
v -25.000000 27.000000 3.000000
v -25.000000 29.000000 -3.000000
v 31.000000 55.000000 7.000000
v 31.000000 51.000000 5.000000
v 31.000000 51.000000 7.000000
v 31.000000 55.000000 5.000000
v 31.000000 55.000000 -5.000000
v 31.000000 51.000000 -7.000000
v 31.000000 51.000000 -5.000000
v 31.000000 55.000000 -7.000000
v 31.000000 49.000000 5.000000
v 31.000000 47.000000 3.000000
v 31.000000 47.000000 5.000000
v 31.000000 49.000000 -5.000000
v 31.000000 47.000000 -3.000000
v 31.000000 47.000000 -5.000000
v 31.000000 29.000000 5.000000
v 31.000000 27.000000 3.000000
v 31.000000 27.000000 5.000000
v 31.000000 29.000000 -5.000000
v 31.000000 27.000000 -3.000000
v 31.000000 27.000000 -5.000000
v 31.000000 25.000000 -5.000000
v 31.000000 21.000000 -7.000000
v 31.000000 21.000000 -5.000000
v 31.000000 25.000000 -7.000000
v 31.000000 25.000000 7.000000
v 31.000000 21.000000 5.000000
v 31.000000 21.000000 7.000000
v 31.000000 25.000000 5.000000
v -27.000000 45.000000 7.000000
v -27.000000 39.000000 5.000000
v -27.000000 31.000000 7.000000
v -27.000000 37.000000 5.000000
v -27.000000 45.000000 5.000000
v -27.000000 31.000000 5.000000
v -27.000000 39.000000 -5.000000
v -27.000000 45.000000 -5.000000
v -27.000000 45.000000 -7.000000
v -27.000000 31.000000 -7.000000
v -27.000000 37.000000 -5.000000
v -27.000000 31.000000 -5.000000
v -27.000000 39.000000 3.000000
v -27.000000 37.000000 -3.000000
v -27.000000 37.000000 3.000000
v -27.000000 39.000000 -3.000000
v 33.000000 51.000000 7.000000
v 33.000000 47.000000 5.000000
v 33.000000 47.000000 7.000000
v 33.000000 51.000000 5.000000
v 33.000000 51.000000 -5.000000
v 33.000000 47.000000 -7.000000
v 33.000000 47.000000 -5.000000
v 33.000000 51.000000 -7.000000
v 33.000000 47.000000 3.000000
v 33.000000 41.000000 -3.000000
v 33.000000 41.000000 3.000000
v 33.000000 47.000000 -3.000000
v 33.000000 39.000000 5.000000
v 33.000000 37.000000 3.000000
v 33.000000 37.000000 5.000000
v 33.000000 39.000000 -5.000000
v 33.000000 37.000000 -3.000000
v 33.000000 37.000000 -5.000000
v 33.000000 29.000000 -5.000000
v 33.000000 25.000000 -7.000000
v 33.000000 25.000000 -5.000000
v 33.000000 29.000000 -7.000000
v 33.000000 29.000000 7.000000
v 33.000000 25.000000 5.000000
v 33.000000 25.000000 7.000000
v 33.000000 29.000000 5.000000
v 33.000000 27.000000 3.000000
v 33.000000 21.000000 -3.000000
v 33.000000 21.000000 3.000000
v 33.000000 27.000000 -3.000000
v 33.000000 1.000000 23.000000
v 33.000000 -1.000000 -23.000000
v 33.000000 -1.000000 23.000000
v 33.000000 1.000000 -23.000000
v 35.000000 47.000000 7.000000
v 35.000000 29.000000 5.000000
v 35.000000 29.000000 7.000000
v 35.000000 47.000000 5.000000
v 35.000000 47.000000 -5.000000
v 35.000000 29.000000 -7.000000
v 35.000000 29.000000 -5.000000
v 35.000000 47.000000 -7.000000
v 35.000000 37.000000 3.000000
v 35.000000 31.000000 -3.000000
v 35.000000 31.000000 3.000000
v 35.000000 37.000000 -3.000000
vn -0.5774 0.5773 0.5773
vn -0.5774 -0.5773 -0.5773
vn -0.5774 -0.5774 0.5774
vn -0.5774 0.5773 -0.5773
vn -0.0000 -0.0000 1.0000
vn -0.3015 0.3015 -0.9045
vn -0.3015 0.3015 0.9045
vn -0.0000 -0.0000 -1.0000
vn -1.0000 -0.0000 -0.0000
vn -0.3015 -0.3015 -0.9045
vn -0.5773 0.5774 -0.5774
vn -0.5774 0.5773 0.5774
vn -0.3015 -0.3015 0.9045
vn -0.5773 0.5774 -0.5773
vn -0.5773 0.5774 0.5773
vn -0.3015 0.9045 -0.3015
vn -0.3015 0.9045 0.3015
vn -0.5774 0.5773 -0.5774
vn -0.9045 0.3015 0.3015
vn -0.7071 -0.7071 -0.0000
vn -0.9045 0.3015 -0.3015
vn -0.7071 0.7071 -0.0000
vn -0.7071 -0.0000 0.7071
vn -0.7071 -0.0000 -0.7071
vn 1.0000 -0.0000 -0.0000
vn -0.5773 -0.5774 -0.5773
vn -0.0000 -0.0000 -0.0000
vn 0.0001 -0.0000 1.0000
vn -0.5774 0.5774 -0.5773
vn -0.5774 -0.5774 -0.5773
vn -0.5774 -0.5773 0.5773
vn -0.5774 -0.5774 0.5773
vn -0.5774 -0.5773 0.5774
vn -0.5773 0.5773 0.5774
vn -0.9045 -0.3015 0.3015
vn -0.5773 0.5773 -0.5774
vn -0.9045 -0.3015 -0.3015
vn -0.0001 -0.0000 1.0000
vn -0.5773 -0.5773 0.5774
vn -0.5774 -0.5773 -0.5774
vn 0.5773 -0.5774 -0.5774
vn 0.5773 -0.5774 0.5774
vn 0.5774 0.5774 -0.5774
vn 0.5774 0.5773 0.5773
vn 0.5773 0.5774 -0.5774
vn -0.0000 -0.7071 -0.7071
vn -0.0000 -0.7071 0.7071
vn -0.0000 0.7071 -0.7071
vn -0.0000 0.7071 0.7071
vn -0.5773 -0.5774 0.5773
vn 0.7071 -0.0000 -0.7071
vn 0.5773 0.5773 0.5774
vn 0.5773 -0.5774 -0.5773
vn 0.5773 -0.5773 0.5774
vn 0.5774 0.5773 -0.5774
vn -0.3015 -0.9045 -0.3015
vn -0.3015 -0.9045 0.3015
vn -0.5773 -0.5773 -0.5774
vn -0.5773 -0.5774 0.5774
vn -1.0000 -0.0001 -0.0000
vn -0.5773 0.5774 0.5774
vn -0.5773 -0.5774 -0.5774
vn -0.5774 0.5774 0.5773
vn 0.3015 0.3015 -0.9045
vn 0.9045 0.3015 0.3015
vn 0.7071 -0.7071 -0.0000
vn 0.3015 0.3015 0.9045
vn 0.9045 0.3015 -0.3015
vn 0.3015 -0.3015 0.9045
vn 0.3015 -0.3015 -0.9045
vn 0.5774 0.5774 0.5773
vn 0.7071 0.7071 -0.0000
vn 0.7071 -0.0000 0.7071
vn 0.5773 -0.5774 0.5773
vn 0.5773 0.5774 0.5773
vn 0.5774 -0.5773 -0.5773
vn 0.5774 -0.5773 0.5773
vn 0.3015 0.9045 -0.3015
vn 0.3015 0.9045 0.3015
vn 0.5774 -0.5773 -0.5774
vn 0.5774 -0.5774 -0.5773
vn 0.9045 -0.3015 0.3015
vn 0.9045 -0.3015 -0.3015
vn 0.5773 0.5774 -0.5773
vn 0.5774 0.5774 -0.5773
vn 0.5774 -0.5774 0.5773
vn 0.5773 -0.5773 -0.5774
vn 0.5773 0.5773 -0.5774
vn 0.5774 0.5773 0.5774
vn 0.5774 -0.5773 0.5774
vn 0.5774 0.5773 -0.5773
vn 1.0000 -0.0001 -0.0000
vn 0.3015 -0.9045 -0.3015
vn 0.3015 -0.9045 0.3015
vn 0.5773 0.5774 0.5774
vt 0.093777 0.875008
vt 0.140611 0.890610
vt 0.140611 0.875008
vt 0.093764 0.875015
vt 0.093764 0.890617
vt 0.140598 0.890617
vt 0.062511 0.390614
vt 0.078103 0.390614
vt 0.062511 0.375022
vt 0.156261 0.390614
vt 0.171853 0.390614
vt 0.156261 0.375022
vt 0.109383 0.421848
vt 0.124985 0.375014
vt 0.109383 0.375014
vt 0.109390 0.421861
vt 0.124992 0.421861
vt 0.124992 0.375027
vt 0.140636 0.656239
vt 0.156228 0.656239
vt 0.140636 0.640647
vt 0.093760 0.760429
vt 0.093760 0.786440
vt 0.109355 0.765631
vt 0.109347 0.807309
vt 0.093764 0.812507
vt 0.093764 0.828101
vt 0.187511 0.859364
vt 0.203103 0.859364
vt 0.187511 0.843772
vt 0.015636 0.390614
vt 0.031228 0.390614
vt 0.015636 0.375022
vt 0.203136 0.499989
vt 0.218728 0.499989
vt 0.203136 0.484397
vt 0.109386 0.531239
vt 0.124978 0.531239
vt 0.109386 0.515647
vt 0.015642 0.578112
vt 0.031241 0.578112
vt 0.031241 0.546901
vt 0.015634 0.578099
vt 0.031233 0.546888
vt 0.015634 0.546888
vt 0.140633 0.609348
vt 0.156235 0.562514
vt 0.140633 0.562514
vt 0.140640 0.609361
vt 0.156242 0.609361
vt 0.156242 0.562527
vt 0.093760 0.713554
vt 0.093760 0.739565
vt 0.109355 0.718756
vt 0.140653 0.630191
vt 0.156236 0.624993
vt 0.156236 0.609399
vt 0.093761 0.843739
vt 0.109353 0.843739
vt 0.093761 0.828147
vt 0.093760 0.666679
vt 0.093760 0.692690
vt 0.109355 0.671881
vt 0.031222 0.526059
vt 0.015639 0.531257
vt 0.015639 0.546851
vt 0.062511 0.578114
vt 0.078103 0.578114
vt 0.062511 0.562522
vt 0.093760 0.619804
vt 0.093760 0.645815
vt 0.109355 0.625006
vt 0.015653 0.505191
vt 0.031236 0.499993
vt 0.031236 0.484399
vt 0.140635 0.807304
vt 0.140635 0.833315
vt 0.156230 0.812506
vt 0.166684 0.640653
vt 0.171882 0.656236
vt 0.187476 0.656236
vt 0.015636 0.593739
vt 0.031228 0.593739
vt 0.015636 0.578147
vt 0.171886 0.906239
vt 0.187478 0.906239
vt 0.171886 0.890647
vt 0.031277 0.468758
vt 0.078111 0.484360
vt 0.078111 0.468758
vt 0.031264 0.468765
vt 0.031264 0.484367
vt 0.078098 0.484367
vt 0.140647 0.807303
vt 0.156239 0.833311
vt 0.156239 0.807303
vt 0.140636 0.807314
vt 0.140636 0.833322
vt 0.156228 0.833322
vt 0.015636 0.484364
vt 0.031228 0.484364
vt 0.015636 0.468772
vt 0.171883 0.953098
vt 0.187485 0.906264
vt 0.171883 0.906264
vt 0.171890 0.953111
vt 0.187492 0.953111
vt 0.187492 0.906277
vt 0.078136 0.984364
vt 0.093728 0.984364
vt 0.078136 0.968772
vt 0.062511 0.437489
vt 0.078103 0.437489
vt 0.062511 0.421897
vt 0.109388 0.453142
vt 0.109388 0.468741
vt 0.140599 0.468741
vt 0.109401 0.453134
vt 0.140612 0.468733
vt 0.140612 0.453134
vt 0.187508 0.609348
vt 0.203110 0.562514
vt 0.187508 0.562514
vt 0.187515 0.609361
vt 0.203117 0.609361
vt 0.203117 0.562527
vt 0.140635 0.760429
vt 0.140635 0.786440
vt 0.156230 0.765631
vt 0.171903 0.442691
vt 0.187486 0.437493
vt 0.187486 0.421899
vt 0.140635 0.713554
vt 0.140635 0.739565
vt 0.156230 0.718756
vt 0.161441 0.468722
vt 0.156243 0.453139
vt 0.140649 0.453139
vt 0.187508 0.781223
vt 0.203110 0.734389
vt 0.187508 0.734389
vt 0.187515 0.781236
vt 0.203117 0.781236
vt 0.203117 0.734402
vt 0.140635 0.666679
vt 0.140635 0.692690
vt 0.156230 0.671881
vt 0.187528 0.802066
vt 0.203111 0.796868
vt 0.203111 0.781274
vt 0.015652 0.421883
vt 0.062486 0.437485
vt 0.062486 0.421883
vt 0.015639 0.421890
vt 0.015639 0.437492
vt 0.062473 0.437492
vt 0.187511 0.734364
vt 0.203103 0.734364
vt 0.187511 0.718772
vt 0.031263 0.593741
vt 0.031263 0.578142
vt 0.062474 0.593741
vt 0.062487 0.593733
vt 0.031276 0.578134
vt 0.062487 0.578134
vt 0.109361 0.531235
vt 0.062527 0.515633
vt 0.109361 0.515633
vt 0.062514 0.531242
vt 0.062514 0.515640
vt 0.109348 0.531242
vt 0.109364 0.645811
vt 0.093772 0.619803
vt 0.109364 0.619803
vt 0.093761 0.645822
vt 0.093761 0.619814
vt 0.109353 0.645822
vt 0.187509 0.531263
vt 0.203108 0.531263
vt 0.187509 0.562474
vt 0.187517 0.562487
vt 0.203116 0.531276
vt 0.203116 0.562487
vt 0.045520 0.984360
vt 0.045520 0.625030
vt 0.063851 0.984360
vt 0.062531 0.937483
vt 0.093735 0.927087
vt 0.093735 0.921889
vt 0.140611 0.970594
vt 0.117216 0.966925
vt 0.140611 0.984356
vt 0.062515 0.925786
vt 0.093720 0.937483
vt 0.062515 0.921887
vt 0.140601 0.970244
vt 0.117199 0.984359
vt 0.117199 0.967272
vt 0.031261 0.937489
vt 0.046853 0.937489
vt 0.031261 0.921897
vt 0.093735 0.937488
vt 0.093735 0.933589
vt 0.062530 0.921892
vt 0.062531 0.921892
vt 0.093735 0.937486
vt 0.093735 0.932288
vt 0.093721 0.921892
vt 0.062515 0.934369
vt 0.062515 0.937488
vt 0.093720 0.921892
vt 0.062515 0.933589
vt 0.062515 0.937488
vt 0.093738 0.937485
vt 0.093738 0.921885
vt 0.062525 0.924774
vt 0.062530 0.937483
vt 0.093735 0.925786
vt 0.093735 0.921887
vt 0.062515 0.921892
vt 0.062515 0.933944
vt 0.093721 0.937488
vt 0.093738 0.921890
vt 0.062525 0.935179
vt 0.093738 0.937491
vt 0.062515 0.921887
vt 0.062515 0.925006
vt 0.093721 0.937483
vt 0.093723 0.921892
vt 0.062513 0.936813
vt 0.062513 0.937491
vt 0.093721 0.921887
vt 0.062515 0.925431
vt 0.062515 0.937483
vt 0.093728 0.937485
vt 0.085932 0.937485
vt 0.070340 0.921904
vt 0.117200 0.967272
vt 0.140601 0.969501
vt 0.117200 0.984359
vt 0.085913 0.921896
vt 0.062512 0.937489
vt 0.062512 0.936709
vt 0.156240 0.807304
vt 0.140645 0.812506
vt 0.156240 0.833315
vt 0.187476 0.640639
vt 0.171882 0.640639
vt 0.166684 0.656222
vt 0.156240 0.713554
vt 0.140645 0.718756
vt 0.156240 0.739565
vt 0.140649 0.468736
vt 0.156243 0.468736
vt 0.161441 0.453153
vt 0.156240 0.666679
vt 0.140645 0.671881
vt 0.156240 0.692690
vt 0.187514 0.781274
vt 0.187514 0.796868
vt 0.203097 0.802066
vt 0.156240 0.760429
vt 0.140645 0.765631
vt 0.156240 0.786440
vt 0.171889 0.421899
vt 0.171889 0.437493
vt 0.187472 0.442691
vt 0.093772 0.666678
vt 0.109364 0.692686
vt 0.109364 0.666678
vt 0.093761 0.666689
vt 0.093761 0.692697
vt 0.109353 0.692697
vt 0.093772 0.713553
vt 0.109364 0.739561
vt 0.109364 0.713553
vt 0.093761 0.713564
vt 0.093761 0.739572
vt 0.109353 0.739572
vt 0.093772 0.760428
vt 0.109364 0.786436
vt 0.109364 0.760428
vt 0.093761 0.760439
vt 0.093761 0.786447
vt 0.109353 0.786447
vt 0.203116 0.734388
vt 0.197914 0.781225
vt 0.187512 0.734388
vt 0.203110 0.781236
vt 0.187508 0.781236
vt 0.187508 0.734402
vt 0.062474 0.437488
vt 0.015646 0.432289
vt 0.031255 0.421890
vt 0.203116 0.562513
vt 0.197914 0.609350
vt 0.187512 0.562513
vt 0.203110 0.609361
vt 0.187508 0.609361
vt 0.187508 0.562527
vt 0.171895 0.953151
vt 0.182288 0.984349
vt 0.187484 0.968750
vt 0.187485 0.906279
vt 0.179688 0.953102
vt 0.171890 0.937494
vt 0.078112 0.484366
vt 0.031275 0.479164
vt 0.078112 0.468762
vt 0.031266 0.484362
vt 0.031266 0.476562
vt 0.078094 0.468763
vt 0.031264 0.484360
vt 0.031264 0.468758
vt 0.078098 0.468758
vt 0.031239 0.546886
vt 0.023438 0.578103
vt 0.015636 0.546886
vt 0.031233 0.578112
vt 0.015634 0.578112
vt 0.015634 0.546901
vt 0.109353 0.531242
vt 0.062518 0.531242
vt 0.078129 0.515640
vt 0.156241 0.562513
vt 0.151039 0.609350
vt 0.140637 0.562513
vt 0.156237 0.609359
vt 0.148438 0.609359
vt 0.140638 0.562531
vt 0.156235 0.609361
vt 0.140633 0.609361
vt 0.140633 0.562527
vt 0.124991 0.375013
vt 0.119789 0.421850
vt 0.109387 0.375013
vt 0.124987 0.421859
vt 0.117188 0.421859
vt 0.109388 0.375031
vt 0.124985 0.421861
vt 0.109383 0.421861
vt 0.109383 0.375027
vt 0.140612 0.890616
vt 0.093775 0.885414
vt 0.140612 0.875012
vt 0.093766 0.890612
vt 0.093766 0.882812
vt 0.140594 0.875013
vt 0.093764 0.890610
vt 0.093764 0.875008
vt 0.140598 0.875008
vt 0.062489 0.593739
vt 0.031272 0.585938
vt 0.062489 0.578136
vt 0.156235 0.593746
vt 0.140632 0.609357
vt 0.140632 0.562523
vt 0.156260 0.500012
vt 0.161461 0.531227
vt 0.171862 0.500012
vt 0.046881 0.484361
vt 0.031273 0.476562
vt 0.078096 0.468765
vt 0.156266 0.500035
vt 0.156266 0.515625
vt 0.171844 0.531215
vt 0.187491 0.906263
vt 0.182289 0.953100
vt 0.171887 0.906263
vt 0.187487 0.953109
vt 0.179688 0.953109
vt 0.171888 0.906281
vt 0.187485 0.953111
vt 0.171883 0.953111
vt 0.171883 0.906277
vt 0.203108 0.562487
vt 0.187509 0.562487
vt 0.187509 0.531276
vt 0.187512 0.562526
vt 0.203110 0.593745
vt 0.192711 0.609354
vt 0.062487 0.437488
vt 0.015650 0.427086
vt 0.062487 0.421884
vt 0.015639 0.437485
vt 0.015639 0.421883
vt 0.062473 0.421883
vt 0.203113 0.734388
vt 0.192711 0.781225
vt 0.187509 0.734388
s 1
usemtl lambert0.002
f 1/1/1 2/2/2 3/3/3
f 1/4/1 4/5/4 2/6/2
f 5/7/5 6/8/6 7/9/7
f 5/7/5 8/8/8 6/9/6
f 9/7/5 10/8/6 11/9/7
f 9/7/5 12/8/8 10/9/6
f 13/10/6 14/11/9 15/12/10
f 13/10/6 16/11/11 14/12/9
f 17/10/12 18/11/13 19/12/9
f 17/10/12 20/11/7 18/12/13
f 14/10/9 21/11/8 22/12/5
f 14/10/9 23/11/14 21/12/8
f 24/10/15 25/11/8 26/12/5
f 24/10/15 19/11/9 25/12/8
f 27/7/13 28/8/8 29/9/5
f 27/7/13 30/8/10 28/9/8
f 31/7/13 32/8/8 33/9/5
f 31/7/13 34/8/10 32/9/8
f 35/13/1 36/14/16 37/15/17
f 35/16/1 38/17/18 36/18/16
f 39/19/6 40/20/19 41/21/20
f 41/19/20 40/20/19 42/21/20
f 39/22/6 43/23/7 40/24/19
f 41/19/20 42/20/20 44/21/7
f 43/25/7 45/26/21 40/27/19
f 42/19/20 46/20/6 44/21/7
f 43/19/7 47/20/20 45/21/21
f 48/19/20 45/20/21 47/21/20
f 49/19/6 48/20/20 47/21/20
f 48/19/20 49/20/6 50/21/7
f 51/10/6 52/11/8 53/12/8
f 51/10/6 54/11/11 52/12/8
f 55/28/6 56/29/13 57/30/10
f 55/28/6 58/29/7 56/30/13
f 59/10/12 60/11/5 61/12/5
f 59/10/12 62/11/7 60/12/5
f 63/19/13 64/20/21 65/21/22
f 65/19/22 64/20/21 66/21/23
f 63/19/13 67/20/10 64/21/21
f 64/31/21 68/32/24 66/33/23
f 65/19/22 66/20/23 69/21/10
f 64/31/21 70/32/19 68/33/24
f 70/19/19 71/20/13 68/21/24
f 70/19/19 72/20/22 71/21/13
f 73/19/13 72/20/22 70/21/19
f 73/19/13 74/20/10 72/21/22
f 75/19/5 76/20/8 77/21/5
f 75/19/5 78/20/8 76/21/8
f 79/19/5 80/20/8 81/21/5
f 79/19/5 82/20/8 80/21/8
f 83/7/5 84/8/6 85/9/7
f 83/7/5 86/8/8 84/9/6
f 87/7/5 88/8/6 89/9/7
f 87/7/5 90/8/8 88/9/6
f 91/7/13 92/8/8 93/9/5
f 91/7/13 94/8/10 92/9/8
f 95/7/13 96/8/8 97/9/5
f 95/7/13 98/8/10 96/9/8
f 99/10/15 100/11/25 101/12/3
f 99/10/15 102/11/14 100/12/25
f 103/19/5 104/20/8 105/21/5
f 103/19/5 106/20/8 104/21/8
f 107/19/5 108/20/8 109/21/5
f 107/19/5 110/20/8 108/21/8
f 111/10/15 112/11/26 113/12/27
f 111/10/15 114/11/14 112/12/26
f 115/10/5 116/11/13 117/12/9
f 115/10/5 118/11/5 116/12/13
f 119/10/8 120/11/9 121/12/10
f 119/10/8 122/11/8 120/12/9
f 120/10/9 123/11/26 124/12/3
f 120/10/9 125/11/14 123/12/26
f 126/10/15 127/11/26 128/12/3
f 126/10/15 117/11/9 127/12/26
f 129/19/28 130/20/26 131/21/3
f 129/19/28 132/20/8 130/21/26
f 133/19/5 134/20/26 135/21/3
f 133/19/5 136/20/8 134/21/26
f 137/19/5 138/20/8 139/21/5
f 137/19/5 140/20/8 138/21/8
f 141/19/5 142/20/8 143/21/5
f 141/19/5 144/20/8 142/21/8
f 145/7/5 146/8/6 147/9/7
f 145/7/5 148/8/8 146/9/6
f 149/7/5 150/8/6 151/9/7
f 149/7/5 152/8/8 150/9/6
f 153/7/13 154/8/8 155/9/5
f 153/7/13 156/8/10 154/9/8
f 157/7/13 158/8/8 159/9/5
f 157/7/13 160/8/10 158/9/8
f 161/19/5 162/20/8 163/21/5
f 161/19/5 164/20/8 162/21/8
f 165/19/5 166/20/8 167/21/5
f 165/19/5 168/20/8 166/21/8
f 169/10/12 170/11/8 171/12/5
f 169/10/12 172/11/11 170/12/8
f 173/10/12 174/11/8 175/12/5
f 173/10/12 176/11/11 174/12/8
f 177/19/15 178/20/8 179/21/5
f 177/19/15 180/20/14 178/21/8
f 181/19/15 182/20/8 183/21/5
f 181/19/15 184/20/14 182/21/8
f 185/19/15 186/20/8 187/21/5
f 185/19/15 188/20/14 186/21/8
f 189/19/15 190/20/8 191/21/5
f 189/19/15 192/20/14 190/21/8
f 193/10/5 194/11/26 195/12/3
f 193/10/5 196/11/8 194/12/26
f 197/19/5 198/20/26 199/21/3
f 197/19/5 200/20/8 198/21/26
f 201/19/5 202/20/26 203/21/3
f 201/19/5 204/20/8 202/21/26
f 205/10/5 206/11/26 207/12/3
f 205/10/5 208/11/8 206/12/26
f 209/34/1 210/35/6 211/36/7
f 209/34/1 212/35/29 210/36/6
f 213/34/1 214/35/6 215/36/7
f 213/34/1 216/35/29 214/36/6
f 217/19/20 218/20/8 219/21/8
f 220/19/30 217/20/20 219/21/8
f 217/19/20 220/20/30 221/21/3
f 222/19/5 223/20/20 224/21/31
f 223/19/20 225/20/26 224/21/31
f 222/19/5 226/20/5 223/21/20
f 227/19/5 228/20/30 229/21/3
f 227/19/5 230/20/8 228/21/30
f 231/19/5 232/20/30 233/21/3
f 231/19/5 234/20/8 232/21/30
f 235/19/12 236/20/8 237/21/5
f 235/19/12 238/20/11 236/21/8
f 239/19/12 240/20/8 241/21/5
f 239/19/12 242/20/11 240/21/8
f 243/10/15 244/11/27 245/12/3
f 243/10/15 246/11/14 244/12/27
f 247/10/15 248/11/26 249/12/27
f 247/10/15 250/11/14 248/12/26
f 251/19/15 252/20/8 253/21/5
f 251/19/15 254/20/14 252/21/8
f 255/19/15 256/20/8 257/21/5
f 255/19/15 258/20/14 256/21/8
f 259/34/13 260/35/2 261/36/32
f 259/34/13 262/35/10 260/36/2
f 263/34/13 264/35/2 265/36/32
f 263/34/13 266/35/10 264/36/2
f 267/19/15 268/20/8 269/21/5
f 267/19/15 270/20/14 268/21/8
f 271/19/15 272/20/8 273/21/5
f 271/19/15 274/20/14 272/21/8
f 275/19/5 276/20/8 277/21/5
f 275/19/5 278/20/8 276/21/8
f 279/19/5 280/20/8 281/21/5
f 279/19/5 282/20/8 280/21/8
f 283/19/5 284/20/8 285/21/5
f 283/19/5 286/20/8 284/21/8
f 287/19/5 288/20/8 289/21/5
f 287/19/5 290/20/8 288/21/8
f 291/10/23 292/11/30 293/12/3
f 291/10/23 294/11/11 292/12/30
f 295/10/12 296/11/30 297/12/3
f 295/10/12 298/11/8 296/12/30
f 299/19/5 300/20/26 301/21/3
f 299/19/5 302/20/8 300/21/26
f 303/19/5 304/20/26 305/21/3
f 303/19/5 306/20/8 304/21/26
f 307/34/13 308/35/2 309/36/33
f 307/34/13 310/35/10 308/36/2
f 311/34/13 312/35/2 313/36/3
f 311/34/13 314/35/10 312/36/2
f 315/37/34 316/38/21 317/39/19
f 317/40/19 316/41/21 318/42/35
f 315/37/34 319/38/36 316/39/21
f 318/19/35 316/20/21 320/21/14
f 317/43/19 318/44/35 321/45/37
f 322/19/8 318/20/35 320/21/14
f 323/19/15 317/20/19 321/21/37
f 318/19/35 322/20/8 324/21/5
f 323/19/15 321/20/37 325/21/38
f 321/19/37 326/20/8 325/21/38
f 327/19/12 328/20/8 329/21/5
f 327/19/12 330/20/11 328/21/8
f 331/19/12 332/20/8 333/21/5
f 331/19/12 334/20/11 332/21/8
f 335/19/5 336/20/8 337/21/5
f 335/19/5 338/20/8 336/21/8
f 339/19/5 340/20/8 341/21/5
f 339/19/5 342/20/8 340/21/8
f 343/19/5 344/20/8 345/21/5
f 343/19/5 346/20/8 344/21/8
f 347/19/5 348/20/8 349/21/5
f 347/19/5 350/20/8 348/21/8
f 351/19/5 352/20/30 353/21/3
f 351/19/5 354/20/8 352/21/30
f 355/19/5 356/20/30 357/21/3
f 355/19/5 358/20/8 356/21/30
f 359/10/5 360/11/26 361/12/3
f 359/10/5 362/11/8 360/12/26
f 363/10/5 364/11/26 365/12/3
f 363/10/5 366/11/8 364/12/26
f 367/19/5 368/20/26 369/21/3
f 367/19/5 370/20/8 368/21/26
f 371/19/5 372/20/26 373/21/3
f 371/19/5 374/20/8 372/21/26
f 375/34/12 376/35/6 377/36/7
f 375/34/12 378/35/29 376/36/6
f 379/34/1 380/35/6 381/36/7
f 379/34/1 382/35/36 380/36/6
f 383/46/1 384/47/30 385/48/32
f 383/49/1 386/50/18 384/51/30
f 387/19/6 388/20/19 389/21/20
f 389/19/20 388/20/19 390/21/13
f 387/52/6 391/53/7 388/54/19
f 389/19/20 390/20/13 392/21/3
f 391/55/7 393/56/21 388/57/19
f 391/19/7 394/20/20 393/21/21
f 393/19/21 394/20/20 395/21/30
f 393/19/21 395/20/30 396/21/10
f 397/19/5 398/20/26 399/21/3
f 397/19/5 400/20/8 398/21/26
f 401/19/5 402/20/26 403/21/3
f 401/19/5 404/20/8 402/21/26
f 405/19/12 406/20/8 407/21/5
f 405/19/12 408/20/11 406/21/8
f 409/19/12 410/20/8 411/21/5
f 409/19/12 412/20/11 410/21/8
f 413/10/15 414/11/8 415/12/5
f 413/10/15 416/11/14 414/12/8
f 417/10/15 418/11/8 419/12/5
f 417/10/15 420/11/14 418/12/8
f 421/19/12 422/20/21 423/21/22
f 423/19/22 422/20/21 424/21/23
f 421/19/12 425/20/11 422/21/21
f 422/58/21 426/59/24 424/60/23
f 423/19/22 424/20/23 427/21/10
f 422/58/21 428/59/19 426/60/24
f 428/19/19 429/20/13 426/21/24
f 428/19/19 430/20/22 429/21/13
f 431/19/12 430/20/22 428/21/19
f 431/19/12 432/20/11 430/21/22
f 433/19/6 434/20/19 435/21/20
f 435/19/20 434/20/19 436/21/5
f 433/61/6 437/62/7 434/63/19
f 435/19/20 436/20/5 438/21/5
f 437/64/7 439/65/21 434/66/19
f 437/19/7 440/20/20 439/21/21
f 439/19/21 440/20/20 441/21/8
f 439/19/21 441/20/8 442/21/8
f 443/19/15 444/20/8 445/21/5
f 443/19/15 446/20/14 444/21/8
f 447/19/15 448/20/8 449/21/5
f 447/19/15 450/20/14 448/21/8
f 451/19/5 452/20/30 453/21/3
f 451/19/5 454/20/8 452/21/30
f 455/19/5 456/20/30 457/21/3
f 455/19/5 458/20/8 456/21/30
f 459/10/23 460/11/26 461/12/3
f 459/10/23 462/11/14 460/12/26
f 463/10/15 464/11/26 465/12/3
f 463/10/15 466/11/27 464/12/26
f 467/19/5 468/20/21 469/21/22
f 469/19/22 468/20/21 470/21/23
f 467/19/5 471/20/8 468/21/21
f 468/67/21 472/68/24 470/69/23
f 469/19/22 470/20/23 473/21/10
f 468/67/21 474/68/19 472/69/24
f 474/19/19 475/20/13 472/21/24
f 474/19/19 476/20/22 475/21/13
f 477/19/5 476/20/22 474/21/19
f 477/19/5 478/20/8 476/21/22
f 479/34/1 480/35/6 481/36/7
f 479/34/1 482/35/36 480/36/6
f 483/34/12 484/35/6 485/36/7
f 483/34/12 486/35/18 484/36/6
f 487/46/12 488/47/30 489/48/32
f 487/49/12 490/50/36 488/51/30
f 491/19/5 492/20/30 493/21/3
f 491/19/5 494/20/8 492/21/30
f 495/19/5 496/20/30 497/21/3
f 495/19/5 498/20/8 496/21/30
f 499/19/5 500/20/2 501/21/3
f 499/19/5 502/20/8 500/21/2
f 503/19/5 504/20/2 505/21/3
f 503/19/5 506/20/8 504/21/2
f 507/19/1 508/20/8 509/21/5
f 507/19/1 510/20/4 508/21/8
f 511/19/1 512/20/8 513/21/5
f 511/19/1 514/20/4 512/21/8
f 515/19/15 516/20/8 517/21/5
f 515/19/15 518/20/14 516/21/8
f 519/19/15 520/20/8 521/21/5
f 519/19/15 522/20/14 520/21/8
f 523/10/15 524/11/25 525/12/3
f 523/10/15 526/11/14 524/12/25
f 527/10/15 528/11/26 529/12/27
f 527/10/15 530/11/14 528/12/26
f 531/34/13 532/35/2 533/36/39
f 531/34/13 534/35/10 532/36/2
f 535/1/1 536/2/30 537/3/32
f 535/4/1 538/5/18 536/6/30
f 539/34/13 540/35/40 541/36/3
f 539/34/13 542/35/10 540/36/40
f 543/19/12 544/20/8 545/21/5
f 543/19/12 546/20/11 544/21/8
f 547/19/12 548/20/8 549/21/5
f 547/19/12 550/20/11 548/21/8
f 551/19/5 552/20/26 553/21/3
f 551/19/5 554/20/8 552/21/26
f 555/19/5 556/20/26 557/21/3
f 555/19/5 558/20/8 556/21/26
f 559/10/5 560/11/26 561/12/3
f 559/10/5 562/11/8 560/12/26
f 563/10/5 564/11/26 565/12/3
f 563/10/5 566/11/8 564/12/26
f 567/19/5 568/20/30 569/21/3
f 567/19/5 570/20/8 568/21/30
f 571/19/5 572/20/30 573/21/3
f 571/19/5 574/20/8 572/21/30
f 575/19/12 576/20/8 577/21/5
f 575/19/12 578/20/11 576/21/8
f 579/19/12 580/20/8 581/21/5
f 579/19/12 582/20/11 580/21/8
f 583/10/12 584/11/8 585/12/5
f 583/10/12 586/11/11 584/12/8
f 587/10/12 588/11/8 589/12/5
f 587/10/12 590/11/11 588/12/8
f 591/34/13 592/35/2 593/36/3
f 591/34/13 594/35/10 592/36/2
f 595/34/13 596/35/2 597/36/3
f 595/34/13 598/35/10 596/36/2
f 599/19/12 600/20/8 601/21/5
f 599/19/12 602/20/11 600/21/8
f 603/19/12 604/20/8 605/21/5
f 603/19/12 606/20/11 604/21/8
f 607/19/1 608/20/8 609/21/5
f 607/19/1 610/20/4 608/21/8
f 611/19/1 612/20/8 613/21/5
f 611/19/1 614/20/4 612/21/8
f 615/19/5 616/20/2 617/21/3
f 615/19/5 618/20/8 616/21/2
f 619/19/5 620/20/2 621/21/3
f 619/19/5 622/20/8 620/21/2
f 623/19/5 624/20/30 625/21/3
f 623/19/5 626/20/8 624/21/30
f 627/19/5 628/20/30 629/21/3
f 627/19/5 630/20/8 628/21/30
f 631/10/23 632/11/30 633/12/3
f 631/10/23 634/11/11 632/12/30
f 635/34/1 636/35/6 637/36/7
f 635/34/1 638/35/4 636/36/6
f 639/34/1 640/35/6 641/36/7
f 639/34/1 642/35/4 640/36/6
f 643/10/12 644/11/30 645/12/3
f 643/10/12 646/11/8 644/12/30
f 647/34/1 648/35/6 649/36/7
f 647/34/1 650/35/4 648/36/6
f 651/34/1 652/35/6 653/36/7
f 651/34/1 654/35/4 652/36/6
f 655/19/25 656/20/30 657/21/41
f 655/19/25 658/20/8 656/21/30
f 659/19/5 660/20/42 661/21/3
f 659/19/5 662/20/25 660/21/42
f 663/19/12 664/20/8 665/21/5
f 663/19/12 666/20/11 664/21/8
f 667/19/12 668/20/8 669/21/5
f 667/19/12 670/20/11 668/21/8
f 671/10/15 672/11/9 673/12/3
f 671/10/15 674/11/14 672/12/9
f 675/34/13 676/35/2 677/36/3
f 675/34/13 678/35/10 676/36/2
f 679/34/13 680/35/2 681/36/3
f 679/34/13 682/35/10 680/36/2
f 683/10/15 684/11/26 685/12/27
f 683/10/15 686/11/14 684/12/26
f 687/19/42 688/20/13 689/21/3
f 687/19/42 690/20/3 688/21/13
f 691/19/30 692/20/30 693/21/10
f 691/19/30 694/20/41 692/21/30
f 695/19/5 696/20/2 697/21/3
f 695/19/5 698/20/8 696/21/2
f 699/19/5 700/20/2 701/21/3
f 699/19/5 702/20/8 700/21/2
f 703/19/1 704/20/8 705/21/5
f 703/19/1 706/20/4 704/21/8
f 707/19/1 708/20/8 709/21/5
f 707/19/1 710/20/4 708/21/8
f 711/19/12 712/20/43 713/21/44
f 711/19/12 714/20/11 712/21/43
f 715/19/12 716/20/45 717/21/44
f 715/19/12 718/20/11 716/21/45
f 719/10/15 720/11/16 721/12/17
f 719/10/15 722/11/14 720/12/16
f 723/10/15 724/11/16 725/12/17
f 723/10/15 726/11/14 724/12/16
f 727/19/12 728/20/8 729/21/5
f 727/19/12 730/20/11 728/21/8
f 731/19/12 732/20/8 733/21/5
f 731/19/12 734/20/11 732/21/8
f 735/19/5 736/20/30 737/21/3
f 735/19/5 738/20/8 736/21/30
f 739/19/5 740/20/30 741/21/3
f 739/19/5 742/20/8 740/21/30
f 743/10/5 744/11/26 745/12/3
f 743/10/5 746/11/8 744/12/26
f 747/10/5 748/11/26 749/12/3
f 747/10/5 750/11/8 748/12/26
f 751/34/1 752/35/6 753/36/7
f 751/34/1 754/35/4 752/36/6
f 755/34/1 756/35/6 757/36/7
f 755/34/1 758/35/4 756/36/6
f 759/19/6 760/20/23 761/21/46
f 759/70/6 762/71/7 760/72/23
f 762/73/7 763/74/24 760/75/23
f 762/19/7 764/20/47 763/21/24
f 765/19/48 766/20/23 767/21/10
f 765/76/48 768/77/49 766/78/23
f 768/79/49 769/80/24 766/81/23
f 768/19/49 770/20/13 769/21/24
f 771/34/13 772/35/2 773/36/3
f 771/34/13 774/35/10 772/36/2
f 775/34/13 776/35/2 777/36/3
f 775/34/13 778/35/10 776/36/2
f 779/34/13 780/35/30 781/36/3
f 779/34/13 782/35/10 780/36/30
f 783/34/13 784/35/30 785/36/3
f 783/34/13 786/35/10 784/36/30
f 787/19/12 788/20/9 789/21/5
f 787/76/12 790/77/36 788/78/9
f 790/79/36 791/80/9 788/81/9
f 788/82/9 791/83/9 792/84/26
f 790/19/36 793/20/8 791/21/9
f 788/82/9 792/83/26 794/84/50
f 794/85/50 792/86/26 795/87/26
f 794/85/50 795/86/26 796/87/3
f 797/19/5 798/20/30 799/21/3
f 797/19/5 800/20/8 798/21/30
f 801/19/5 802/20/30 803/21/3
f 801/19/5 804/20/8 802/21/30
f 805/34/1 806/35/6 807/36/7
f 805/34/1 808/35/14 806/36/6
f 809/88/1 810/89/30 811/90/32
f 809/91/1 812/92/18 810/93/30
f 813/34/1 814/35/6 815/36/7
f 813/34/1 816/35/14 814/36/6
f 817/10/51 818/11/16 819/12/17
f 817/10/51 820/11/14 818/12/16
f 821/10/15 822/11/16 823/12/17
f 821/10/15 824/11/5 822/12/16
f 825/34/13 826/35/50 827/36/3
f 825/34/13 828/35/24 826/36/50
f 828/94/24 829/95/26 826/96/50
f 828/97/24 830/98/23 829/99/26
f 830/34/23 831/35/30 829/36/26
f 830/34/23 832/35/10 831/36/30
f 833/19/1 834/20/8 835/21/5
f 833/19/1 836/20/4 834/21/8
f 837/19/1 838/20/8 839/21/5
f 837/19/1 840/20/4 838/21/8
f 841/19/5 842/20/2 843/21/3
f 841/19/5 844/20/8 842/21/2
f 845/19/5 846/20/2 847/21/3
f 845/19/5 848/20/8 846/21/2
f 849/34/1 850/35/24 851/36/7
f 849/34/1 852/35/12 850/36/24
f 852/19/12 853/20/23 850/21/24
f 852/19/12 854/20/11 853/21/23
f 854/100/11 855/101/24 853/102/23
f 854/100/11 856/101/12 855/102/24
f 856/19/12 857/20/23 855/21/24
f 856/19/12 858/20/36 857/21/23
f 858/34/36 859/35/6 857/36/23
f 858/34/36 860/35/14 859/36/6
f 861/34/1 862/35/6 863/36/7
f 861/34/1 864/35/11 862/36/6
f 865/34/12 866/35/6 867/36/7
f 865/34/12 868/35/14 866/36/6
f 869/88/1 870/89/30 871/90/32
f 869/91/1 872/92/18 870/93/30
f 873/34/13 874/35/30 875/36/3
f 873/34/13 876/35/10 874/36/30
f 877/103/1 878/104/30 879/105/32
f 877/106/1 880/107/18 878/108/30
f 881/34/13 882/35/30 883/36/3
f 881/34/13 884/35/10 882/36/30
f 885/34/1 886/35/6 887/36/7
f 885/34/1 888/35/14 886/36/6
f 889/34/1 890/35/6 891/36/7
f 889/34/1 892/35/14 890/36/6
f 893/19/52 894/20/2 895/21/53
f 893/19/52 896/20/8 894/21/2
f 897/19/5 898/20/54 899/21/3
f 897/19/5 900/20/55 898/21/54
f 901/19/1 902/20/8 903/21/5
f 901/19/1 904/20/4 902/21/8
f 905/19/1 906/20/8 907/21/5
f 905/19/1 908/20/4 906/21/8
f 909/34/13 910/35/30 911/36/3
f 909/34/13 912/35/10 910/36/30
f 913/34/13 914/35/30 915/36/3
f 913/34/13 916/35/10 914/36/30
f 917/34/13 918/35/30 919/36/3
f 917/34/13 920/35/46 918/36/30
f 921/34/47 922/35/30 923/36/3
f 921/34/47 924/35/10 922/36/30
f 925/34/1 926/35/6 927/36/49
f 925/34/1 928/35/14 926/36/6
f 929/34/1 930/35/48 931/36/7
f 929/34/1 932/35/14 930/36/48
f 933/34/15 934/35/6 935/36/7
f 933/34/15 936/35/14 934/36/6
f 937/34/15 938/35/6 939/36/7
f 937/34/15 940/35/14 938/36/6
f 941/34/13 942/35/26 943/36/3
f 941/34/13 944/35/10 942/36/26
f 945/34/13 946/35/26 947/36/3
f 945/34/13 948/35/10 946/36/26
f 949/109/16 950/110/2 951/111/56
f 949/109/16 952/110/18 950/111/2
f 953/109/1 954/110/57 955/111/3
f 953/109/1 956/110/17 954/111/57
f 957/34/13 958/35/30 959/36/3
f 957/34/13 960/35/10 958/36/30
f 961/34/13 962/35/30 963/36/3
f 961/34/13 964/35/10 962/36/30
f 965/34/1 966/35/6 967/36/7
f 965/34/1 968/35/14 966/36/6
f 969/34/1 970/35/6 971/36/7
f 969/34/1 972/35/14 970/36/6
f 973/34/13 974/35/26 975/36/3
f 973/34/13 976/35/10 974/36/26
f 977/34/13 978/35/26 979/36/3
f 977/34/13 980/35/10 978/36/26
f 981/19/12 982/20/8 983/21/12
f 981/19/12 984/20/11 982/21/8
f 985/19/12 986/20/18 987/21/5
f 985/19/12 988/20/11 986/21/18
f 986/112/18 989/113/58 990/114/59
f 990/115/59 989/116/58 991/117/26
f 986/112/18 983/113/12 989/114/58
f 990/118/59 991/119/26 992/120/3
f 993/19/5 994/20/2 995/21/60
f 993/19/5 996/20/8 994/21/2
f 997/19/5 998/20/9 999/21/3
f 997/19/5 1000/20/8 998/21/9
f 998/121/9 1001/122/30 1002/123/39
f 998/124/9 995/125/60 1001/126/30
f 1003/34/15 1004/35/6 1005/36/7
f 1003/34/15 1006/35/14 1004/36/6
f 1007/34/15 1008/35/6 1009/36/7
f 1007/34/15 1010/35/14 1008/36/6
f 1011/34/15 1012/35/6 1013/36/7
f 1011/34/15 1014/35/14 1012/36/6
f 1015/34/15 1016/35/6 1017/36/7
f 1015/34/15 1018/35/14 1016/36/6
f 1019/19/6 1020/20/23 1021/21/10
f 1019/127/6 1022/128/7 1020/129/23
f 1022/130/7 1023/131/24 1020/132/23
f 1022/19/7 1024/20/13 1023/21/24
f 1025/19/6 1026/20/23 1027/21/10
f 1025/133/6 1028/134/7 1026/135/23
f 1028/136/7 1029/137/24 1026/138/23
f 1028/19/7 1030/20/13 1029/21/24
f 1031/34/13 1032/35/26 1033/36/3
f 1031/34/13 1034/35/10 1032/36/26
f 1035/34/13 1036/35/26 1037/36/3
f 1035/34/13 1038/35/10 1036/36/26
f 1039/34/13 1040/35/22 1041/36/59
f 1040/34/22 1042/35/20 1041/36/59
f 1039/34/13 1043/35/10 1040/36/22
f 1042/34/20 1044/35/26 1041/36/59
f 1045/34/22 1046/35/13 1047/36/10
f 1048/34/26 1045/35/22 1047/36/10
f 1049/34/20 1045/35/22 1048/36/26
f 1049/34/20 1048/35/26 1050/36/3
f 1051/112/16 1052/113/34 1053/114/36
f 1051/112/16 1054/113/17 1052/114/34
f 1055/139/2 1056/140/30 1057/141/39
f 1055/142/2 1058/143/50 1056/144/30
f 1059/34/22 1060/35/34 1061/36/29
f 1062/34/6 1059/35/22 1061/36/29
f 1063/34/20 1059/35/22 1062/36/6
f 1063/34/20 1062/35/6 1064/36/7
f 1065/34/1 1066/35/22 1067/36/7
f 1066/34/22 1068/35/20 1067/36/7
f 1065/34/1 1069/35/11 1066/36/22
f 1068/34/20 1070/35/6 1067/36/7
f 1071/28/16 1072/29/34 1073/30/36
f 1071/28/16 1074/29/17 1072/30/34
f 1075/34/61 1076/35/6 1077/36/7
f 1075/34/61 1078/35/11 1076/36/6
f 1079/34/34 1080/35/6 1081/36/7
f 1079/34/34 1082/35/14 1080/36/6
f 1083/121/1 1084/122/30 1085/123/39
f 1083/124/1 1086/125/18 1084/126/30
f 1087/19/6 1088/20/23 1089/21/10
f 1087/145/6 1090/146/7 1088/147/23
f 1090/148/7 1091/149/24 1088/150/23
f 1090/19/7 1092/20/13 1091/21/24
f 1093/34/13 1094/35/26 1095/36/39
f 1093/34/13 1096/35/10 1094/36/26
f 1097/34/13 1098/35/62 1099/36/3
f 1097/34/13 1100/35/10 1098/36/62
f 1101/151/1 1102/152/30 1103/153/32
f 1101/154/1 1104/155/18 1102/156/30
f 1105/109/1 1106/110/30 1107/111/3
f 1105/109/1 1108/110/29 1106/111/30
f 1109/34/13 1110/35/22 1111/36/7
f 1110/34/22 1112/35/20 1111/36/7
f 1109/34/13 1113/35/10 1110/36/22
f 1112/34/20 1114/35/6 1111/36/7
f 1115/34/22 1116/35/13 1117/36/10
f 1118/34/6 1115/35/22 1117/36/10
f 1119/34/20 1115/35/22 1118/36/6
f 1119/34/20 1118/35/6 1120/36/7
f 1121/157/16 1122/158/61 1123/159/18
f 1121/157/16 1124/158/17 1122/159/61
f 1125/34/63 1126/35/26 1127/36/32
f 1125/34/63 1128/35/14 1126/36/26
f 1129/34/63 1130/35/26 1131/36/32
f 1129/34/63 1132/35/14 1130/36/26
f 1133/139/1 1134/140/30 1135/141/32
f 1133/142/1 1136/143/18 1134/144/30
f 1138/20/65 1137/19/64 1139/21/66
f 1138/20/65 1139/19/66 1140/21/66
f 1141/23/67 1137/22/64 1138/24/65
f 1140/20/66 1139/19/66 1142/21/67
f 1143/26/68 1141/25/67 1138/27/65
f 1144/20/64 1140/19/66 1142/21/67
f 1145/20/66 1141/19/67 1143/21/68
f 1143/20/68 1146/19/66 1145/21/66
f 1146/20/66 1147/19/64 1145/21/66
f 1147/20/64 1146/19/66 1148/21/67
f 122/11/8 1149/10/64 119/12/8
f 1150/11/43 1149/10/64 122/12/8
f 1152/29/69 1151/28/64 1153/30/70
f 1154/29/67 1151/28/64 1152/30/69
f 118/11/5 1155/10/71 115/12/5
f 1156/11/67 1155/10/71 118/12/5
f 1158/20/68 1157/19/69 1159/21/72
f 1158/20/68 1159/19/72 1160/21/73
f 1161/20/70 1157/19/69 1158/21/68
f 1162/32/51 1158/31/68 1160/33/73
f 1160/20/73 1159/19/72 1163/21/70
f 1164/32/65 1158/31/68 1162/33/51
f 1165/20/69 1164/19/65 1162/21/51
f 1166/20/72 1164/19/65 1165/21/69
f 1166/20/72 1167/19/69 1164/21/65
f 1168/20/70 1167/19/69 1166/21/72
f 1169/11/69 61/10/5 1170/12/25
f 60/11/5 61/10/5 1169/12/69
f 1171/11/25 53/10/8 1172/12/70
f 52/11/8 53/10/8 1171/12/25
f 1173/11/53 1171/10/25 1174/12/74
f 1175/11/43 1171/10/25 1173/12/53
f 1177/11/53 1176/10/75 1178/12/74
f 1170/11/25 1176/10/75 1177/12/53
f 1180/2/76 1179/1/44 1181/3/77
f 1182/5/43 1179/4/44 1180/6/76
f 1183/8/64 191/7/5 1184/9/67
f 190/8/8 191/7/5 1183/9/64
f 1185/8/64 187/7/5 1186/9/67
f 186/8/8 187/7/5 1185/9/64
f 1188/11/25 1187/10/64 1189/12/70
f 1190/11/43 1187/10/64 1188/12/25
f 1192/11/69 1191/10/71 1193/12/25
f 1194/11/67 1191/10/71 1192/12/69
f 196/11/8 1188/10/25 193/12/5
f 1195/11/43 1188/10/25 196/12/8
f 208/11/8 1196/10/75 205/12/5
f 1193/11/25 1196/10/75 208/12/8
f 200/8/8 1197/7/69 197/9/5
f 1198/8/70 1197/7/69 200/9/8
f 204/8/8 1199/7/69 201/9/5
f 1200/8/70 1199/7/69 204/9/8
f 1202/14/78 1201/13/44 1203/15/79
f 1204/17/43 1201/16/44 1202/18/78
f 12/20/8 1205/19/75 9/21/5
f 1206/20/43 1205/19/75 12/21/8
f 8/20/8 1207/19/75 5/21/5
f 1208/20/43 1207/19/75 8/21/8
f 1209/11/53 22/10/5 1210/12/74
f 21/11/8 22/10/5 1209/12/53
f 1211/20/53 29/19/5 1212/21/74
f 28/20/8 29/19/5 1211/21/53
f 1213/20/53 33/19/5 1214/21/74
f 32/20/8 33/19/5 1213/21/53
f 1215/11/53 26/10/5 1216/12/74
f 25/11/8 26/10/5 1215/12/53
f 78/20/8 1217/19/75 75/21/5
f 1218/20/43 1217/19/75 78/21/8
f 82/20/8 1219/19/75 79/21/5
f 1220/20/43 1219/19/75 82/21/8
f 86/20/8 81/19/5 83/21/5
f 80/20/8 81/19/5 86/21/8
f 90/20/8 77/19/5 87/21/5
f 76/20/8 77/19/5 90/21/8
f 106/20/8 93/19/5 103/21/5
f 92/20/8 93/19/5 106/21/8
f 110/20/8 97/19/5 107/21/5
f 96/20/8 97/19/5 110/21/8
f 1221/11/80 100/10/25 1222/12/42
f 1223/11/43 100/10/25 1221/12/80
f 1225/11/80 1224/10/71 1226/12/42
f 113/11/27 1224/10/71 1225/12/80
f 1227/20/53 105/19/5 1228/21/74
f 104/20/8 105/19/5 1227/21/53
f 1229/20/53 109/19/5 1230/21/74
f 108/20/8 109/19/5 1229/21/53
f 282/20/8 269/19/5 279/21/5
f 268/20/8 269/19/5 282/21/8
f 278/20/8 273/19/5 275/21/5
f 272/20/8 273/19/5 278/21/8
f 1231/8/64 277/7/5 1232/9/67
f 276/8/8 277/7/5 1231/9/64
f 1233/8/64 281/7/5 1234/9/67
f 280/8/8 281/7/5 1233/9/64
f 286/8/8 1235/7/69 283/9/5
f 1236/8/70 1235/7/69 286/9/8
f 290/8/8 1237/7/69 287/9/5
f 1238/8/70 1237/7/69 290/9/8
f 291/11/23 1239/10/75 1240/12/74
f 1241/11/43 1239/10/75 291/12/23
f 302/20/8 285/19/5 299/21/5
f 284/20/8 285/19/5 302/21/8
f 306/20/8 289/19/5 303/21/5
f 288/20/8 289/19/5 306/21/8
f 1243/11/53 1242/10/75 298/12/8
f 1244/11/43 1242/10/75 1243/12/53
f 1246/35/80 1245/34/69 1247/36/74
f 1248/35/70 1245/34/69 1246/36/80
f 1250/35/81 1249/34/69 1251/36/54
f 1252/35/70 1249/34/69 1250/36/81
f 1254/68/68 1253/67/52 1255/69/65
f 1254/160/68 1255/161/65 1256/162/82
f 1257/68/43 1253/67/52 1254/69/68
f 1254/20/68 1256/19/82 1258/21/45
f 1256/163/82 1255/164/65 1259/165/83
f 1256/20/82 136/19/8 1258/21/45
f 1255/20/65 1260/19/75 1259/21/83
f 136/20/8 1256/19/82 133/21/5
f 1259/20/83 1260/19/75 129/21/28
f 132/20/8 1259/19/83 129/21/28
f 140/20/8 1261/19/71 137/21/5
f 1262/20/43 1261/19/71 140/21/8
f 144/20/8 1263/19/71 141/21/5
f 1264/20/43 1263/19/71 144/21/8
f 148/20/8 139/19/5 145/21/5
f 138/20/8 139/19/5 148/21/8
f 152/20/8 143/19/5 149/21/5
f 142/20/8 143/19/5 152/21/8
f 164/20/8 155/19/5 161/21/5
f 154/20/8 155/19/5 164/21/8
f 168/20/8 159/19/5 165/21/5
f 158/20/8 159/19/5 168/21/8
f 1265/20/80 163/19/5 1266/21/42
f 162/20/8 163/19/5 1265/21/80
f 1267/20/80 167/19/5 1268/21/42
f 166/20/8 167/19/5 1267/21/80
f 1269/11/53 171/10/5 1270/12/74
f 170/11/8 171/10/5 1269/12/53
f 1271/11/53 175/10/5 1272/12/74
f 174/11/8 175/10/5 1271/12/53
f 1273/20/53 179/19/5 1274/21/74
f 178/20/8 179/19/5 1273/21/53
f 1275/20/53 183/19/5 1276/21/74
f 182/20/8 183/19/5 1275/21/53
f 1278/35/64 1277/34/44 1279/36/67
f 1280/35/84 1277/34/44 1278/36/64
f 1282/35/64 1281/34/71 1283/36/67
f 1284/35/43 1281/34/71 1282/36/64
f 1286/2/76 1285/1/44 1287/3/74
f 1288/5/43 1285/4/44 1286/6/76
f 1289/20/53 325/19/38 1290/21/74
f 326/20/8 325/19/38 1289/21/53
f 1291/20/53 324/19/5 1292/21/74
f 322/20/8 324/19/5 1291/21/53
f 338/20/8 329/19/5 335/21/5
f 328/20/8 329/19/5 338/21/8
f 342/20/8 333/19/5 339/21/5
f 332/20/8 333/19/5 342/21/8
f 1293/8/64 337/7/5 1294/9/67
f 336/8/8 337/7/5 1293/9/64
f 1295/8/64 341/7/5 1296/9/67
f 340/8/8 341/7/5 1295/9/64
f 346/8/8 1297/7/69 343/9/5
f 1298/8/70 1297/7/69 346/9/8
f 350/8/8 1299/7/69 347/9/5
f 1300/8/70 1299/7/69 350/9/8
f 354/20/8 345/19/5 351/21/5
f 344/20/8 345/19/5 354/21/8
f 358/20/8 349/19/5 355/21/5
f 348/20/8 349/19/5 358/21/8
f 362/11/8 1301/10/71 359/12/5
f 1302/11/43 1301/10/71 362/12/8
f 366/11/8 1303/10/71 363/12/5
f 1304/11/43 1303/10/71 366/12/8
f 370/20/8 1305/19/75 367/21/5
f 1306/20/43 1305/19/75 370/21/8
f 374/20/8 1307/19/75 371/21/5
f 1308/20/43 1307/19/75 374/21/8
f 1310/35/64 1309/34/44 1311/36/67
f 1312/35/85 1309/34/44 1310/36/64
f 1314/35/64 1313/34/44 1315/36/67
f 1316/35/85 1313/34/44 1314/36/64
f 442/20/8 1317/19/66 441/21/8
f 1317/20/66 1318/19/76 441/21/8
f 1318/20/76 1317/19/66 1319/21/42
f 1320/20/66 438/19/5 1321/21/86
f 1322/20/87 1320/19/66 1321/21/86
f 436/20/5 438/19/5 1320/21/66
f 1323/20/80 445/19/5 1324/21/42
f 444/20/8 445/19/5 1323/21/80
f 1325/20/80 449/19/5 1326/21/42
f 448/20/8 449/19/5 1325/21/80
f 454/20/8 1327/19/71 451/21/5
f 1328/20/43 1327/19/71 454/21/8
f 458/20/8 1329/19/71 455/21/5
f 1330/20/43 1329/19/71 458/21/8
f 459/11/23 1331/10/75 1332/12/74
f 1333/11/43 1331/10/75 459/12/23
f 1335/11/53 1334/10/75 466/12/27
f 1336/11/43 1334/10/75 1335/12/53
f 478/20/8 1337/19/75 477/21/5
f 1338/20/43 1337/19/75 478/21/8
f 471/20/8 1339/19/75 467/21/5
f 1340/20/43 1339/19/75 471/21/8
f 1342/35/76 1341/34/69 1343/36/86
f 1344/35/70 1341/34/69 1342/36/76
f 1346/35/76 1345/34/69 1347/36/86
f 1348/35/70 1345/34/69 1346/36/76
f 1350/20/65 1349/19/64 1351/21/66
f 1350/20/65 1351/19/66 226/21/5
f 1352/53/67 1349/52/64 1350/54/65
f 226/20/5 1351/19/66 222/21/5
f 1353/56/68 1352/55/67 1350/57/65
f 1354/20/66 1352/19/67 1353/21/68
f 1354/20/66 1353/19/68 219/21/8
f 219/20/8 1353/19/68 218/21/8
f 230/20/8 1355/19/75 227/21/5
f 1356/20/43 1355/19/75 230/21/8
f 234/20/8 1357/19/75 231/21/5
f 1358/20/43 1357/19/75 234/21/8
f 1359/20/80 237/19/5 1360/21/42
f 236/20/8 237/19/5 1359/21/80
f 1361/20/80 241/19/5 1362/21/42
f 240/20/8 241/19/5 1361/21/80
f 1363/11/53 244/10/27 1364/12/74
f 1365/11/43 244/10/27 1363/12/53
f 1367/11/53 1366/10/75 1368/12/74
f 249/11/27 1366/10/75 1367/12/53
f 1369/20/68 257/19/5 1370/21/72
f 1369/20/68 1370/19/72 1371/21/73
f 256/20/8 257/19/5 1369/21/68
f 1372/59/51 1369/58/68 1371/60/73
f 1371/20/73 1370/19/72 1373/21/70
f 1374/59/65 1369/58/68 1372/60/51
f 1375/20/69 1374/19/65 1372/21/51
f 1376/20/72 1374/19/65 1375/21/69
f 1376/20/72 253/19/5 1374/21/65
f 252/20/8 253/19/5 1376/21/72
f 1378/20/65 1377/19/64 1379/21/66
f 1378/20/65 1379/19/66 1380/21/69
f 1381/62/67 1377/61/64 1378/63/65
f 1380/20/69 1379/19/66 1382/21/42
f 1383/65/68 1381/64/67 1378/66/65
f 1384/20/66 1381/19/67 1383/21/68
f 1384/20/66 1383/19/68 1385/21/80
f 1385/20/80 1383/19/68 1386/21/70
f 1387/20/53 549/19/5 1388/21/74
f 548/20/8 549/19/5 1387/21/53
f 1389/20/53 545/19/5 1390/21/74
f 544/20/8 545/19/5 1389/21/53
f 554/20/8 1391/19/71 551/21/5
f 1392/20/43 1391/19/71 554/21/8
f 558/20/8 1393/19/71 555/21/5
f 1394/20/43 1393/19/71 558/21/8
f 562/11/8 1395/10/75 559/12/5
f 1396/11/43 1395/10/75 562/12/8
f 566/11/8 1397/10/75 563/12/5
f 1398/11/43 1397/10/75 566/12/8
f 1400/20/68 1399/19/71 1401/21/72
f 1400/20/68 1401/19/72 1402/21/73
f 1403/20/43 1399/19/71 1400/21/68
f 1404/68/51 1400/67/68 1402/69/73
f 1402/20/73 1401/19/72 1405/21/70
f 1406/68/65 1400/67/68 1404/69/51
f 1407/20/69 1406/19/65 1404/21/51
f 1408/20/72 1406/19/65 1407/21/69
f 1408/20/72 1409/19/71 1406/21/65
f 1410/20/43 1409/19/71 1408/21/72
f 404/20/8 1411/19/71 401/21/5
f 1412/20/43 1411/19/71 404/21/8
f 400/20/8 1413/19/71 397/21/5
f 1414/20/43 1413/19/71 400/21/8
f 1415/20/53 407/19/5 1416/21/74
f 406/20/8 407/19/5 1415/21/53
f 1417/20/53 411/19/5 1418/21/74
f 410/20/8 411/19/5 1417/21/53
f 1419/11/53 415/10/5 1420/12/74
f 414/11/8 415/10/5 1419/12/53
f 1421/11/53 419/10/5 1422/12/74
f 418/11/8 419/10/5 1421/12/53
f 1424/35/64 1423/34/44 1425/36/67
f 1426/35/88 1423/34/44 1424/36/64
f 1428/35/64 1427/34/89 1429/36/67
f 1430/35/43 1427/34/89 1428/36/64
f 1432/166/76 1431/167/89 1433/168/86
f 1434/169/88 1431/170/89 1432/171/76
f 1435/20/80 601/19/5 1436/21/42
f 600/20/8 601/19/5 1435/21/80
f 1437/20/80 605/19/5 1438/21/42
f 604/20/8 605/19/5 1437/21/80
f 1439/20/76 609/19/5 1440/21/77
f 608/20/8 609/19/5 1439/21/76
f 1441/20/76 613/19/5 1442/21/77
f 612/20/8 613/19/5 1441/21/76
f 618/20/8 1443/19/44 615/21/5
f 1444/20/43 1443/19/44 618/21/8
f 622/20/8 1445/19/44 619/21/5
f 1446/20/43 1445/19/44 622/21/8
f 626/20/8 1447/19/75 623/21/5
f 1448/20/43 1447/19/75 626/21/8
f 630/20/8 1449/19/75 627/21/5
f 1450/20/43 1449/19/75 630/21/8
f 631/11/23 1451/10/75 1452/12/74
f 1453/11/43 1451/10/75 631/12/23
f 1455/11/53 1454/10/75 646/12/8
f 1456/11/43 1454/10/75 1455/12/53
f 1458/35/76 1457/34/69 1459/36/54
f 1460/35/70 1457/34/69 1458/36/76
f 1462/47/76 1461/46/44 1463/48/74
f 1464/50/43 1461/49/44 1462/51/76
f 1466/35/80 1465/34/69 1467/36/90
f 1468/35/70 1465/34/69 1466/36/80
f 1470/35/76 1469/34/69 1471/36/77
f 1472/35/70 1469/34/69 1470/36/76
f 1474/35/76 1473/34/69 1475/36/77
f 1476/35/70 1473/34/69 1474/36/76
f 494/20/8 1477/19/71 491/21/5
f 1478/20/43 1477/19/71 494/21/8
f 498/20/8 1479/19/71 495/21/5
f 1480/20/43 1479/19/71 498/21/8
f 502/20/8 1481/19/44 499/21/5
f 1482/20/43 1481/19/44 502/21/8
f 506/20/8 1483/19/44 503/21/5
f 1484/20/43 1483/19/44 506/21/8
f 1485/20/76 509/19/5 1486/21/77
f 508/20/8 509/19/5 1485/21/76
f 1487/20/76 513/19/5 1488/21/77
f 512/20/8 513/19/5 1487/21/76
f 1489/20/80 517/19/5 1490/21/42
f 516/20/8 517/19/5 1489/21/80
f 1491/20/80 521/19/5 1492/21/42
f 520/20/8 521/19/5 1491/21/80
f 1493/11/80 524/10/25 1494/12/42
f 1495/11/43 524/10/25 1493/12/80
f 1497/35/64 1496/34/44 1498/36/67
f 1499/35/43 1496/34/44 1497/36/64
f 1501/35/64 1500/34/44 1502/36/67
f 1503/35/43 1500/34/44 1501/36/64
f 1505/11/80 1504/10/71 1506/12/42
f 529/11/27 1504/10/71 1505/12/80
f 1507/20/80 729/19/5 1508/21/42
f 728/20/8 729/19/5 1507/21/80
f 1509/20/80 733/19/5 1510/21/42
f 732/20/8 733/19/5 1509/21/80
f 738/20/8 1511/19/71 735/21/5
f 1512/20/43 1511/19/71 738/21/8
f 742/20/8 1513/19/71 739/21/5
f 1514/20/43 1513/19/71 742/21/8
f 746/11/8 1515/10/71 743/12/5
f 1516/11/43 1515/10/71 746/12/8
f 750/11/8 1517/10/71 747/12/5
f 1518/11/43 1517/10/71 750/12/8
f 570/20/8 1519/19/71 567/21/5
f 1520/20/43 1519/19/71 570/21/8
f 574/20/8 1521/19/71 571/21/5
f 1522/20/43 1521/19/71 574/21/8
f 1523/20/80 577/19/5 1524/21/42
f 576/20/8 577/19/5 1523/21/80
f 1525/20/80 581/19/5 1526/21/42
f 580/20/8 581/19/5 1525/21/80
f 1527/11/53 585/10/5 1528/12/74
f 584/11/8 585/10/5 1527/12/53
f 1529/11/53 589/10/5 1530/12/74
f 588/11/8 589/10/5 1529/12/53
f 1532/35/76 1531/34/69 1533/36/74
f 1534/35/70 1531/34/69 1532/36/76
f 1536/35/76 1535/34/69 1537/36/74
f 1538/35/70 1535/34/69 1536/36/76
f 662/20/25 1539/19/44 659/21/5
f 1540/71/91 1539/70/44 662/72/25
f 655/74/25 1540/73/91 662/75/25
f 655/83/25 662/82/25 657/84/41
f 658/20/8 1540/19/91 655/21/25
f 657/83/41 662/82/25 660/84/42
f 657/101/41 660/100/42 1541/102/53
f 1541/101/53 660/100/42 1542/102/74
f 1543/20/80 665/19/5 1544/21/42
f 664/20/8 665/19/5 1543/21/80
f 1545/20/80 669/19/5 1546/21/42
f 668/20/8 669/19/5 1545/21/80
f 1548/35/64 1547/34/71 1549/36/67
f 1550/35/43 1547/34/71 1548/36/64
f 1552/104/76 1551/103/44 1553/105/74
f 1554/107/43 1551/106/44 1552/108/76
f 1556/35/64 1555/34/71 1557/36/67
f 1558/35/43 1555/34/71 1556/36/64
f 1559/11/78 672/10/9 1560/12/79
f 1561/11/43 672/10/9 1559/12/78
f 1563/11/78 1562/10/75 1564/12/79
f 685/11/27 1562/10/75 1563/12/78
f 1566/35/64 1565/34/44 1567/36/67
f 1568/35/43 1565/34/44 1566/36/64
f 1570/35/64 1569/34/44 1571/36/67
f 1572/35/43 1569/34/44 1570/36/64
f 1573/20/80 791/19/9 792/21/26
f 793/20/8 791/19/9 1573/21/80
f 794/20/50 789/19/5 1574/21/42
f 788/20/9 789/19/5 794/21/50
f 800/20/8 1575/19/71 797/21/5
f 1576/20/43 1575/19/71 800/21/8
f 804/20/8 1577/19/71 801/21/5
f 1578/20/43 1577/19/71 804/21/8
f 817/11/51 1579/10/75 1580/12/74
f 1581/11/43 1579/10/75 817/12/51
f 1583/35/76 1582/34/69 1584/36/77
f 1585/35/70 1582/34/69 1583/36/76
f 1587/35/76 1586/34/69 1588/36/77
f 1589/35/70 1586/34/69 1587/36/76
f 1591/11/53 1590/10/75 824/12/5
f 1592/11/43 1590/10/75 1591/12/53
f 687/35/42 1593/34/69 1594/36/74
f 1595/35/51 1593/34/69 687/36/42
f 694/172/41 1595/173/51 687/174/42
f 1596/175/73 1595/176/51 694/177/41
f 1597/35/76 1596/34/73 694/36/41
f 1598/35/70 1596/34/73 1597/36/76
f 698/20/8 1599/19/44 695/21/5
f 1600/20/43 1599/19/44 698/21/8
f 702/20/8 1601/19/44 699/21/5
f 1602/20/43 1601/19/44 702/21/8
f 1603/20/76 705/19/5 1604/21/77
f 704/20/8 705/19/5 1603/21/76
f 1605/20/76 709/19/5 1606/21/77
f 708/20/8 709/19/5 1605/21/76
f 1608/35/51 1607/34/71 1609/36/67
f 717/35/44 1607/34/71 1608/36/51
f 1610/20/73 717/19/44 1608/21/51
f 716/20/45 717/19/44 1610/21/73
f 1611/86/51 716/85/45 1610/87/73
f 713/86/44 716/85/45 1611/87/51
f 1612/20/73 713/19/44 1611/21/51
f 712/20/43 713/19/44 1612/21/73
f 1613/35/64 712/34/43 1612/36/73
f 1614/35/43 712/34/43 1613/36/64
f 1615/20/69 826/19/50 1616/21/42
f 1617/20/74 826/19/50 1615/21/69
f 1619/20/80 1618/19/76 1620/21/70
f 829/20/26 1618/19/76 1619/21/80
f 1621/20/76 835/19/5 1622/21/77
f 834/20/8 835/19/5 1621/21/76
f 1623/20/76 839/19/5 1624/21/77
f 838/20/8 839/19/5 1623/21/76
f 844/20/8 1625/19/44 841/21/5
f 1626/20/43 1625/19/44 844/21/8
f 848/20/8 1627/19/44 845/21/5
f 1628/20/43 1627/19/44 848/21/8
f 858/20/36 1629/19/71 856/21/12
f 1630/20/43 1629/19/71 858/21/36
f 854/20/11 1631/19/71 852/21/12
f 1632/20/43 1631/19/71 854/21/11
f 1634/11/78 1633/10/75 1635/12/79
f 1636/11/43 1633/10/75 1634/12/78
f 1638/11/78 1637/10/75 1639/12/79
f 1640/11/43 1637/10/75 1638/12/78
f 1642/35/64 1641/34/44 1643/36/67
f 1644/35/43 1641/34/44 1642/36/64
f 1646/35/64 1645/34/44 1647/36/67
f 1648/35/43 1645/34/44 1646/36/64
f 1650/20/73 1649/19/64 920/21/46
f 1651/77/67 1649/76/64 1650/78/73
f 1652/80/51 1651/79/67 1650/81/73
f 921/20/47 1651/19/67 1652/21/51
f 1653/20/73 930/19/48 1654/21/70
f 927/71/49 930/70/48 1653/72/73
f 1655/74/51 927/73/49 1653/75/73
f 1656/20/69 927/19/49 1655/21/51
f 1658/35/76 1657/34/69 1659/36/77
f 1660/35/70 1657/34/69 1658/36/76
f 1662/35/76 1661/34/69 1663/36/77
f 1664/35/70 1661/34/69 1662/36/76
f 1666/35/76 1665/34/69 1667/36/74
f 761/35/46 1665/34/69 1666/36/76
f 1668/35/76 764/34/47 1669/36/74
f 1670/35/70 764/34/47 1668/36/76
f 1672/35/64 1671/34/71 768/36/49
f 1673/35/43 1671/34/71 1672/36/64
f 765/35/48 1674/34/71 1675/36/67
f 1676/35/43 1674/34/71 765/36/48
f 1678/35/64 1677/34/71 1679/36/67
f 1680/35/43 1677/34/71 1678/36/64
f 1682/35/64 1681/34/71 1683/36/67
f 1684/35/43 1681/34/71 1682/36/64
f 1686/104/81 1685/103/44 1687/105/86
f 1688/107/43 1685/106/44 1686/108/81
f 1690/35/76 1689/34/69 1691/36/42
f 1692/35/70 1689/34/69 1690/36/76
f 1694/89/76 1693/88/44 1695/90/74
f 1696/92/43 1693/91/44 1694/93/76
f 1698/35/80 1697/34/69 1699/36/74
f 1700/35/70 1697/34/69 1698/36/80
f 1702/35/76 1701/34/69 1703/36/74
f 1704/35/70 1701/34/69 1702/36/76
f 1706/35/76 1705/34/69 1707/36/74
f 1708/35/70 1705/34/69 1706/36/76
f 1710/35/64 1709/34/71 1711/36/67
f 1712/35/43 1709/34/71 1710/36/64
f 1714/35/64 1713/34/71 1715/36/67
f 1716/35/43 1713/34/71 1714/36/64
f 1718/35/53 1717/34/69 1719/36/74
f 1720/35/70 1717/34/69 1718/36/53
f 1722/35/53 1721/34/69 1723/36/74
f 1724/35/70 1721/34/69 1722/36/53
f 896/20/8 1725/19/71 893/21/52
f 1726/20/43 1725/19/71 896/21/8
f 900/20/55 1727/19/71 897/21/5
f 1728/20/43 1727/19/71 900/21/55
f 895/29/53 900/28/55 898/30/54
f 895/178/53 898/179/54 1729/180/76
f 893/29/52 900/28/55 895/30/53
f 1729/181/76 898/182/54 1730/183/74
f 1731/20/80 903/19/5 1732/21/25
f 902/20/8 903/19/5 1731/21/80
f 1733/20/92 907/19/5 1734/21/54
f 906/20/8 907/19/5 1733/21/92
f 1735/152/76 1733/151/92 1736/153/74
f 1732/155/25 1733/154/92 1735/156/76
f 1738/35/64 1737/34/75 1739/36/67
f 1740/35/43 1737/34/75 1738/36/64
f 1742/35/64 1741/34/75 1743/36/67
f 1744/35/43 1741/34/75 1742/36/64
f 1746/35/64 1745/34/71 1747/36/67
f 1748/35/43 1745/34/71 1746/36/64
f 1750/35/64 1749/34/71 1751/36/67
f 1752/35/43 1749/34/71 1750/36/64
f 1753/20/76 983/19/12 989/21/58
f 982/20/8 983/19/12 1753/21/76
f 990/20/59 987/19/5 1754/21/77
f 986/20/18 987/19/5 990/21/59
f 996/20/8 1755/19/44 993/21/5
f 1756/20/43 1755/19/44 996/21/8
f 1000/20/8 1757/19/44 997/21/5
f 1758/20/43 1757/19/44 1000/21/8
f 1760/35/76 1759/34/69 1761/36/74
f 1762/35/70 1759/34/69 1760/36/76
f 1764/35/76 1763/34/69 1765/36/74
f 1766/35/70 1763/34/69 1764/36/76
f 1768/35/64 1767/34/75 1769/36/67
f 1770/35/43 1767/34/75 1768/36/64
f 1772/35/64 1771/34/75 1773/36/67
f 1774/35/43 1771/34/75 1772/36/64
f 1776/35/53 1775/34/69 1777/36/74
f 1778/35/70 1775/34/69 1776/36/53
f 1780/35/53 1779/34/69 1781/36/74
f 1782/35/70 1779/34/69 1780/36/53
f 1784/110/76 1783/109/78 1785/111/93
f 1786/110/84 1783/109/78 1784/111/76
f 1788/110/94 1787/109/71 1789/111/42
f 1790/110/79 1787/109/71 1788/111/94
f 1792/35/72 1791/34/69 1793/36/74
f 1794/35/66 1792/34/72 1793/36/74
f 1795/35/70 1791/34/69 1792/36/72
f 1796/35/87 1794/34/66 1793/36/74
f 1798/35/69 1797/34/72 1799/36/70
f 1797/35/72 1800/34/53 1799/36/70
f 1797/35/72 1801/34/66 1800/36/53
f 1800/35/53 1801/34/66 1802/36/42
f 1804/29/52 1803/28/78 1805/30/43
f 1806/29/79 1803/28/78 1804/30/52
f 1808/140/76 1807/139/81 1809/141/74
f 1810/143/77 1807/142/81 1808/144/76
f 1812/35/75 1811/34/72 1813/36/91
f 1811/35/72 1814/34/64 1813/36/91
f 1811/35/72 1815/34/66 1814/36/64
f 1814/35/64 1815/34/66 1816/36/67
f 1818/35/72 1817/34/71 1819/36/67
f 1820/35/66 1818/34/72 1819/36/67
f 1821/35/43 1817/34/71 1818/36/72
f 1822/35/64 1820/34/66 1819/36/67
f 1824/113/52 1823/112/78 1825/114/43
f 1826/113/79 1823/112/78 1824/114/52
f 1828/35/64 1827/34/75 1829/36/67
f 1830/35/43 1827/34/75 1828/36/64
f 1832/35/64 1831/34/75 1833/36/67
f 1834/35/43 1831/34/75 1832/36/64
f 1836/20/73 1835/19/64 1837/21/70
f 1838/134/67 1835/133/64 1836/135/73
f 1839/137/51 1838/136/67 1836/138/73
f 1840/20/69 1838/19/67 1839/21/51
f 1842/20/73 1841/19/64 1843/21/70
f 1844/128/67 1841/127/64 1842/129/73
f 1845/131/51 1844/130/67 1842/132/73
f 1846/20/69 1844/19/67 1845/21/51
f 1848/35/53 1847/34/69 1849/36/74
f 1850/35/70 1847/34/69 1848/36/53
f 1852/35/53 1851/34/69 1853/36/74
f 1854/35/70 1851/34/69 1852/36/53
f 1856/35/72 1855/34/69 1857/36/67
f 1858/35/66 1856/34/72 1857/36/67
f 1859/35/70 1855/34/69 1856/36/72
f 1860/35/64 1858/34/66 1857/36/67
f 1862/35/69 1861/34/72 1863/36/70
f 1861/35/72 1864/34/64 1863/36/70
f 1861/35/72 1865/34/66 1864/36/64
f 1864/35/64 1865/34/66 1866/36/67
f 1868/158/52 1867/157/78 1869/159/43
f 1870/158/79 1867/157/78 1868/159/52
f 1872/35/64 1871/34/75 1873/36/67
f 1874/35/88 1871/34/75 1872/36/64
f 1876/35/64 1875/34/95 1877/36/67
f 1878/35/43 1875/34/95 1876/36/64
f 1880/152/76 1879/151/44 1881/153/74
f 1882/155/43 1879/154/44 1880/156/76
f 1884/20/73 1883/19/64 1885/21/70
f 1886/146/67 1883/145/64 1884/147/73
f 1887/149/51 1886/148/67 1884/150/73
f 1888/20/69 1886/19/67 1887/21/51
f 1890/35/41 1889/34/69 1891/36/42
f 1892/35/70 1889/34/69 1890/36/41
f 1894/35/87 1893/34/69 1895/36/74
f 1896/35/70 1893/34/69 1894/36/87
f 1898/122/76 1897/121/44 1899/123/74
f 1900/125/43 1897/124/44 1898/126/76
f 1902/110/81 1901/109/71 1903/111/86
f 1904/110/84 1901/109/71 1902/111/81
f 1906/35/81 1905/34/75 1907/36/74
f 1908/35/85 1905/34/75 1906/36/81
f 1910/35/81 1909/34/75 1911/36/74
f 1912/35/85 1909/34/75 1910/36/81
f 1914/140/76 1913/139/44 1915/141/74
f 1916/143/43 1913/142/44 1914/144/76
f 1785/110/93 1903/109/86 1788/111/94
f 1785/184/93 1788/185/94 951/186/56
f 1902/110/81 1903/109/86 1785/111/93
f 950/110/2 1785/109/93 951/111/56
f 951/185/56 1788/186/94 954/184/57
f 1784/110/76 1785/109/93 950/111/2
f 951/110/56 954/109/57 1106/111/30
f 1788/110/94 1789/109/42 954/111/57
f 1106/110/30 954/109/57 1107/111/3
f 954/110/57 1789/109/42 955/111/3
f 384/68/30 1463/67/74 385/69/32
f 1462/68/76 1463/67/74 384/69/30
f 536/59/30 1287/58/74 537/60/32
f 1286/59/76 1287/58/74 536/60/30
f 264/35/2 1347/34/86 265/36/32
f 1346/35/76 1347/34/86 264/36/2
f 260/35/2 1343/34/86 261/36/32
f 1342/35/76 1343/34/86 260/36/2
f 748/11/26 824/10/5 749/12/3
f 1591/11/53 824/10/5 748/12/26
f 744/11/26 1580/10/74 745/12/3
f 817/11/51 1580/10/74 744/12/26
f 1344/35/70 1459/34/54 1341/36/69
f 1458/35/76 1459/34/54 1344/36/70
f 1348/35/70 1467/34/90 1345/36/69
f 1466/35/80 1467/34/90 1348/36/70
f 71/20/13 1162/19/51 68/21/24
f 1165/20/69 1162/19/51 71/21/13
f 66/20/23 1163/19/70 69/21/10
f 1160/20/73 1163/19/70 66/21/23
f 532/35/2 259/34/13 533/36/39
f 262/35/10 259/34/13 532/36/2
f 540/35/40 263/34/13 541/36/3
f 266/35/10 263/34/13 540/36/40
f 672/11/9 1528/10/74 673/12/3
f 1527/11/53 1528/10/74 672/12/9
f 684/11/26 1530/10/74 685/12/27
f 1529/11/53 1530/10/74 684/12/26
f 810/101/30 1695/100/74 811/102/32
f 1694/101/76 1695/100/74 810/102/30
f 1460/35/70 1584/34/77 1457/36/69
f 1583/35/76 1584/34/77 1460/36/70
f 1468/35/70 1588/34/77 1465/36/69
f 1587/35/76 1588/34/77 1468/36/70
f 475/20/13 1404/19/51 472/21/24
f 1407/20/69 1404/19/51 475/21/13
f 470/20/23 1405/19/70 473/21/10
f 1402/20/73 1405/19/70 470/21/23
f 429/20/13 1372/19/51 426/21/24
f 1375/20/69 1372/19/51 429/21/13
f 424/20/23 1373/19/70 427/21/10
f 1371/20/73 1373/19/70 424/21/23
f 676/35/2 531/34/13 677/36/3
f 534/35/10 531/34/13 676/36/2
f 680/35/2 539/34/13 681/36/3
f 542/35/10 539/34/13 680/36/2
f 878/86/30 1553/85/74 879/87/32
f 1552/86/76 1553/85/74 878/87/30
f 1589/35/70 1663/34/77 1586/36/69
f 1662/35/76 1663/34/77 1589/36/70
f 1585/35/70 1659/34/77 1582/36/69
f 1658/35/76 1659/34/77 1585/36/70
f 632/11/30 743/10/5 633/12/3
f 746/11/8 743/10/5 632/12/30
f 644/11/30 747/10/5 645/12/3
f 750/11/8 747/10/5 644/12/30
f 584/11/8 1494/10/42 585/12/5
f 1493/11/80 1494/10/42 584/12/8
f 588/11/8 1506/10/42 589/12/5
f 1505/11/80 1506/10/42 588/12/8
f 772/35/2 675/34/13 773/36/3
f 678/35/10 675/34/13 772/36/2
f 776/35/2 679/34/13 777/36/3
f 682/35/10 679/34/13 776/36/2
f 1664/35/70 1699/34/74 1661/36/69
f 1698/35/80 1699/34/74 1664/36/70
f 1660/35/70 1691/34/42 1657/36/69
f 1690/35/76 1691/34/42 1660/36/70
f 560/11/26 1452/10/74 561/12/3
f 631/11/23 1452/10/74 560/12/26
f 564/11/26 646/10/8 565/12/3
f 1455/11/53 646/10/8 564/12/26
f 368/20/26 477/19/5 369/21/3
f 478/20/8 477/19/5 368/21/26
f 372/20/26 467/19/5 373/21/3
f 471/20/8 467/19/5 372/21/26
f 252/20/8 1274/19/74 253/21/5
f 1273/20/53 1274/19/74 252/21/8
f 256/20/8 1276/19/74 257/21/5
f 1275/20/53 1276/19/74 256/21/8
f 524/11/25 1420/10/74 525/12/3
f 1419/11/53 1420/10/74 524/12/25
f 528/11/26 1422/10/74 529/12/27
f 1421/11/53 1422/10/74 528/12/26
f 874/35/30 771/34/13 875/36/3
f 774/35/10 771/34/13 874/36/30
f 882/35/30 775/34/13 883/36/3
f 778/35/10 775/34/13 882/36/30
f 1700/35/70 1765/34/74 1697/36/69
f 1764/35/76 1765/34/74 1700/36/70
f 1692/35/70 1761/34/74 1689/36/69
f 1760/35/76 1761/34/74 1692/36/70
f 857/20/23 1655/19/51 855/21/24
f 1656/20/69 1655/19/51 857/21/23
f 853/20/23 1654/19/70 850/21/24
f 1653/20/73 1654/19/70 853/21/23
f 770/20/13 1611/19/51 769/21/24
f 1612/20/73 1611/19/51 770/21/13
f 766/20/23 1608/19/51 767/21/10
f 1610/20/73 1608/19/51 766/21/23
f 910/35/30 873/34/13 911/36/3
f 876/35/10 873/34/13 910/36/30
f 914/35/30 881/34/13 915/36/3
f 884/35/10 881/34/13 914/36/30
f 1766/35/70 1781/34/74 1763/36/69
f 1780/35/53 1781/34/74 1766/36/70
f 1762/35/70 1777/34/74 1759/36/69
f 1776/35/53 1777/34/74 1762/36/70
f 798/20/30 856/19/12 799/21/3
f 858/20/36 856/19/12 798/21/30
f 802/20/30 852/19/12 803/21/3
f 854/20/11 852/19/12 802/21/30
f 460/11/26 559/10/5 461/12/3
f 562/11/8 559/10/5 460/12/26
f 464/11/26 563/10/5 465/12/3
f 566/11/8 563/10/5 464/12/26
f 414/11/8 1364/10/74 415/12/5
f 1363/11/53 1364/10/74 414/12/8
f 418/11/8 1368/10/74 419/12/5
f 1367/11/53 1368/10/74 418/12/8
f 712/20/43 1544/19/42 713/21/44
f 1543/20/80 1544/19/42 712/21/43
f 716/20/45 1546/19/42 717/21/44
f 1545/20/80 1546/19/42 716/21/45
f 942/35/26 909/34/13 943/36/3
f 912/35/10 909/34/13 942/36/26
f 946/35/26 913/34/13 947/36/3
f 916/35/10 913/34/13 946/36/26
f 740/20/30 801/19/5 741/21/3
f 804/20/8 801/19/5 740/21/30
f 736/20/30 797/19/5 737/21/3
f 800/20/8 797/19/5 736/21/30
f 300/20/26 367/19/5 301/21/3
f 370/20/8 367/19/5 300/21/26
f 304/20/26 371/19/5 305/21/3
f 374/20/8 371/19/5 304/21/26
f 178/20/8 1228/19/74 179/21/5
f 1227/20/53 1228/19/74 178/21/8
f 182/20/8 1230/19/74 183/21/5
f 1229/20/53 1230/19/74 182/21/8
f 664/20/8 1524/19/42 665/21/5
f 1523/20/80 1524/19/42 664/21/8
f 668/20/8 1526/19/42 669/21/5
f 1525/20/80 1526/19/42 668/21/8
f 1001/29/30 1899/28/74 1002/30/39
f 1898/29/76 1899/28/74 1001/30/30
f 1778/35/70 1849/34/74 1775/36/69
f 1848/35/53 1849/34/74 1778/36/70
f 1782/35/70 1853/34/74 1779/36/69
f 1852/35/53 1853/34/74 1782/36/70
f 624/20/30 735/19/5 625/21/3
f 738/20/8 735/19/5 624/21/30
f 628/20/30 739/19/5 629/21/3
f 742/20/8 739/19/5 628/21/30
f 360/11/26 1332/10/74 361/12/3
f 459/11/23 1332/10/74 360/12/26
f 364/11/26 466/10/27 365/12/3
f 1335/11/53 466/10/27 364/12/26
f 244/11/27 1270/10/74 245/12/3
f 1269/11/53 1270/10/74 244/12/27
f 248/11/26 1272/10/74 249/12/27
f 1271/11/53 1272/10/74 248/12/26
f 576/20/8 1490/19/42 577/21/5
f 1489/20/80 1490/19/42 576/21/8
f 580/20/8 1492/19/42 581/21/5
f 1491/20/80 1492/19/42 580/21/8
f 1102/113/30 1736/112/74 1103/114/32
f 1735/113/76 1736/112/74 1102/114/30
f 1032/35/26 941/34/13 1033/36/3
f 944/35/10 941/34/13 1032/36/26
f 1036/35/26 945/34/13 1037/36/3
f 948/35/10 945/34/13 1036/36/26
f 556/20/26 627/19/5 557/21/3
f 630/20/8 627/19/5 556/21/26
f 552/20/26 623/19/5 553/21/3
f 626/20/8 623/19/5 552/21/26
f 516/20/8 1416/19/74 517/21/5
f 1415/20/53 1416/19/74 516/21/8
f 520/20/8 1418/19/74 521/21/5
f 1417/20/53 1418/19/74 520/21/8
f 1854/35/70 1895/34/74 1851/36/69
f 1894/35/87 1895/34/74 1854/36/70
f 1850/35/70 1891/34/42 1847/36/69
f 1890/35/41 1891/34/42 1850/36/70
f 292/11/30 359/10/5 293/12/3
f 362/11/8 359/10/5 292/12/30
f 296/11/30 363/10/5 297/12/3
f 366/11/8 363/10/5 296/12/30
f 198/20/26 299/19/5 199/21/3
f 302/20/8 299/19/5 198/21/26
f 202/20/26 303/19/5 203/21/3
f 306/20/8 303/19/5 202/21/26
f 104/20/8 1212/19/74 105/21/5
f 1211/20/53 1212/19/74 104/21/8
f 108/20/8 1214/19/74 109/21/5
f 1213/20/53 1214/19/74 108/21/8
f 170/11/8 1222/10/42 171/12/5
f 1221/11/80 1222/10/42 170/12/8
f 174/11/8 1226/10/42 175/12/5
f 1225/11/80 1226/10/42 174/12/8
f 1094/35/26 1031/34/13 1095/36/39
f 1034/35/10 1031/34/13 1094/36/26
f 1098/35/62 1035/34/13 1099/36/3
f 1038/35/10 1035/34/13 1098/36/62
f 1843/20/70 1068/19/20 1842/21/73
f 1068/20/20 998/19/9 1842/21/73
f 998/20/9 1068/19/20 999/21/3
f 1063/20/20 1845/19/51 995/21/60
f 994/20/2 1063/19/20 995/21/60
f 1846/20/69 1845/19/51 1063/21/20
f 452/20/30 551/19/5 453/21/3
f 554/20/8 551/19/5 452/21/30
f 456/20/30 555/19/5 457/21/3
f 558/20/8 555/19/5 456/21/30
f 194/11/26 1240/10/74 195/12/3
f 291/11/23 1240/10/74 194/12/26
f 206/11/26 298/10/8 207/12/3
f 1243/11/53 298/10/8 206/12/26
f 100/11/25 1210/10/74 101/12/3
f 1209/11/53 1210/10/74 100/12/25
f 112/11/26 1216/10/74 113/12/27
f 1215/11/53 1216/10/74 112/12/26
f 406/20/8 1360/19/42 407/21/5
f 1359/20/80 1360/19/42 406/21/8
f 410/20/8 1362/19/42 411/21/5
f 1361/20/80 1362/19/42 410/21/8
f 1815/20/66 1732/19/25 1029/21/24
f 1030/20/13 1815/19/66 1029/21/24
f 1731/20/80 1732/19/25 1815/21/66
f 1734/20/54 1820/19/66 1733/21/92
f 1820/20/66 1026/19/23 1733/21/92
f 1026/20/23 1820/19/66 1027/21/10
f 1896/35/70 1907/34/74 1893/36/69
f 1906/35/81 1907/34/74 1896/36/70
f 1892/35/70 1911/34/74 1889/36/69
f 1910/35/81 1911/34/74 1892/36/70
f 842/20/2 993/19/5 843/21/3
f 996/20/8 993/19/5 842/21/2
f 846/20/2 997/19/5 847/21/3
f 1000/20/8 997/19/5 846/21/2
f 352/20/30 451/19/5 353/21/3
f 454/20/8 451/19/5 352/21/30
f 356/20/30 455/19/5 357/21/3
f 458/20/8 455/19/5 356/21/30
f 236/20/8 1266/19/42 237/21/5
f 1265/20/80 1266/19/42 236/21/8
f 240/20/8 1268/19/42 241/21/5
f 1267/20/80 1268/19/42 240/21/8
f 902/20/8 1604/19/77 903/21/5
f 1603/20/76 1604/19/77 902/21/8
f 906/20/8 1606/19/77 907/21/5
f 1605/20/76 1606/19/77 906/21/8
f 1130/35/26 1093/34/13 1131/36/32
f 1096/35/10 1093/34/13 1130/36/26
f 1126/35/26 1097/34/13 1127/36/32
f 1100/35/10 1097/34/13 1126/36/26
f 1056/158/30 1915/157/74 1057/159/39
f 1914/158/76 1915/157/74 1056/159/30
f 616/20/2 841/19/5 617/21/3
f 844/20/8 841/19/5 616/21/2
f 620/20/2 845/19/5 621/21/3
f 848/20/8 845/19/5 620/21/2
f 284/20/8 351/19/5 285/21/5
f 354/20/8 351/19/5 284/21/8
f 288/20/8 355/19/5 289/21/5
f 358/20/8 355/19/5 288/21/8
f 123/11/26 193/10/5 124/12/3
f 196/11/8 193/10/5 123/12/26
f 1168/8/70 197/7/5 1167/9/69
f 200/8/8 197/7/5 1168/9/70
f 1161/8/70 201/7/5 1157/9/69
f 204/8/8 201/7/5 1161/9/70
f 127/11/26 205/10/5 128/12/3
f 208/11/8 205/10/5 127/12/26
f 21/11/8 1174/10/74 22/12/5
f 1173/11/53 1174/10/74 21/12/8
f 28/8/8 73/7/13 29/9/5
f 74/8/10 73/7/13 28/9/8
f 32/8/8 63/7/13 33/9/5
f 67/8/10 63/7/13 32/9/8
f 25/11/8 1178/10/74 26/12/5
f 1177/11/53 1178/10/74 25/12/8
f 162/20/8 103/19/5 163/21/5
f 106/20/8 103/19/5 162/21/8
f 166/20/8 107/19/5 167/21/5
f 110/20/8 107/19/5 166/21/8
f 704/20/8 1486/19/77 705/21/5
f 1485/20/76 1486/19/77 704/21/8
f 708/20/8 1488/19/77 709/21/5
f 1487/20/76 1488/19/77 708/21/8
f 1134/158/30 1809/157/74 1135/159/32
f 1808/158/76 1809/157/74 1134/159/30
f 348/20/8 619/19/5 349/21/5
f 622/20/8 619/19/5 348/21/8
f 344/20/8 615/19/5 345/21/5
f 618/20/8 615/19/5 344/21/8
f 1198/8/70 283/7/5 1197/9/69
f 286/8/8 283/7/5 1198/9/70
f 1200/8/70 287/7/5 1199/9/69
f 290/8/8 287/7/5 1200/9/70
f 92/8/8 27/7/13 93/9/5
f 30/8/10 27/7/13 92/9/8
f 96/8/8 31/7/13 97/9/5
f 34/8/10 31/7/13 96/9/8
f 508/20/8 161/19/5 509/21/5
f 164/20/8 161/19/5 508/21/8
f 512/20/8 165/19/5 513/21/5
f 168/20/8 165/19/5 512/21/8
f 1238/8/70 347/7/5 1237/9/69
f 350/8/8 347/7/5 1238/9/70
f 1236/8/70 343/7/5 1235/9/69
f 346/8/8 343/7/5 1236/9/70
f 120/11/9 1189/10/70 121/12/10
f 1188/11/25 1189/10/70 120/12/9
f 116/11/13 1193/10/25 117/12/9
f 1192/11/69 1193/10/25 116/12/13
f 14/11/9 1172/10/70 15/12/10
f 1171/11/25 1172/10/70 14/12/9
f 18/11/13 1170/10/25 19/12/9
f 1169/11/69 1170/10/25 18/12/13
f 154/8/8 91/7/13 155/9/5
f 94/8/10 91/7/13 154/9/8
f 158/8/8 95/7/13 159/9/5
f 98/8/10 95/7/13 158/9/8
f 1885/20/70 1112/19/20 1884/21/73
f 1112/20/20 1055/19/2 1884/21/73
f 1055/20/2 1112/19/20 1299/21/69
f 1300/20/70 1055/19/2 1299/21/69
f 1119/20/20 1887/19/51 1058/21/50
f 1119/20/20 1058/19/50 1298/21/70
f 1888/20/69 1887/19/51 1119/21/20
f 1298/20/70 1058/19/50 1297/21/69
f 52/11/8 119/10/8 53/12/8
f 122/11/8 119/10/8 52/12/8
f 56/29/13 1153/28/70 57/30/10
f 1152/29/69 1153/28/70 56/30/13
f 60/11/5 115/10/5 61/12/5
f 118/11/5 115/10/5 60/12/5
f 153/20/13 1810/19/77 156/21/10
f 1810/20/77 1865/19/66 156/21/10
f 1865/20/66 1810/19/77 1091/21/24
f 1092/20/13 1865/19/66 1091/21/24
f 1807/20/81 157/19/13 1858/21/66
f 1807/20/81 1858/19/66 1088/21/23
f 160/20/10 157/19/13 1807/21/81
f 1088/20/23 1858/19/66 1089/21/10
f 991/113/26 1881/112/74 992/114/3
f 1880/113/76 1881/112/74 991/114/26
f 336/20/8 1440/19/77 337/21/5
f 1439/20/76 1440/19/77 336/21/8
f 340/20/8 1442/19/77 341/21/5
f 1441/20/76 1442/19/77 340/21/8
f 500/20/2 145/19/5 501/21/3
f 148/20/8 145/19/5 500/21/2
f 504/20/2 149/19/5 505/21/3
f 152/20/8 149/19/5 504/21/2
f 1084/29/30 1730/28/74 1085/30/39
f 1729/29/76 1730/28/74 1084/30/30
f 612/20/8 1624/19/77 613/21/5
f 1623/20/76 1624/19/77 612/21/8
f 608/20/8 1622/19/77 609/21/5
f 1621/20/76 1622/19/77 608/21/8
f 276/20/8 335/19/5 277/21/5
f 338/20/8 335/19/5 276/21/8
f 280/20/8 339/19/5 281/21/5
f 342/20/8 339/19/5 280/21/8
f 138/20/8 83/19/5 139/21/5
f 86/20/8 83/19/5 138/21/8
f 142/20/8 87/19/5 143/21/5
f 90/20/8 87/19/5 142/21/8
f 696/20/2 499/19/5 697/21/3
f 502/20/8 499/19/5 696/21/2
f 700/20/2 503/19/5 701/21/3
f 506/20/8 503/19/5 700/21/2
f 1044/35/26 1109/34/13 1041/36/59
f 1113/35/10 1109/34/13 1044/36/26
f 1048/35/26 1116/34/13 1050/36/3
f 1117/35/10 1116/34/13 1048/36/26
f 834/20/8 989/19/58 835/21/5
f 1753/20/76 989/19/58 834/21/8
f 838/20/8 1754/19/77 839/21/5
f 990/20/59 1754/19/77 838/21/8
f 328/20/8 1324/19/42 329/21/5
f 1323/20/80 1324/19/42 328/21/8
f 332/20/8 1326/19/42 333/21/5
f 1325/20/80 1326/19/42 332/21/8
f 190/20/8 275/19/5 191/21/5
f 278/20/8 275/19/5 190/21/8
f 186/20/8 279/19/5 187/21/5
f 282/20/8 279/19/5 186/21/8
f 80/20/8 5/19/5 81/21/5
f 8/20/8 5/19/5 80/21/8
f 76/20/8 9/19/5 77/21/5
f 12/20/8 9/19/5 76/21/8
f 228/20/30 137/19/5 229/21/3
f 140/20/8 137/19/5 228/21/30
f 232/20/30 141/19/5 233/21/3
f 144/20/8 141/19/5 232/21/30
f 894/20/2 695/19/5 895/21/53
f 698/20/8 695/19/5 894/21/2
f 898/20/54 699/19/5 899/21/3
f 702/20/8 699/19/5 898/21/54
f 1863/35/70 1802/34/42 1862/36/69
f 1800/35/53 1802/34/42 1863/36/70
f 1859/35/70 1793/34/74 1855/36/69
f 1796/35/87 1793/34/74 1859/36/70
f 1837/20/70 1042/19/20 1836/21/73
f 1042/20/20 986/19/18 1836/21/73
f 986/20/18 1042/19/20 987/21/5
f 1049/20/20 1839/19/51 983/21/12
f 982/20/8 1049/19/20 983/21/12
f 1840/20/69 1839/19/51 1049/21/20
f 444/20/8 1388/19/74 445/21/5
f 1387/20/53 1388/19/74 444/21/8
f 448/20/8 1390/19/74 449/21/5
f 1389/20/53 1390/19/74 448/21/8
f 398/20/26 227/19/5 399/21/3
f 230/20/8 227/19/5 398/21/26
f 402/20/26 231/19/5 403/21/3
f 234/20/8 231/19/5 402/21/26
f 1801/20/66 893/19/52 1023/21/24
f 1024/20/13 1801/19/66 1023/21/24
f 896/20/8 893/19/52 1801/21/66
f 897/20/5 1794/19/66 900/21/55
f 1794/20/66 1020/19/23 900/21/55
f 1020/20/23 1794/19/66 1021/21/10
f 974/35/26 1039/34/13 975/36/3
f 1043/35/10 1039/34/13 974/36/26
f 978/35/26 1046/34/13 979/36/3
f 1047/35/10 1046/34/13 978/36/26
f 548/20/8 1436/19/42 549/21/5
f 1435/20/80 1436/19/42 548/21/8
f 544/20/8 1438/19/42 545/21/5
f 1437/20/80 1438/19/42 544/21/8
f 272/20/8 1292/19/74 273/21/5
f 1291/20/53 1292/19/74 272/21/8
f 268/20/8 1290/19/74 269/21/5
f 1289/20/53 1290/19/74 268/21/8
f 134/20/26 79/19/5 135/21/3
f 82/20/8 79/19/5 134/21/26
f 130/20/26 75/19/5 131/21/3
f 78/20/8 75/19/5 130/21/26
f 492/20/30 397/19/5 493/21/3
f 400/20/8 397/19/5 492/21/30
f 496/20/30 401/19/5 497/21/3
f 404/20/8 401/19/5 496/21/30
f 1799/35/70 1723/34/74 1798/36/69
f 1722/35/53 1723/34/74 1799/36/70
f 1795/35/70 1719/34/74 1791/36/69
f 1718/35/53 1719/34/74 1795/36/70
f 795/86/26 1687/85/86 796/87/3
f 1686/86/81 1687/85/86 795/87/26
f 600/20/8 1510/19/42 601/21/5
f 1509/20/80 1510/19/42 600/21/8
f 604/20/8 1508/19/42 605/21/5
f 1507/20/80 1508/19/42 604/21/8
f 572/20/30 491/19/5 573/21/3
f 494/20/8 491/19/5 572/21/30
f 568/20/30 495/19/5 569/21/3
f 498/20/8 495/19/5 568/21/30
f 870/101/30 1542/100/74 871/102/32
f 1541/101/53 1542/100/74 870/102/30
f 958/35/30 973/34/13 959/36/3
f 976/35/10 973/34/13 958/36/30
f 962/35/30 977/34/13 963/36/3
f 980/35/10 977/34/13 962/36/30
f 732/20/8 792/19/26 733/21/5
f 1573/20/80 792/19/26 732/21/8
f 728/20/8 1574/19/42 729/21/5
f 794/20/50 1574/19/42 728/21/8
f 656/20/30 571/19/5 657/21/41
f 574/20/8 571/19/5 656/21/30
f 660/20/42 567/19/5 661/21/3
f 570/20/8 567/19/5 660/21/42
f 1724/35/70 1707/34/74 1721/36/69
f 1706/35/76 1707/34/74 1724/36/70
f 1720/35/70 1703/34/74 1717/36/69
f 1702/35/76 1703/34/74 1720/36/70
f 918/35/30 957/34/13 919/36/3
f 960/35/10 957/34/13 918/36/30
f 922/35/30 961/34/13 923/36/3
f 964/35/10 961/34/13 922/36/30
f 793/20/8 1620/19/70 791/21/9
f 1619/20/80 1620/19/70 793/21/8
f 788/20/9 1616/19/42 789/21/5
f 1615/20/69 1616/19/42 788/21/9
f 322/20/8 1319/19/42 324/21/5
f 1318/20/76 1319/19/42 322/21/8
f 326/20/8 1321/19/86 325/21/38
f 1322/20/87 1321/19/86 326/21/8
f 220/20/30 133/19/5 221/21/3
f 136/20/8 133/19/5 220/21/30
f 225/20/26 129/19/28 224/21/31
f 132/20/8 129/19/28 225/21/26
f 692/20/30 655/19/25 693/21/10
f 658/20/8 655/19/25 692/21/30
f 688/20/13 659/19/5 689/21/3
f 662/20/25 659/19/5 688/21/13
f 1708/35/70 1669/34/74 1705/36/69
f 1668/35/76 1669/34/74 1708/36/70
f 1704/35/70 1667/34/74 1701/36/69
f 1666/35/76 1667/34/74 1704/36/70
f 826/35/50 917/34/13 827/36/3
f 920/35/46 917/34/13 826/36/50
f 1617/20/74 920/19/46 826/21/50
f 1650/20/73 920/19/46 1617/21/74
f 829/20/26 1652/19/51 1618/21/76
f 921/20/47 1652/19/51 829/21/26
f 831/35/30 921/34/47 829/36/26
f 924/35/10 921/34/47 831/36/30
f 1317/38/66 1433/37/86 1320/39/66
f 1317/38/66 1320/37/66 318/39/35
f 1432/38/76 1433/37/86 1317/39/66
f 318/38/35 1320/37/66 321/39/37
f 217/68/20 1259/67/83 223/69/20
f 217/68/20 223/67/20 488/69/30
f 1256/68/82 1259/67/83 217/69/20
f 488/68/30 223/67/20 489/69/32
f 764/20/47 691/19/30 763/21/24
f 694/20/41 691/19/30 764/21/47
f 1670/35/70 694/34/41 764/36/47
f 1597/35/76 694/34/41 1670/36/70
f 761/35/46 1594/34/74 1665/36/69
f 687/35/42 1594/34/74 761/36/46
f 760/20/23 687/19/42 761/21/46
f 690/20/3 687/19/42 760/21/23
f 780/35/30 825/34/13 781/36/3
f 828/35/24 825/34/13 780/36/30
f 784/35/30 830/34/23 785/36/3
f 832/35/10 830/34/23 784/36/30
f 1146/59/66 1181/58/77 1140/60/66
f 1146/59/66 1140/58/66 48/60/20
f 1180/59/76 1181/58/77 1146/60/66
f 48/59/20 1140/58/66 42/60/20
f 48/59/20 42/58/20 2/60/2
f 2/59/2 42/58/20 3/60/3
f 1598/35/70 1537/34/74 1596/36/73
f 1536/35/76 1537/34/74 1598/36/70
f 1595/35/51 1533/34/74 1593/36/69
f 1532/35/76 1533/34/74 1595/36/51
f 592/35/2 779/34/13 593/36/3
f 782/35/10 779/34/13 592/36/2
f 596/35/2 783/34/13 597/36/3
f 786/35/10 783/34/13 596/36/2
f 441/20/8 1386/19/70 442/21/8
f 1385/20/80 1386/19/70 441/21/8
f 436/20/5 1382/19/42 438/21/5
f 1380/20/69 1382/19/42 436/21/5
f 395/20/30 218/19/8 396/21/10
f 219/20/8 218/19/8 395/21/30
f 390/20/13 222/19/5 392/21/3
f 226/20/5 222/19/5 390/21/13
f 1538/35/70 1475/34/77 1535/36/69
f 1474/35/76 1475/34/77 1538/36/70
f 1534/35/70 1471/34/77 1531/36/69
f 1470/35/76 1471/34/77 1534/36/70
f 1379/35/66 591/34/13 309/36/33
f 435/35/20 1379/34/66 309/36/33
f 594/35/10 591/34/13 1379/36/66
f 308/35/2 435/34/20 309/36/33
f 595/35/13 1384/34/66 598/36/10
f 1384/35/66 312/34/2 598/36/10
f 1384/35/66 440/34/20 312/36/2
f 312/35/2 440/34/20 313/36/3
f 1251/35/54 1354/34/66 1250/36/81
f 1354/35/66 1476/34/70 1250/36/81
f 1354/35/66 394/34/20 1476/36/70
f 1476/35/70 394/34/20 1473/36/69
f 1351/35/66 1247/34/74 1469/36/69
f 389/35/20 1351/34/66 1469/36/69
f 1246/35/80 1247/34/74 1351/36/66
f 1472/35/70 389/34/20 1469/36/69
f 1139/35/66 307/34/13 1245/36/69
f 41/35/20 1139/34/66 1245/36/69
f 310/35/10 307/34/13 1139/36/66
f 1248/35/70 41/34/20 1245/36/69
f 311/35/13 1145/34/66 314/36/10
f 1145/35/66 1252/34/70 314/36/10
f 1145/35/66 47/34/20 1252/36/70
f 1252/35/70 47/34/20 1249/36/69
f 1638/187/78 1790/188/79 1901/189/71
f 1638/190/78 1901/191/71 1635/192/79
f 1639/193/79 1790/194/79 1638/195/78
f 1635/196/79 1901/197/71 1904/198/84
f 1638/199/78 1635/200/79 819/201/17
f 1787/202/71 1790/203/79 1639/204/79
f 1635/205/79 1904/206/84 1783/207/78
f 822/199/16 1638/200/78 819/201/17
f 1787/208/71 1639/209/79 823/210/17
f 1783/211/78 1634/212/78 1635/213/79
f 1203/199/79 822/200/16 819/201/17
f 953/214/1 1787/215/71 823/216/17
f 1634/217/78 1783/218/78 1786/219/84
f 819/199/17 1202/200/78 1203/201/79
f 823/199/17 822/200/16 1203/201/79
f 823/220/17 1564/221/79 953/222/1
f 952/223/18 1634/224/78 1786/225/84
f 1202/199/78 819/200/17 818/201/16
f 823/199/17 1203/200/79 1564/201/79
f 1564/226/79 725/227/17 953/228/1
f 952/229/18 818/230/16 1634/231/78
f 1559/199/78 1202/200/78 818/201/16
f 1203/199/79 37/200/17 1564/201/79
f 725/204/17 956/203/17 953/202/1
f 952/232/18 1559/233/78 818/234/16
f 1559/199/78 36/200/16 1202/201/78
f 37/199/17 1563/200/78 1564/201/79
f 1105/235/1 956/236/17 725/237/17
f 952/208/18 720/209/16 1559/210/78
f 1560/199/79 36/200/16 1559/201/78
f 37/199/17 1560/200/79 1563/201/78
f 1105/238/1 725/239/17 1108/240/29
f 949/218/16 720/217/16 952/219/18
f 37/199/17 36/200/16 1560/201/79
f 1563/199/78 1560/200/79 721/201/17
f 1108/241/29 725/242/17 724/243/16
f 721/213/17 720/212/16 949/211/16
f 1563/199/78 721/200/17 724/201/16
f 1108/191/29 724/192/16 721/190/17
f 721/187/17 949/188/16 1108/189/29
f 1637/10/75 824/11/5 821/12/15
f 1637/10/75 1640/11/43 824/12/5
f 1633/10/75 820/11/14 817/12/51
f 1633/10/75 1636/11/43 820/12/14
f 1201/31/44 1162/32/51 1160/33/73
f 1201/31/44 1204/32/43 1162/33/51
f 66/31/23 38/32/18 35/33/1
f 66/31/23 68/32/24 38/33/18
f 672/10/9 722/11/14 719/12/15
f 672/10/9 1561/11/43 722/12/14
f 1562/10/75 726/11/14 723/12/15
f 1562/10/75 685/11/27 726/12/14
f 1461/67/44 1404/68/51 1402/69/73
f 1461/67/44 1464/68/43 1404/69/51
f 470/67/23 386/68/18 383/69/1
f 470/67/23 472/68/24 386/69/18
f 1166/34/72 377/35/7 376/36/6
f 1278/34/64 1166/35/72 376/36/6
f 72/34/22 1166/35/72 1278/36/64
f 72/34/22 1278/35/64 1279/36/67
f 381/34/7 1159/35/72 1283/36/67
f 1159/34/72 65/35/22 1283/36/67
f 381/34/7 380/35/6 1159/36/72
f 65/34/22 1282/35/64 1283/36/67
f 1158/31/68 70/32/19 64/33/21
f 1158/31/68 1164/32/65 70/33/19
f 1285/58/44 1372/59/51 1371/60/73
f 1285/58/44 1288/59/43 1372/60/51
f 424/58/23 538/59/18 535/60/1
f 424/58/23 426/59/24 538/60/18
f 1590/10/75 750/11/8 747/12/5
f 1590/10/75 1592/11/43 750/12/8
f 1579/10/75 746/11/8 743/12/5
f 1579/10/75 1581/11/43 746/12/8
f 1408/34/72 637/35/7 636/36/6
f 378/34/29 1408/35/72 636/36/6
f 476/34/22 1408/35/72 378/36/29
f 476/34/22 378/35/29 375/36/12
f 641/34/7 1401/35/72 379/36/1
f 1401/34/72 469/35/22 379/36/1
f 641/34/7 640/35/6 1401/36/72
f 469/34/22 382/35/36 379/36/1
f 1400/67/68 474/68/19 468/69/21
f 1400/67/68 1406/68/65 474/69/19
f 1376/34/72 1277/35/44 1280/36/84
f 1497/34/64 1376/35/72 1280/36/84
f 430/34/22 1376/35/72 1497/36/64
f 430/34/22 1497/35/64 1498/36/67
f 1281/34/71 1370/35/72 1502/36/67
f 1370/34/72 423/35/22 1502/36/67
f 1281/34/71 1284/35/43 1370/36/72
f 423/34/22 1501/35/64 1502/36/67
f 1369/58/68 428/59/19 422/60/21
f 1369/58/68 1374/59/65 428/60/19
f 585/10/5 674/11/14 671/12/15
f 585/10/5 584/11/8 674/12/14
f 589/10/5 686/11/14 683/12/15
f 589/10/5 588/11/8 686/12/14
f 815/34/7 642/35/4 639/36/1
f 815/34/7 814/35/6 642/36/4
f 807/34/7 638/35/4 635/36/1
f 807/34/7 806/35/6 638/36/4
f 1515/10/71 634/11/11 631/12/23
f 1515/10/71 1516/11/43 634/12/11
f 1517/10/71 646/11/8 643/12/12
f 1517/10/71 1518/11/43 646/12/8
f 1409/19/71 478/20/8 477/21/5
f 1409/19/71 1410/20/43 478/21/8
f 1399/19/71 471/20/8 467/21/5
f 1399/19/71 1403/20/43 471/21/8
f 253/19/5 432/20/11 431/21/12
f 253/19/5 252/20/8 432/21/11
f 257/19/5 425/20/11 421/21/12
f 257/19/5 256/20/8 425/21/11
f 524/10/25 586/11/11 583/12/12
f 524/10/25 1495/11/43 586/12/11
f 1496/34/44 1548/35/64 1549/36/67
f 1496/34/44 1499/35/43 1548/36/64
f 1500/34/44 1556/35/64 1557/36/67
f 1500/34/44 1503/35/43 1556/36/64
f 1504/10/71 590/11/11 587/12/12
f 1504/10/71 529/11/27 590/12/11
f 1693/100/44 1655/101/51 1653/102/73
f 1693/100/44 1696/101/43 1655/102/51
f 857/34/23 808/35/14 805/36/1
f 857/34/23 859/35/6 808/36/14
f 853/100/23 812/101/18 809/102/1
f 853/100/23 855/101/24 812/102/18
f 851/34/7 816/35/14 813/36/1
f 851/34/7 850/35/24 816/36/14
f 1547/34/71 1613/35/64 1612/36/73
f 1547/34/71 1550/35/43 1613/36/64
f 1551/85/44 1611/86/51 1610/87/73
f 1551/85/44 1554/86/43 1611/87/51
f 1555/34/71 1608/35/51 1609/36/67
f 1555/34/71 1558/35/43 1608/36/51
f 766/85/23 880/86/18 877/87/1
f 766/85/23 769/86/24 880/87/18
f 931/34/7 852/35/12 849/36/1
f 931/34/7 930/35/48 852/36/12
f 930/19/48 854/20/11 852/21/12
f 930/70/48 927/71/49 854/72/11
f 927/73/49 856/74/12 854/75/11
f 927/19/49 858/20/36 856/21/12
f 927/34/49 860/35/14 858/36/36
f 927/34/49 926/35/6 860/36/14
f 1451/10/75 562/11/8 559/12/5
f 1451/10/75 1453/11/43 562/12/8
f 1454/10/75 566/11/8 563/12/5
f 1454/10/75 1456/11/43 566/12/8
f 415/10/5 526/11/14 523/12/15
f 415/10/5 414/11/8 526/12/14
f 419/10/5 530/11/14 527/12/15
f 419/10/5 418/11/8 530/12/14
f 1607/34/71 765/35/48 1675/36/67
f 1607/34/71 717/35/44 765/36/48
f 765/19/48 717/20/44 716/21/45
f 765/244/48 716/245/45 768/246/49
f 716/247/45 713/248/44 768/249/49
f 713/19/44 712/20/43 768/21/49
f 712/34/43 1672/35/64 768/36/49
f 712/34/43 1614/35/43 1672/36/64
f 971/34/7 932/35/14 929/36/1
f 971/34/7 970/35/6 932/36/14
f 967/34/7 928/35/14 925/36/1
f 967/34/7 966/35/6 928/36/14
f 1629/19/71 800/20/8 797/21/5
f 1629/19/71 1630/20/43 800/21/8
f 1631/19/71 804/20/8 801/21/5
f 1631/19/71 1632/20/43 804/21/8
f 1337/19/75 370/20/8 367/21/5
f 1337/19/75 1338/20/43 370/21/8
f 1339/19/75 374/20/8 371/21/5
f 1339/19/75 1340/20/43 374/21/8
f 179/19/5 254/20/14 251/21/15
f 179/19/5 178/20/8 254/21/14
f 183/19/5 258/20/14 255/21/15
f 183/19/5 182/20/8 258/21/14
f 665/19/5 714/20/11 711/21/12
f 665/19/5 664/20/8 714/21/11
f 669/19/5 718/20/11 715/21/12
f 669/19/5 668/20/8 718/21/11
f 1671/34/71 1710/35/64 1711/36/67
f 1671/34/71 1673/35/43 1710/36/64
f 1674/34/71 1714/35/64 1715/36/67
f 1674/34/71 1676/35/43 1714/36/64
f 1009/34/7 972/35/14 969/36/1
f 1009/34/7 1008/35/6 972/36/14
f 1005/34/7 968/35/14 965/36/1
f 1005/34/7 1004/35/6 968/36/14
f 1575/19/71 738/20/8 735/21/5
f 1575/19/71 1576/20/43 738/21/8
f 1577/19/71 742/20/8 739/21/5
f 1577/19/71 1578/20/43 742/21/8
f 1395/10/75 462/11/14 459/12/23
f 1395/10/75 1396/11/43 462/12/14
f 1397/10/75 466/11/27 463/12/15
f 1397/10/75 1398/11/43 466/12/27
f 244/10/27 416/11/14 413/12/15
f 244/10/27 1365/11/43 416/12/14
f 1366/10/75 420/11/14 417/12/15
f 1366/10/75 249/11/27 420/12/14
f 577/19/5 666/20/11 663/21/12
f 577/19/5 576/20/8 666/21/11
f 581/19/5 670/20/11 667/21/12
f 581/19/5 580/20/8 670/21/11
f 1709/34/71 1738/35/64 1739/36/67
f 1709/34/71 1712/35/43 1738/36/64
f 1713/34/71 1742/35/64 1743/36/67
f 1713/34/71 1716/35/43 1742/36/64
f 1513/19/71 630/20/8 627/21/5
f 1513/19/71 1514/20/43 630/21/8
f 1511/19/71 626/20/8 623/21/5
f 1511/19/71 1512/20/43 626/21/8
f 517/19/5 578/20/11 575/21/12
f 517/19/5 516/20/8 578/21/11
f 521/19/5 582/20/11 579/21/12
f 521/19/5 520/20/8 582/21/11
f 1067/34/7 1010/35/14 1007/36/15
f 1067/34/7 1070/35/6 1010/36/14
f 1064/34/7 1006/35/14 1003/36/15
f 1064/34/7 1062/35/6 1006/36/14
f 1331/10/75 362/11/8 359/12/5
f 1331/10/75 1333/11/43 362/12/8
f 1334/10/75 366/11/8 363/12/5
f 1334/10/75 1336/11/43 366/12/8
f 1305/19/75 302/20/8 299/21/5
f 1305/19/75 1306/20/43 302/21/8
f 1307/19/75 306/20/8 303/21/5
f 1307/19/75 1308/20/43 306/21/8
f 105/19/5 180/20/14 177/21/15
f 105/19/5 104/20/8 180/21/14
f 109/19/5 184/20/14 181/21/15
f 109/19/5 108/20/8 184/21/14
f 171/10/5 246/11/14 243/12/15
f 171/10/5 170/11/8 246/12/14
f 175/10/5 250/11/14 247/12/15
f 175/10/5 174/11/8 250/12/14
f 1737/34/75 1814/35/64 1816/36/67
f 1737/34/75 1740/35/43 1814/36/64
f 1741/34/75 1822/35/64 1819/36/67
f 1741/34/75 1744/35/43 1822/36/64
f 1897/28/44 1845/29/51 1842/30/73
f 1897/28/44 1900/29/43 1845/30/51
f 1073/28/36 995/29/60 998/30/9
f 1073/28/36 1072/29/34 995/30/60
f 1447/19/75 554/20/8 551/21/5
f 1447/19/75 1448/20/43 554/21/8
f 1449/19/75 558/20/8 555/21/5
f 1449/19/75 1450/20/43 558/21/8
f 1301/10/71 294/11/11 291/12/23
f 1301/10/71 1302/11/43 294/12/11
f 1303/10/71 298/11/8 295/12/12
f 1303/10/71 1304/11/43 298/12/8
f 100/10/25 172/11/11 169/12/12
f 100/10/25 1223/11/43 172/12/11
f 1224/10/71 176/11/11 173/12/12
f 1224/10/71 113/11/27 176/12/11
f 407/19/5 518/20/14 515/21/15
f 407/19/5 406/20/8 518/21/14
f 411/19/5 522/20/14 519/21/15
f 411/19/5 410/20/8 522/21/14
f 1733/112/92 1824/113/52 1825/114/43
f 1733/112/92 1732/113/25 1824/114/52
f 1026/112/23 1104/113/18 1101/114/1
f 1026/112/23 1029/113/24 1104/114/18
f 1841/19/64 1071/20/16 1066/21/22
f 1066/19/22 1071/20/16 1000/21/8
f 1841/127/64 1844/128/67 1071/129/16
f 1066/19/22 1000/20/8 997/21/5
f 1844/130/67 1074/131/17 1071/132/16
f 1844/19/67 1059/20/22 1074/21/17
f 1074/19/17 1059/20/22 996/21/8
f 1074/19/17 996/20/8 993/21/5
f 1391/19/71 454/20/8 451/21/5
f 1391/19/71 1392/20/43 454/21/8
f 1393/19/71 458/20/8 455/21/5
f 1393/19/71 1394/20/43 458/21/8
f 237/19/5 408/20/11 405/21/12
f 237/19/5 236/20/8 408/21/11
f 241/19/5 412/20/11 409/21/12
f 241/19/5 240/20/8 412/21/11
f 907/19/5 1823/20/78 1818/21/72
f 1025/19/6 1818/20/72 1823/21/78
f 907/19/5 906/20/8 1823/21/78
f 1025/250/6 1823/251/78 1028/252/7
f 1823/253/78 1826/254/79 1028/255/7
f 1826/19/79 1811/20/72 1028/21/7
f 903/19/5 1811/20/72 1826/21/79
f 903/19/5 902/20/8 1811/21/72
f 1111/34/7 1069/35/11 1065/36/1
f 1111/34/7 1114/35/6 1069/36/11
f 1120/34/7 1061/35/29 1060/36/34
f 1120/34/7 1118/35/6 1061/36/29
f 1755/19/44 844/20/8 841/21/5
f 1755/19/44 1756/20/43 844/21/8
f 1757/19/44 848/20/8 845/21/5
f 1757/19/44 1758/20/43 848/21/8
f 1327/19/71 354/20/8 351/21/5
f 1327/19/71 1328/20/43 354/21/8
f 1329/19/71 358/20/8 355/21/5
f 1329/19/71 1330/20/43 358/21/8
f 1239/10/75 196/11/8 193/12/5
f 1239/10/75 1241/11/43 196/12/8
f 285/19/5 200/20/8 197/21/5
f 285/19/5 284/20/8 200/21/8
f 289/19/5 204/20/8 201/21/5
f 289/19/5 288/20/8 204/21/8
f 1242/10/75 208/11/8 205/12/5
f 1242/10/75 1244/11/43 208/12/8
f 22/10/5 102/11/14 99/12/15
f 22/10/5 21/11/8 102/12/14
f 29/19/5 106/20/8 103/21/5
f 29/19/5 28/20/8 106/21/8
f 33/19/5 110/20/8 107/21/5
f 33/19/5 32/20/8 110/21/8
f 26/10/5 114/11/14 111/12/15
f 26/10/5 25/11/8 114/12/14
f 163/19/5 238/20/11 235/21/12
f 163/19/5 162/20/8 238/21/11
f 167/19/5 242/20/11 239/21/12
f 167/19/5 166/20/8 242/21/11
f 705/19/5 904/20/4 901/21/1
f 705/19/5 704/20/8 904/21/4
f 709/19/5 908/20/4 905/21/1
f 709/19/5 708/20/8 908/21/4
f 1812/34/75 1864/35/64 1866/36/67
f 1812/34/75 1813/35/91 1864/36/64
f 1817/34/71 1860/35/64 1857/36/67
f 1817/34/71 1821/35/43 1860/36/64
f 1627/19/44 622/20/8 619/21/5
f 1627/19/44 1628/20/43 622/21/8
f 1625/19/44 618/20/8 615/21/5
f 1625/19/44 1626/20/43 618/21/8
f 345/19/5 286/20/8 283/21/5
f 345/19/5 344/20/8 286/21/8
f 349/19/5 290/20/8 287/21/5
f 349/19/5 348/20/8 290/21/8
f 93/19/5 164/20/8 161/21/5
f 93/19/5 92/20/8 164/21/8
f 97/19/5 168/20/8 165/21/5
f 97/19/5 96/20/8 168/21/8
f 509/19/5 706/20/4 703/21/1
f 509/19/5 508/20/8 706/21/4
f 513/19/5 710/20/4 707/21/1
f 513/19/5 512/20/8 710/21/4
f 1445/19/44 350/20/8 347/21/5
f 1445/19/44 1446/20/43 350/21/8
f 1443/19/44 346/20/8 343/21/5
f 1443/19/44 1444/20/43 346/21/8
f 1188/10/25 125/11/14 120/12/9
f 1188/10/25 1195/11/43 125/12/14
f 1196/10/75 117/11/9 126/12/15
f 1196/10/75 1193/11/25 117/12/9
f 1171/10/25 23/11/14 14/12/9
f 1171/10/25 1175/11/43 23/12/14
f 1176/10/75 19/11/9 24/12/15
f 1176/10/75 1170/11/25 19/12/9
f 155/19/5 510/20/4 507/21/1
f 155/19/5 154/20/8 510/21/4
f 159/19/5 514/20/4 511/21/1
f 159/19/5 158/20/8 514/21/4
f 1913/157/44 1887/158/51 1884/159/73
f 1913/157/44 1916/158/43 1887/159/51
f 1123/157/18 1058/158/50 1055/159/2
f 1123/157/18 1122/158/61 1058/159/50
f 1187/10/64 122/11/8 119/12/8
f 1187/10/64 1190/11/43 122/12/8
f 1191/10/71 118/11/5 115/12/5
f 1191/10/71 1194/11/67 118/12/5
f 53/10/8 16/11/11 13/12/6
f 53/10/8 52/11/8 16/12/11
f 61/10/5 20/11/7 17/12/12
f 61/10/5 60/11/5 20/12/7
f 1807/157/81 1868/158/52 1869/159/43
f 1807/157/81 1810/158/77 1868/159/52
f 1088/157/23 1136/158/18 1133/159/1
f 1088/157/23 1091/158/24 1136/159/18
f 1883/19/64 1121/20/16 1110/21/22
f 1110/19/22 1121/20/16 1295/21/64
f 1883/145/64 1886/146/67 1121/147/16
f 1110/19/22 1295/20/64 1296/21/67
f 1886/148/67 1124/149/17 1121/150/16
f 1886/19/67 1115/20/22 1124/21/17
f 1124/19/17 1115/20/22 1293/21/64
f 1124/19/17 1293/20/64 1294/21/67
f 1149/10/64 54/11/11 51/12/6
f 1149/10/64 1150/11/43 54/12/11
f 1151/28/64 58/29/7 55/30/6
f 1151/28/64 1154/29/67 58/30/7
f 1155/10/71 62/11/7 59/12/12
f 1155/10/71 1156/11/67 62/12/7
f 151/19/7 1867/20/78 1856/21/72
f 1087/19/6 1856/20/72 1867/21/78
f 151/19/7 150/20/6 1867/21/78
f 1087/256/6 1867/257/78 1090/258/7
f 1867/259/78 1870/260/79 1090/261/7
f 1870/19/79 1861/20/72 1090/21/7
f 147/19/7 1861/20/72 1870/21/79
f 147/19/7 146/20/6 1861/21/72
f 341/7/5 1233/8/64 1234/9/67
f 341/7/5 340/8/8 1233/9/64
f 337/7/5 1231/8/64 1232/9/67
f 337/7/5 336/8/8 1231/9/64
f 85/7/7 148/8/8 145/9/5
f 85/7/7 84/8/6 148/9/8
f 89/7/7 152/8/8 149/9/5
f 89/7/7 88/8/6 152/9/8
f 613/19/5 342/20/8 339/21/5
f 613/19/5 612/20/8 342/21/8
f 609/19/5 338/20/8 335/21/5
f 609/19/5 608/20/8 338/21/8
f 277/7/5 1183/8/64 1184/9/67
f 277/7/5 276/8/8 1183/9/64
f 281/7/5 1185/8/64 1186/9/67
f 281/7/5 280/8/8 1185/9/64
f 7/7/7 86/8/8 83/9/5
f 7/7/7 6/8/6 86/9/8
f 11/7/7 90/8/8 87/9/5
f 11/7/7 10/8/6 90/9/8
f 139/19/5 502/20/8 499/21/5
f 139/19/5 138/20/8 502/21/8
f 143/19/5 506/20/8 503/21/5
f 143/19/5 142/20/8 506/21/8
f 839/19/5 614/20/4 611/21/1
f 839/19/5 838/20/8 614/21/4
f 835/19/5 610/20/4 607/21/1
f 835/19/5 834/20/8 610/21/4
f 329/19/5 278/20/8 275/21/5
f 329/19/5 328/20/8 278/21/8
f 333/19/5 282/20/8 279/21/5
f 333/19/5 332/20/8 282/21/8
f 191/7/5 1147/8/64 1148/9/67
f 191/7/5 190/8/8 1147/9/64
f 187/7/5 1144/8/64 1142/9/67
f 187/7/5 186/8/8 1144/9/64
f 50/7/7 8/8/8 5/9/5
f 50/7/7 49/8/6 8/9/8
f 44/7/7 12/8/8 9/9/5
f 44/7/7 46/8/6 12/9/8
f 81/19/5 140/20/8 137/21/5
f 81/19/5 80/20/8 140/21/8
f 77/19/5 144/20/8 141/21/5
f 77/19/5 76/20/8 144/21/8
f 1481/19/44 698/20/8 695/21/5
f 1481/19/44 1482/20/43 698/21/8
f 1483/19/44 702/20/8 699/21/5
f 1483/19/44 1484/20/43 702/21/8
f 1905/34/75 1872/35/64 1873/36/67
f 1905/34/75 1908/35/85 1872/36/64
f 1909/34/75 1876/35/64 1877/36/67
f 1909/34/75 1912/35/85 1876/36/64
f 1879/112/44 1839/113/51 1836/114/73
f 1879/112/44 1882/113/43 1839/114/51
f 1053/112/36 983/113/12 986/114/18
f 1053/112/36 1052/113/34 983/114/12
f 983/19/12 836/20/4 833/21/1
f 983/19/12 982/20/8 836/21/4
f 987/19/5 840/20/4 837/21/1
f 987/19/5 986/20/18 840/21/4
f 445/19/5 330/20/11 327/21/12
f 445/19/5 444/20/8 330/21/11
f 449/19/5 334/20/11 331/21/12
f 449/19/5 448/20/8 334/21/11
f 1261/19/71 230/20/8 227/21/5
f 1261/19/71 1262/20/43 230/21/8
f 1263/19/71 234/20/8 231/21/5
f 1263/19/71 1264/20/43 234/21/8
f 1599/19/44 896/20/8 893/21/52
f 1599/19/44 1600/20/43 896/21/8
f 1601/19/44 900/20/55 897/21/5
f 1601/19/44 1602/20/43 900/21/55
f 900/28/55 1804/29/52 1805/30/43
f 900/28/55 893/29/52 1804/30/52
f 1020/28/23 1086/29/18 1083/30/1
f 1020/28/23 1023/29/24 1086/30/18
f 1081/34/7 1132/35/14 1129/36/63
f 1081/34/7 1080/35/6 1132/36/14
f 1077/34/7 1128/35/14 1125/36/63
f 1077/34/7 1076/35/6 1128/36/14
f 1835/19/64 1051/20/16 1040/21/22
f 1040/19/22 1051/20/16 988/21/11
f 1835/133/64 1838/134/67 1051/135/16
f 1040/19/22 988/20/11 985/21/12
f 1838/136/67 1054/137/17 1051/138/16
f 1838/19/67 1045/20/22 1054/21/17
f 1054/19/17 1045/20/22 984/21/11
f 1054/19/17 984/20/11 981/21/12
f 1727/19/71 1803/20/78 1792/21/72
f 1019/19/6 1792/20/72 1803/21/78
f 1727/19/71 1728/20/43 1803/21/78
f 1019/262/6 1803/263/78 1022/264/7
f 1803/265/78 1806/266/79 1022/267/7
f 1806/19/79 1797/20/72 1022/21/7
f 1725/19/71 1797/20/72 1806/21/79
f 1725/19/71 1726/20/43 1797/21/72
f 1871/34/75 1828/35/64 1829/36/67
f 1871/34/75 1874/35/88 1828/36/64
f 1875/34/95 1832/35/64 1833/36/67
f 1875/34/95 1878/35/43 1832/36/64
f 549/19/5 446/20/14 443/21/15
f 549/19/5 548/20/8 446/21/14
f 545/19/5 450/20/14 447/21/15
f 545/19/5 544/20/8 450/21/14
f 273/19/5 192/20/14 189/21/15
f 273/19/5 272/20/8 192/21/14
f 269/19/5 188/20/14 185/21/15
f 269/19/5 268/20/8 188/21/14
f 1207/19/75 82/20/8 79/21/5
f 1207/19/75 1208/20/43 82/21/8
f 1205/19/75 78/20/8 75/21/5
f 1205/19/75 1206/20/43 78/21/8
f 1355/19/75 400/20/8 397/21/5
f 1355/19/75 1356/20/43 400/21/8
f 1357/19/75 404/20/8 401/21/5
f 1357/19/75 1358/20/43 404/21/8
f 1017/34/7 1082/35/14 1079/36/34
f 1017/34/7 1016/35/6 1082/36/14
f 1013/34/7 1078/35/11 1075/36/61
f 1013/34/7 1012/35/6 1078/36/11
f 605/19/5 546/20/11 543/21/12
f 605/19/5 604/20/8 546/21/11
f 601/19/5 550/20/11 547/21/12
f 601/19/5 600/20/8 550/21/11
f 1413/19/71 494/20/8 491/21/5
f 1413/19/71 1414/20/43 494/21/8
f 1411/19/71 498/20/8 495/21/5
f 1411/19/71 1412/20/43 498/21/8
f 1827/34/75 1768/35/64 1769/36/67
f 1827/34/75 1830/35/43 1768/36/64
f 1831/34/75 1772/35/64 1773/36/67
f 1831/34/75 1834/35/43 1772/36/64
f 733/19/5 602/20/11 599/21/12
f 733/19/5 732/20/8 602/21/11
f 729/19/5 606/20/11 603/21/12
f 729/19/5 728/20/8 606/21/11
f 1477/19/71 574/20/8 571/21/5
f 1477/19/71 1478/20/43 574/21/8
f 1479/19/71 570/20/8 567/21/5
f 1479/19/71 1480/20/43 570/21/8
f 939/34/7 1018/35/14 1015/36/15
f 939/34/7 938/35/6 1018/36/14
f 935/34/7 1014/35/14 1011/36/15
f 935/34/7 934/35/6 1014/36/14
f 789/19/5 730/20/11 727/21/12
f 789/19/5 788/20/9 730/21/11
f 791/19/9 734/20/11 731/21/12
f 791/19/9 793/20/8 734/21/11
f 324/19/5 274/20/14 271/21/15
f 324/19/5 322/20/8 274/21/14
f 325/19/38 270/20/14 267/21/15
f 325/19/38 326/20/8 270/21/14
f 1219/19/75 136/20/8 133/21/5
f 1219/19/75 1220/20/43 136/21/8
f 1217/19/75 132/20/8 129/21/28
f 1217/19/75 1218/20/43 132/21/8
f 1521/19/71 658/20/8 655/21/25
f 1521/19/71 1522/20/43 658/21/8
f 1519/19/71 662/20/25 659/21/5
f 1519/19/71 1520/20/43 662/21/25
f 1767/34/75 1746/35/64 1747/36/67
f 1767/34/75 1770/35/43 1746/36/64
f 1771/34/75 1750/35/64 1751/36/67
f 1771/34/75 1774/35/43 1750/36/64
f 1685/85/44 1652/86/51 1650/87/73
f 1685/85/44 1688/86/43 1652/87/51
f 826/94/50 790/95/36 787/96/12
f 826/97/50 829/98/26 790/99/36
f 1539/173/44 694/172/41 687/174/42
f 1539/176/44 1540/175/91 694/177/41
f 760/100/23 872/101/18 869/102/1
f 760/100/23 763/101/24 872/102/18
f 891/34/7 940/35/14 937/36/15
f 891/34/7 890/35/6 940/36/14
f 887/34/7 936/35/14 933/36/15
f 887/34/7 886/35/6 936/36/14
f 1745/34/71 1678/35/64 1679/36/67
f 1745/34/71 1748/35/43 1678/36/64
f 1749/34/71 1682/35/64 1683/36/67
f 1749/34/71 1752/35/43 1682/36/64
f 1649/94/64 830/95/23 828/96/24
f 1649/97/64 1651/98/67 830/99/23
f 1595/173/51 762/172/7 759/174/6
f 1595/176/51 1596/175/73 762/177/7
f 867/34/7 892/35/14 889/36/1
f 867/34/7 866/35/6 892/36/14
f 863/34/7 888/35/14 885/36/1
f 863/34/7 862/35/6 888/36/14
f 1677/34/71 1642/35/64 1643/36/67
f 1677/34/71 1680/35/43 1642/36/64
f 1681/34/71 1646/35/64 1647/36/67
f 1681/34/71 1684/35/43 1646/36/64
f 442/19/8 320/20/14 316/21/21
f 442/19/8 441/20/8 320/21/14
f 438/19/5 317/20/19 323/21/15
f 438/19/5 436/20/5 317/21/19
f 1254/19/68 219/20/8 218/21/8
f 1254/19/68 1258/20/45 219/21/8
f 1260/19/75 226/20/5 222/21/5
f 1260/19/75 1255/20/65 226/21/5
f 757/34/7 868/35/14 865/36/12
f 757/34/7 756/35/6 868/36/14
f 753/34/7 864/35/11 861/36/1
f 753/34/7 752/35/6 864/36/11
f 1641/34/44 1566/35/64 1567/36/67
f 1641/34/44 1644/35/43 1566/36/64
f 1645/34/44 1570/35/64 1571/36/67
f 1645/34/44 1648/35/43 1570/36/64
f 1431/37/89 1383/38/68 1378/39/65
f 1431/37/89 1434/38/88 1383/39/68
f 434/37/19 319/38/36 315/39/34
f 434/37/19 439/38/21 319/39/36
f 1253/67/52 1353/68/68 1350/69/65
f 1253/67/52 1257/68/43 1353/69/68
f 388/67/19 490/68/36 487/69/12
f 388/67/19 393/68/21 490/69/36
f 653/34/7 758/35/4 755/36/1
f 653/34/7 652/35/6 758/36/4
f 649/34/7 754/35/4 751/36/1
f 649/34/7 648/35/6 754/36/4
f 1565/34/44 1424/35/64 1425/36/67
f 1565/34/44 1568/35/43 1424/36/64
f 1569/34/44 1428/35/64 1429/36/67
f 1569/34/44 1572/35/43 1428/36/64
f 1377/268/64 437/269/7 433/270/6
f 1377/271/64 1381/272/67 437/273/7
f 1179/58/44 1143/59/68 1138/60/65
f 1179/58/44 1182/59/43 1143/60/68
f 40/58/19 4/59/4 1/60/1
f 40/58/19 45/59/21 4/60/4
f 1349/274/64 391/275/7 387/276/6
f 1349/277/64 1352/278/67 391/279/7
f 485/34/7 654/35/4 651/36/1
f 485/34/7 484/35/6 654/36/4
f 481/34/7 650/35/4 647/36/1
f 481/34/7 480/35/6 650/36/4
f 1423/34/44 1310/35/64 1311/36/67
f 1423/34/44 1426/35/88 1310/36/64
f 1427/34/89 1314/35/64 1315/36/67
f 1427/34/89 1430/35/43 1314/36/64
f 1137/280/64 43/281/7 39/282/6
f 1137/283/64 1141/284/67 43/285/7
f 215/34/7 486/35/18 483/36/12
f 215/34/7 214/35/6 486/36/18
f 211/34/7 482/35/36 479/36/1
f 211/34/7 210/35/6 482/36/36
f 1309/34/44 212/35/29 209/36/1
f 1309/34/44 1312/35/85 212/36/29
f 1313/34/44 216/35/29 213/36/1
f 1313/34/44 1316/35/85 216/36/29
f 1915/286/74 1884/287/73 1057/288/39
f 1884/289/73 1055/290/2 1057/291/39
f 1915/144/74 1913/143/44 1884/142/73
f 1881/119/74 990/118/59 992/120/3
f 1881/292/74 1836/293/73 990/294/59
f 1836/112/73 986/113/18 990/114/59
f 1881/156/74 1879/155/44 1836/154/73
f 1899/295/74 1842/296/73 1002/297/39
f 1842/298/73 998/299/9 1002/300/39
f 1899/126/74 1897/125/44 1842/124/73
f 1687/85/86 794/86/50 796/87/3
f 1687/301/86 1615/302/69 794/303/50
f 1615/82/69 788/83/9 794/84/50
f 1687/304/86 1650/305/73 1615/306/69
f 1650/85/73 1617/86/74 1615/87/69
f 1687/108/86 1685/107/44 1650/106/73
f 1695/307/74 1653/308/73 811/309/32
f 1653/310/73 853/311/23 811/312/32
f 1695/93/74 1693/92/44 1653/91/73
f 853/313/23 809/314/1 811/315/32
f 1433/316/86 1380/317/69 1320/318/66
f 1380/319/69 436/320/5 1320/321/66
f 1433/322/86 1431/323/89 1380/324/69
f 1431/37/89 1378/38/65 1380/39/69
f 1463/325/74 1402/326/73 385/327/32
f 1402/328/73 470/329/23 385/330/32
f 1463/51/74 1461/50/44 1402/49/73
f 470/331/23 383/332/1 385/333/32
f 436/37/5 315/38/34 317/39/19
f 436/37/5 434/38/19 315/39/34
f 1181/2/77 1138/1/65 1140/3/66
f 1181/6/77 1179/5/44 1138/4/65
f 1203/334/79 1160/335/73 37/336/17
f 1160/337/73 66/338/23 37/339/17
f 1203/18/79 1201/17/44 1160/16/73
f 66/340/23 35/341/1 37/342/17
f 42/2/20 1/1/1 3/3/3
f 42/6/20 40/5/19 1/4/1
f 1255/67/65 1350/68/65 226/69/5
f 1255/67/65 1253/68/52 1350/69/65
f 1287/343/74 1371/344/73 537/345/32
f 1371/346/73 424/347/23 537/348/32
f 1287/6/74 1285/5/44 1371/4/73
f 424/349/23 535/350/1 537/351/32
f 223/352/20 390/353/13 489/354/32
f 390/355/13 487/356/12 489/357/32
f 223/162/20 226/160/5 390/161/13
f 390/67/13 388/68/19 487/69/12
f 1542/358/74 688/359/13 871/360/32
f 688/361/13 760/362/23 871/363/32
f 1542/364/74 660/365/42 688/366/13
f 760/313/23 869/314/1 871/315/32
f 688/100/13 690/101/3 760/102/23
f 660/82/42 662/83/25 688/84/13
f 1553/367/74 1610/368/73 879/369/32
f 1610/370/73 766/371/23 879/372/32
f 1553/108/74 1551/107/44 1610/106/73
f 766/373/23 877/374/1 879/375/32
f 1085/376/39 1730/377/74 898/378/54
f 1085/379/39 898/380/54 1020/381/23
f 898/28/54 900/29/55 1020/30/23
f 1020/298/23 1083/299/1 1085/300/39
f 1736/382/74 1026/383/23 1103/384/32
f 1026/385/23 1101/386/1 1103/387/32
f 1736/156/74 1733/155/92 1026/154/23
f 1809/388/74 1088/389/23 1135/390/32
f 1088/289/23 1133/290/1 1135/291/32
f 1809/144/74 1807/143/81 1088/142/23
f 1058/19/50 1122/20/61 1124/21/17
f 1294/19/67 1058/20/50 1124/21/17
f 1058/19/50 1294/20/67 1297/21/69
f 1297/7/69 1294/8/67 1232/9/67
f 1294/7/67 337/8/5 1232/9/67
f 1297/7/69 1232/8/67 1154/9/67
f 1232/7/67 1184/8/67 1154/9/67
f 1297/7/69 1154/8/67 1152/9/69
f 1184/7/67 1148/8/67 1154/9/67
f 1232/7/67 277/8/5 1184/9/67
f 1152/7/69 1235/8/69 1297/9/69
f 1154/7/67 1148/8/67 50/9/7
f 1184/7/67 191/8/5 1148/9/67
f 1235/7/69 343/8/5 1297/9/69
f 1152/7/69 1197/8/69 1235/9/69
f 1148/19/67 48/20/20 50/21/7
f 1154/7/67 50/8/7 7/9/7
f 1197/7/69 283/8/5 1235/9/69
f 27/7/13 1197/8/69 1152/9/69
f 1148/19/67 1146/20/66 48/21/20
f 50/7/7 5/8/5 7/9/7
f 58/7/7 1154/8/67 7/9/7
f 1152/7/69 56/8/13 27/9/13
f 27/7/13 1167/8/69 1197/9/69
f 85/7/7 58/8/7 7/9/7
f 27/7/13 56/8/13 91/9/13
f 1197/7/69 1167/8/69 197/9/5
f 73/7/13 1167/8/69 27/9/13
f 7/7/7 83/8/5 85/9/7
f 56/7/13 58/8/7 85/9/7
f 91/7/13 56/8/13 153/9/13
f 27/7/13 91/8/13 93/9/5
f 73/7/13 27/8/13 29/9/5
f 1164/19/65 1167/20/69 73/21/13
f 56/7/13 85/8/7 147/9/7
f 56/7/13 147/8/7 153/9/13
f 91/7/13 153/8/13 155/9/5
f 1164/19/65 73/20/13 70/21/19
f 85/7/7 145/8/5 147/9/7
f 1810/19/77 153/20/13 147/21/7
f 1870/19/79 1810/20/77 147/21/7
f 1810/19/77 1870/20/79 1868/21/52
f 1052/19/34 981/20/12 983/21/12
f 1052/19/34 1054/20/17 981/21/12
f 1072/19/34 993/20/5 995/21/60
f 1072/19/34 1074/20/17 993/21/5
f 989/19/58 833/20/1 835/21/5
f 989/19/58 983/20/12 833/21/1
f 993/19/5 841/20/5 843/21/3
f 993/19/5 1755/20/44 841/21/5
f 1622/19/77 607/20/1 609/21/5
f 1622/19/77 835/20/5 607/21/1
f 841/19/5 615/20/5 617/21/3
f 841/19/5 1625/20/44 615/21/5
f 856/19/12 797/20/5 799/21/3
f 856/19/12 1629/20/71 797/21/5
f 792/19/26 731/20/12 733/21/5
f 792/19/26 791/20/9 731/21/12
f 797/19/5 735/20/5 737/21/3
f 797/19/5 1575/20/71 735/21/5
f 1510/19/42 599/20/12 601/21/5
f 1510/19/42 733/20/5 599/21/12
f 735/19/5 623/20/5 625/21/3
f 735/19/5 1511/20/71 623/21/5
f 1436/19/42 547/20/12 549/21/5
f 1436/19/42 601/20/5 547/21/12
f 1440/19/77 335/20/5 337/21/5
f 1440/19/77 609/20/5 335/21/5
f 615/19/5 343/20/5 345/21/5
f 615/19/5 1443/20/44 343/21/5
f 623/19/5 551/20/5 553/21/3
f 623/19/5 1447/20/75 551/21/5
f 1388/19/74 443/20/15 445/21/5
f 1388/19/74 549/20/5 443/21/15
f 551/19/5 451/20/5 453/21/3
f 551/19/5 1391/20/71 451/21/5
f 1406/19/65 477/20/5 474/21/19
f 1406/19/65 1409/20/71 477/21/5
f 1319/19/42 318/20/35 324/21/5
f 1319/19/42 1317/20/66 318/21/35
f 1324/19/42 327/20/12 329/21/5
f 1324/19/42 445/20/5 327/21/12
f 451/19/5 351/20/5 353/21/3
f 451/19/5 1327/20/71 351/21/5
f 477/19/5 367/20/5 369/21/3
f 477/19/5 1337/20/75 367/21/5
f 1292/19/74 271/20/15 273/21/5
f 1292/19/74 324/20/5 271/21/15
f 335/19/5 275/20/5 277/21/5
f 335/19/5 329/20/5 275/21/5
f 351/19/5 283/20/5 285/21/5
f 351/19/5 345/20/5 283/21/5
f 367/19/5 299/20/5 301/21/3
f 367/19/5 1305/20/75 299/21/5
f 275/19/5 189/20/15 191/21/5
f 275/19/5 273/20/5 189/21/15
f 299/19/5 197/20/5 199/21/3
f 299/19/5 285/20/5 197/21/5
f 5/19/5 79/20/5 81/21/5
f 5/19/5 1207/20/75 79/21/5
f 1212/19/74 103/20/5 105/21/5
f 1212/19/74 29/20/5 103/21/5
f 79/19/5 133/20/5 135/21/3
f 79/19/5 1219/20/75 133/21/5
f 83/19/5 137/20/5 139/21/5
f 83/19/5 81/20/5 137/21/5
f 103/19/5 161/20/5 163/21/5
f 103/19/5 93/20/5 161/21/5
f 1228/19/74 177/20/15 179/21/5
f 1228/19/74 105/20/5 177/21/15
f 133/19/5 217/20/20 221/21/3
f 133/19/5 1256/20/82 217/21/20
f 137/19/5 227/20/5 229/21/3
f 137/19/5 1261/20/71 227/21/5
f 145/19/5 499/20/5 501/21/3
f 145/19/5 139/20/5 499/21/5
f 161/19/5 507/20/1 509/21/5
f 161/19/5 155/20/5 507/21/1
f 1266/19/42 235/20/12 237/21/5
f 1266/19/42 163/20/5 235/21/12
f 1274/19/74 251/20/15 253/21/5
f 1274/19/74 179/20/5 251/21/15
f 227/19/5 397/20/5 399/21/3
f 227/19/5 1355/20/75 397/21/5
f 1360/19/42 405/20/12 407/21/5
f 1360/19/42 237/20/5 405/21/12
f 1374/19/65 431/20/12 428/21/19
f 1374/19/65 253/20/5 431/21/12
f 397/19/5 491/20/5 493/21/3
f 397/19/5 1413/20/71 491/21/5
f 1416/19/74 515/20/15 517/21/5
f 1416/19/74 407/20/5 515/21/15
f 491/19/5 571/20/5 573/21/3
f 491/19/5 1477/20/71 571/21/5
f 499/19/5 695/20/5 697/21/3
f 499/19/5 1481/20/44 695/21/5
f 1486/19/77 703/20/1 705/21/5
f 1486/19/77 509/20/5 703/21/1
f 1490/19/42 575/20/12 577/21/5
f 1490/19/42 517/20/5 575/21/12
f 571/19/5 655/20/25 657/21/41
f 571/19/5 1521/20/71 655/21/25
f 1524/19/42 663/20/12 665/21/5
f 1524/19/42 577/20/5 663/21/12
f 1544/19/42 711/20/12 713/21/44
f 1544/19/42 665/20/5 711/21/12
f 695/19/5 893/20/52 895/21/53
f 695/19/5 1599/20/44 893/21/52
f 1604/19/77 901/20/1 903/21/5
f 1604/19/77 705/20/5 901/21/1
f 893/19/52 1806/20/79 1804/21/52
f 893/19/52 1725/20/71 1806/21/79
f 1732/19/25 1826/20/79 1824/21/52
f 1732/19/25 903/20/5 1826/21/79
f 1889/34/69 1911/35/74 1120/36/7
f 1911/34/74 1888/35/69 1120/36/7
f 1889/34/69 1120/35/7 1844/36/67
f 1888/34/69 1119/35/20 1120/36/7
f 1911/34/74 1909/35/75 1888/36/69
f 1844/34/67 1120/35/7 1060/36/34
f 1889/34/69 1844/35/67 1846/36/69
f 1909/34/75 1886/35/67 1888/36/69
f 1844/34/67 1060/35/34 1059/36/22
f 1891/34/42 1889/35/69 1846/36/69
f 1886/34/67 1909/35/75 1116/36/13
f 1891/34/42 1846/35/69 1847/36/69
f 1116/34/13 1909/35/75 1877/36/67
f 1886/34/67 1116/35/13 1115/36/22
f 1847/34/69 1846/35/69 1063/36/20
f 1877/34/67 1840/35/69 1116/36/13
f 1847/34/69 1063/35/20 1064/36/7
f 1116/34/13 1840/35/69 1049/36/20
f 1877/34/67 1838/35/67 1840/36/69
f 1849/34/74 1847/35/69 1064/36/7
f 1116/34/13 1049/35/20 1050/36/3
f 1838/34/67 1877/35/67 1875/36/95
f 1849/34/74 1064/35/7 1775/36/69
f 1875/34/95 1833/35/67 1838/36/67
f 1775/34/69 1064/35/7 1003/36/15
f 1838/34/67 1833/35/67 1046/36/13
f 1775/34/69 1003/35/15 1005/36/7
f 1833/34/67 1773/35/67 1046/36/13
f 1838/34/67 1046/35/13 1045/36/22
f 1777/34/74 1775/35/69 1005/36/7
f 1046/34/13 1773/35/67 977/36/13
f 1833/34/67 1831/35/75 1773/36/67
f 1759/34/69 1777/35/74 1005/36/7
f 977/34/13 1773/35/67 1751/36/67
f 1046/34/13 977/35/13 979/36/3
f 967/34/7 1759/35/69 1005/36/7
f 1773/34/67 1771/35/75 1751/36/67
f 961/34/13 977/35/13 1751/36/67
f 1005/34/7 965/35/1 967/36/7
f 1759/34/69 967/35/7 927/36/49
f 961/34/13 1751/35/67 921/36/47
f 977/34/13 961/35/13 963/36/3
f 967/34/7 925/35/1 927/36/49
f 927/34/49 1689/35/69 1759/36/69
f 1751/34/67 1683/35/67 921/36/47
f 961/34/13 921/35/47 923/36/3
f 1689/34/69 1761/35/74 1759/36/69
f 1689/34/69 927/35/49 1656/36/69
f 1683/34/67 1651/35/67 921/36/47
f 1751/34/67 1749/35/71 1683/36/67
f 1691/34/42 1689/35/69 1656/36/69
f 1683/34/67 1647/35/67 1651/36/67
f 1691/34/42 1656/35/69 1657/36/69
f 830/34/23 1651/35/67 1647/36/67
f 1683/34/67 1681/35/71 1647/36/67
f 1657/34/69 1656/35/69 857/36/23
f 783/34/13 830/35/23 1647/36/67
f 1657/34/69 857/35/23 807/36/7
f 1647/34/67 1571/35/67 783/36/13
f 830/34/23 783/35/13 785/36/3
f 857/34/23 805/35/1 807/36/7
f 1659/34/77 1657/35/69 807/36/7
f 783/34/13 1571/35/67 595/36/13
f 1647/34/67 1645/35/44 1571/36/67
f 1659/34/77 807/35/7 1582/36/69
f 1571/34/67 1429/35/67 595/36/13
f 783/34/13 595/35/13 597/36/3
f 1582/34/69 807/35/7 635/36/1
f 595/34/13 1429/35/67 1381/36/67
f 1571/34/67 1569/35/44 1429/36/67
f 1582/34/69 635/35/1 637/36/7
f 1381/34/67 1429/35/67 1427/36/89
f 595/34/13 1381/35/67 1384/36/66
f 1584/34/77 1582/35/69 637/36/7
f 1315/34/67 1381/35/67 1427/36/89
f 1584/34/77 637/35/7 1457/36/69
f 1381/34/67 1315/35/67 437/36/7
f 1457/34/69 637/35/7 1408/36/72
f 311/34/13 437/35/7 1315/36/67
f 1457/34/69 1408/35/72 1407/36/69
f 1313/34/44 311/35/13 1315/36/67
f 440/34/20 437/35/7 311/36/13
f 1459/34/54 1457/35/69 1407/36/69
f 1313/34/44 1141/35/67 311/36/13
f 440/34/20 311/35/13 313/36/3
f 1459/34/54 1407/35/69 1341/36/69
f 311/34/13 1141/35/67 1145/36/66
f 213/34/1 1141/35/67 1313/36/44
f 1407/34/69 475/35/13 1341/36/69
f 43/34/7 1141/35/67 213/36/1
f 1341/34/69 475/35/13 377/36/7
f 1249/34/69 43/35/7 213/36/1
f 475/34/13 375/35/12 377/36/7
f 1343/34/86 1341/35/69 377/36/7
f 213/34/1 215/35/7 1249/36/69
f 1249/34/69 47/35/20 43/36/7
f 475/34/13 476/35/22 375/36/12
f 1343/34/86 377/35/7 1165/36/69
f 1249/34/69 215/35/7 1352/36/67
f 377/34/7 1166/35/72 1165/36/69
f 1343/34/86 1165/35/69 261/36/32
f 391/34/7 1352/35/67 215/36/7
f 1251/34/54 1249/35/69 1352/36/67
f 1165/34/69 71/35/13 261/36/32
f 483/34/12 391/35/7 215/36/7
f 1251/34/54 1352/35/67 1354/36/66
f 71/34/13 1279/35/67 261/36/32
f 391/34/7 483/35/12 485/36/7
f 1279/34/67 259/35/13 261/36/32
f 71/34/13 72/35/22 1279/36/67
f 394/34/20 391/35/7 485/36/7
f 1279/34/67 1375/35/69 259/36/13
f 394/34/20 485/35/7 1473/36/69
f 259/34/13 1375/35/69 429/36/13
f 1279/34/67 1376/35/72 1375/36/69
f 1473/34/69 485/35/7 651/36/1
f 259/34/13 429/35/13 533/36/39
f 1279/34/67 1277/35/44 1376/36/72
f 1473/34/69 651/35/1 653/36/7
f 429/34/13 531/35/13 533/36/39
f 1475/34/77 1473/35/69 653/36/7
f 429/34/13 1498/35/67 531/36/13
f 1475/34/77 653/35/7 1535/36/69
f 531/34/13 1498/35/67 675/36/13
f 429/34/13 430/35/22 1498/36/67
f 1535/34/69 653/35/7 755/36/1
f 1498/34/67 1549/35/67 675/36/13
f 531/34/13 675/35/13 677/36/3
f 1535/34/69 755/35/1 757/36/7
f 675/34/13 1549/35/67 771/36/13
f 1498/34/67 1496/35/44 1549/36/67
f 757/34/7 1596/35/73 1535/36/69
f 1549/34/67 1612/35/73 771/36/13
f 675/34/13 771/35/13 773/36/3
f 1596/34/73 1537/35/74 1535/36/69
f 1596/34/73 757/35/7 762/36/7
f 1612/34/73 770/35/13 771/36/13
f 1549/34/67 1547/35/71 1612/36/73
f 762/34/7 757/35/7 865/36/12
f 771/34/13 770/35/13 873/36/13
f 762/34/7 865/35/12 867/36/7
f 873/34/13 770/35/13 768/36/49
f 771/34/13 873/35/13 875/36/3
f 764/34/47 762/35/7 867/36/7
f 909/34/13 873/35/13 768/36/49
f 764/34/47 867/35/7 891/36/7
f 768/34/49 1711/35/67 909/36/13
f 873/34/13 909/35/13 911/36/3
f 867/34/7 889/35/1 891/36/7
f 891/34/7 1705/35/69 764/36/47
f 1711/34/67 1739/35/67 909/36/13
f 768/34/49 1671/35/71 1711/36/67
f 1705/34/69 1669/35/74 764/36/47
f 1721/34/69 1705/35/69 891/36/7
f 909/34/13 1739/35/67 941/36/13
f 1711/34/67 1709/35/71 1739/36/67
f 1721/34/69 891/35/7 937/36/15
f 1721/34/69 1707/35/74 1705/36/69
f 1739/34/67 1816/35/67 941/36/13
f 909/34/13 941/35/13 943/36/3
f 1721/34/69 937/35/15 939/36/7
f 941/34/13 1816/35/67 1031/36/13
f 1739/34/67 1737/35/75 1816/36/67
f 1723/34/74 1721/35/69 939/36/7
f 1816/34/67 1030/35/13 1031/36/13
f 941/34/13 1031/35/13 1033/36/3
f 1723/34/74 939/35/7 1798/36/69
f 1095/34/39 1031/35/13 1030/36/13
f 1816/34/67 1815/35/66 1030/36/13
f 1798/34/69 939/35/7 1015/36/15
f 1095/34/39 1030/35/13 1093/36/13
f 1798/34/69 1015/35/15 1017/36/7
f 1030/34/13 1028/35/7 1093/36/13
f 1797/34/72 1798/35/69 1017/36/7
f 1093/34/13 1028/35/7 1866/36/67
f 1797/34/72 1017/35/7 1022/36/7
f 1811/34/72 1866/35/67 1028/36/7
f 1131/34/32 1093/35/13 1866/36/67
f 1022/34/7 1017/35/7 1079/36/34
f 1811/34/72 1812/35/75 1866/36/67
f 1092/34/13 1131/35/32 1866/36/67
f 1081/34/7 1022/35/7 1079/36/34
f 1866/34/67 1865/35/66 1092/36/13
f 1131/34/32 1092/35/13 1129/36/63
f 1081/34/7 1024/35/13 1022/36/7
f 1092/34/13 1090/35/7 1129/36/63
f 1862/34/69 1024/35/13 1081/36/7
f 1129/34/63 1090/35/7 1862/36/69
f 1129/34/63 1862/35/69 1081/36/7
f 1802/34/42 1024/35/13 1862/36/69
f 1090/34/7 1861/35/72 1862/36/69
f 1802/34/42 1801/35/66 1024/36/13
f 1112/19/20 1296/20/67 1299/21/69
f 1194/7/67 1299/8/69 1296/9/67
f 1112/19/20 1110/20/22 1296/21/67
f 1234/7/67 1194/8/67 1296/9/67
f 1194/7/67 1237/8/69 1299/9/69
f 1296/7/67 341/8/5 1234/9/67
f 1156/7/67 1194/8/67 1234/9/67
f 1237/7/69 347/8/5 1299/9/69
f 1237/7/69 1194/8/67 1192/9/69
f 1234/7/67 1186/8/67 1156/9/67
f 1194/7/67 1156/8/67 118/9/5
f 287/7/5 1237/8/69 1192/9/69
f 1186/7/67 1142/8/67 1156/9/67
f 1234/7/67 281/8/5 1186/9/67
f 287/7/5 1192/8/69 1199/9/69
f 1156/7/67 1142/8/67 44/9/7
f 1186/7/67 187/8/5 1142/9/67
f 1199/7/69 1192/8/69 116/9/13
f 1142/19/67 41/20/20 44/21/7
f 1156/7/67 44/8/7 11/9/7
f 1157/7/69 1199/8/69 116/9/13
f 1142/19/67 1139/20/66 41/21/20
f 44/7/7 9/8/5 11/9/7
f 62/7/7 1156/8/67 11/9/7
f 1157/7/69 116/8/13 1169/9/69
f 1157/7/69 201/8/5 1199/9/69
f 89/7/7 62/8/7 11/9/7
f 1169/7/69 116/8/13 118/9/5
f 63/7/13 1157/8/69 1169/9/69
f 11/7/7 87/8/5 89/9/7
f 89/7/7 20/8/7 62/9/7
f 1169/7/69 118/8/5 60/9/5
f 31/7/13 63/8/13 1169/9/69
f 1159/19/72 1157/20/69 63/21/13
f 20/7/7 60/8/5 62/9/7
f 151/7/7 20/8/7 89/9/7
f 1169/7/69 18/8/13 31/9/13
f 63/7/13 31/8/13 33/9/5
f 1159/19/72 63/20/13 65/21/22
f 89/7/7 149/8/5 151/9/7
f 20/7/7 151/8/7 157/9/13
f 31/7/13 18/8/13 95/9/13
f 157/19/13 151/20/7 1856/21/72
f 157/7/13 95/8/13 20/9/7
f 95/7/13 18/8/13 20/9/7
f 31/7/13 95/8/13 97/9/5
f 157/19/13 1856/20/72 1858/21/66
f 95/7/13 157/8/13 159/9/5
f 1042/19/20 985/20/12 987/21/5
f 1042/19/20 1040/20/22 985/21/12
f 1068/19/20 997/20/5 999/21/3
f 1068/19/20 1066/20/22 997/21/5
f 1754/19/77 837/20/1 839/21/5
f 1754/19/77 987/20/5 837/21/1
f 997/19/5 845/20/5 847/21/3
f 997/19/5 1757/20/44 845/21/5
f 1616/19/42 787/20/12 789/21/5
f 1616/19/42 826/20/50 787/21/12
f 1624/19/77 611/20/1 613/21/5
f 1624/19/77 839/20/5 611/21/1
f 845/19/5 619/20/5 621/21/3
f 845/19/5 1627/20/44 619/21/5
f 852/19/12 801/20/5 803/21/3
f 852/19/12 1631/20/71 801/21/5
f 1574/19/42 727/20/12 729/21/5
f 1574/19/42 789/20/5 727/21/12
f 801/19/5 739/20/5 741/21/3
f 801/19/5 1577/20/71 739/21/5
f 1508/19/42 603/20/12 605/21/5
f 1508/19/42 729/20/5 603/21/12
f 739/19/5 627/20/5 629/21/3
f 739/19/5 1513/20/71 627/21/5
f 1438/19/42 543/20/12 545/21/5
f 1438/19/42 605/20/5 543/21/12
f 1442/19/77 339/20/5 341/21/5
f 1442/19/77 613/20/5 339/21/5
f 619/19/5 347/20/5 349/21/5
f 619/19/5 1445/20/44 347/21/5
f 627/19/5 555/20/5 557/21/3
f 627/19/5 1449/20/75 555/21/5
f 1382/19/42 435/20/20 438/21/5
f 1382/19/42 1379/20/66 435/21/20
f 1390/19/74 447/20/15 449/21/5
f 1390/19/74 545/20/5 447/21/15
f 555/19/5 455/20/5 457/21/3
f 555/19/5 1393/20/71 455/21/5
f 1401/19/72 467/20/5 469/21/22
f 1401/19/72 1399/20/71 467/21/5
f 1321/19/86 323/20/15 325/21/38
f 1321/19/86 438/20/5 323/21/15
f 1326/19/42 331/20/12 333/21/5
f 1326/19/42 449/20/5 331/21/12
f 455/19/5 355/20/5 357/21/3
f 455/19/5 1329/20/71 355/21/5
f 467/19/5 371/20/5 373/21/3
f 467/19/5 1339/20/75 371/21/5
f 1290/19/74 267/20/15 269/21/5
f 1290/19/74 325/20/38 267/21/15
f 339/19/5 279/20/5 281/21/5
f 339/19/5 333/20/5 279/21/5
f 355/19/5 287/20/5 289/21/5
f 355/19/5 349/20/5 287/21/5
f 371/19/5 303/20/5 305/21/3
f 371/19/5 1307/20/75 303/21/5
f 279/19/5 185/20/15 187/21/5
f 279/19/5 269/20/5 185/21/15
f 303/19/5 201/20/5 203/21/3
f 303/19/5 289/20/5 201/21/5
f 9/19/5 75/20/5 77/21/5
f 9/19/5 1205/20/75 75/21/5
f 1214/19/74 107/20/5 109/21/5
f 1214/19/74 33/20/5 107/21/5
f 75/19/5 129/20/28 131/21/3
f 75/19/5 1217/20/75 129/21/28
f 87/19/5 141/20/5 143/21/5
f 87/19/5 77/20/5 141/21/5
f 107/19/5 165/20/5 167/21/5
f 107/19/5 97/20/5 165/21/5
f 1230/19/74 181/20/15 183/21/5
f 1230/19/74 109/20/5 181/21/15
f 129/19/28 222/20/5 224/21/31
f 129/19/28 1260/20/75 222/21/5
f 141/19/5 231/20/5 233/21/3
f 141/19/5 1263/20/71 231/21/5
f 149/19/5 503/20/5 505/21/3
f 149/19/5 143/20/5 503/21/5
f 165/19/5 511/20/1 513/21/5
f 165/19/5 159/20/5 511/21/1
f 1268/19/42 239/20/12 241/21/5
f 1268/19/42 167/20/5 239/21/12
f 1276/19/74 255/20/15 257/21/5
f 1276/19/74 183/20/5 255/21/15
f 222/19/5 389/20/20 392/21/3
f 222/19/5 1351/20/66 389/21/20
f 231/19/5 401/20/5 403/21/3
f 231/19/5 1357/20/75 401/21/5
f 1362/19/42 409/20/12 411/21/5
f 1362/19/42 241/20/5 409/21/12
f 1370/19/72 421/20/12 423/21/22
f 1370/19/72 257/20/5 421/21/12
f 401/19/5 495/20/5 497/21/3
f 401/19/5 1411/20/71 495/21/5
f 1418/19/74 519/20/15 521/21/5
f 1418/19/74 411/20/5 519/21/15
f 495/19/5 567/20/5 569/21/3
f 495/19/5 1479/20/71 567/21/5
f 503/19/5 699/20/5 701/21/3
f 503/19/5 1483/20/44 699/21/5
f 1488/19/77 707/20/1 709/21/5
f 1488/19/77 513/20/5 707/21/1
f 1492/19/42 579/20/12 581/21/5
f 1492/19/42 521/20/5 579/21/12
f 567/19/5 659/20/5 661/21/3
f 567/19/5 1519/20/71 659/21/5
f 1526/19/42 667/20/12 669/21/5
f 1526/19/42 581/20/5 667/21/12
f 659/19/5 687/20/42 689/21/3
f 659/19/5 1539/20/44 687/21/42
f 1546/19/42 715/20/12 717/21/44
f 1546/19/42 669/20/5 715/21/12
f 699/19/5 897/20/5 899/21/3
f 699/19/5 1601/20/44 897/21/5
f 1606/19/77 905/20/1 907/21/5
f 1606/19/77 709/20/5 905/21/1
f 897/19/5 1792/20/72 1794/21/66
f 897/19/5 1727/20/71 1792/21/72
f 1734/19/54 1818/20/72 1820/21/66
f 1734/19/54 907/20/5 1818/21/72
f 1893/34/69 1907/35/74 1111/36/7
f 1111/34/7 1907/35/74 1109/36/13
f 1851/34/69 1893/35/69 1111/36/7
f 1109/34/13 1907/35/74 1905/36/75
f 1851/34/69 1111/35/7 1065/36/1
f 1851/34/69 1895/35/74 1893/36/69
f 1109/34/13 1905/35/75 1873/36/67
f 1851/34/69 1065/35/1 1067/36/7
f 1873/34/67 1829/35/67 1109/36/13
f 1853/34/74 1851/35/69 1067/36/7
f 1109/34/13 1829/35/67 1039/36/13
f 1873/34/67 1871/35/75 1829/36/67
f 1853/34/74 1067/35/7 1779/36/69
f 1829/34/67 1769/35/67 1039/36/13
f 1109/34/13 1039/35/13 1041/36/59
f 1779/34/69 1067/35/7 1007/36/15
f 1039/34/13 1769/35/67 973/36/13
f 1829/34/67 1827/35/75 1769/36/67
f 1779/34/69 1007/35/15 1009/36/7
f 973/34/13 1769/35/67 1747/36/67
f 1039/34/13 973/35/13 975/36/3
f 1781/34/74 1779/35/69 1009/36/7
f 1769/34/67 1767/35/75 1747/36/67
f 957/34/13 973/35/13 1747/36/67
f 1763/34/69 1781/35/74 1009/36/7
f 957/34/13 1747/35/67 917/36/13
f 973/34/13 957/35/13 959/36/3
f 971/34/7 1763/35/69 1009/36/7
f 1747/34/67 1679/35/67 917/36/13
f 957/34/13 917/35/13 919/36/3
f 1009/34/7 969/35/1 971/36/7
f 1763/34/69 971/35/7 931/36/7
f 917/34/13 1679/35/67 825/36/13
f 1747/34/67 1745/35/71 1679/36/67
f 971/34/7 929/35/1 931/36/7
f 931/34/7 1697/35/69 1763/36/69
f 1679/34/67 1643/35/67 825/36/13
f 917/34/13 825/35/13 827/36/3
f 1697/34/69 1765/35/74 1763/36/69
f 1697/34/69 931/35/7 851/36/7
f 825/34/13 1643/35/67 779/36/13
f 1679/34/67 1677/35/71 1643/36/67
f 931/34/7 849/35/1 851/36/7
f 851/34/7 1661/35/69 1697/36/69
f 1643/34/67 1567/35/67 779/36/13
f 825/34/13 779/35/13 781/36/3
f 1661/34/69 1699/35/74 1697/36/69
f 1661/34/69 851/35/7 815/36/7
f 779/34/13 1567/35/67 591/36/13
f 1643/34/67 1641/35/44 1567/36/67
f 851/34/7 813/35/1 815/36/7
f 1663/34/77 1661/35/69 815/36/7
f 1567/34/67 1425/35/67 591/36/13
f 779/34/13 591/35/13 593/36/3
f 1663/34/77 815/35/7 1586/36/69
f 591/34/13 1425/35/67 1311/36/67
f 1567/34/67 1565/35/44 1425/36/67
f 1586/34/69 815/35/7 639/36/1
f 1425/34/67 1423/35/44 1311/36/67
f 591/34/13 1311/35/67 307/36/13
f 1586/34/69 639/35/1 641/36/7
f 307/34/13 1311/35/67 1309/36/44
f 591/34/13 307/35/13 309/36/33
f 1588/34/77 1586/35/69 641/36/7
f 209/34/1 307/35/13 1309/36/44
f 1588/34/77 641/35/7 1465/36/69
f 209/34/1 1245/35/69 307/36/13
f 1465/34/69 641/35/7 379/36/1
f 211/34/7 1245/35/69 209/36/1
f 1465/34/69 379/35/1 381/36/7
f 1247/34/74 1245/35/69 211/36/7
f 381/34/7 1345/35/69 1465/36/69
f 1247/34/74 211/35/7 481/36/7
f 1345/34/69 1467/35/90 1465/36/69
f 1347/34/86 1345/35/69 381/36/7
f 211/34/7 479/35/1 481/36/7
f 1247/34/74 481/35/7 1469/36/69
f 1347/34/86 381/35/7 265/36/32
f 1469/34/69 481/35/7 647/36/1
f 381/34/7 1283/35/67 265/36/32
f 1469/34/69 647/35/1 649/36/7
f 1283/34/67 263/35/13 265/36/32
f 1471/34/77 1469/35/69 649/36/7
f 263/34/13 1283/35/67 539/36/13
f 1471/34/77 649/35/7 1531/36/69
f 1283/34/67 1502/35/67 539/36/13
f 263/34/13 539/35/13 541/36/3
f 1531/34/69 649/35/7 751/36/1
f 539/34/13 1502/35/67 679/36/13
f 1283/34/67 1281/35/71 1502/36/67
f 1531/34/69 751/35/1 753/36/7
f 1502/34/67 1557/35/67 679/36/13
f 539/34/13 679/35/13 681/36/3
f 753/34/7 1593/35/69 1531/36/69
f 679/34/13 1557/35/67 775/36/13
f 1502/34/67 1500/35/44 1557/36/67
f 1593/34/69 1533/35/74 1531/36/69
f 1593/34/69 753/35/7 863/36/7
f 1557/34/67 1609/35/67 775/36/13
f 679/34/13 775/35/13 777/36/3
f 753/34/7 861/35/1 863/36/7
f 863/34/7 1665/35/69 1593/36/69
f 775/34/13 1609/35/67 881/36/13
f 1557/34/67 1555/35/71 1609/36/67
f 1665/34/69 1594/35/74 1593/36/69
f 1665/34/69 863/35/7 887/36/7
f 1609/34/67 1675/35/67 881/36/13
f 775/34/13 881/35/13 883/36/3
f 863/34/7 885/35/1 887/36/7
f 887/34/7 1701/35/69 1665/36/69
f 881/34/13 1675/35/67 913/36/13
f 1609/34/67 1607/35/71 1675/36/67
f 1701/34/69 1667/35/74 1665/36/69
f 1717/34/69 1701/35/69 887/36/7
f 1675/34/67 1715/35/67 913/36/13
f 881/34/13 913/35/13 915/36/3
f 1717/34/69 887/35/7 933/36/15
f 1717/34/69 1703/35/74 1701/36/69
f 1715/34/67 1743/35/67 913/36/13
f 1675/34/67 1674/35/71 1715/36/67
f 1717/34/69 933/35/15 935/36/7
f 913/34/13 1743/35/67 945/36/13
f 1715/34/67 1713/35/71 1743/36/67
f 1719/34/74 1717/35/69 935/36/7
f 1743/34/67 1819/35/67 945/36/13
f 913/34/13 945/35/13 947/36/3
f 1719/34/74 935/35/7 1791/36/69
f 945/34/13 1819/35/67 1035/36/13
f 1743/34/67 1741/35/75 1819/36/67
f 1791/34/69 935/35/7 1011/36/15
f 1035/34/13 1819/35/67 1097/36/13
f 945/34/13 1035/35/13 1037/36/3
f 1791/34/69 1011/35/15 1013/36/7
f 1097/34/13 1819/35/67 1817/36/71
f 1035/34/13 1097/35/13 1099/36/3
f 1793/34/74 1791/35/69 1013/36/7
f 1817/34/71 1857/35/67 1097/36/13
f 1793/34/74 1013/35/7 1077/36/7
f 1127/34/32 1097/35/13 1857/36/67
f 1013/34/7 1075/35/61 1077/36/7
f 1855/34/69 1793/35/74 1077/36/7
f 1127/34/32 1857/35/67 1125/36/63
f 1077/34/7 1125/35/63 1855/36/69
f 1125/34/63 1857/35/67 1855/36/69
f 1193/10/25 115/11/5 117/12/9
f 1193/10/25 1191/11/71 115/12/5
f 115/10/5 59/11/12 61/12/5
f 115/10/5 1155/11/71 59/12/12
f 1170/10/25 17/11/12 19/12/9
f 1170/10/25 61/11/5 17/12/12
f 1240/10/74 193/11/5 195/12/3
f 1240/10/74 1239/11/75 193/12/5
f 193/10/5 120/11/9 124/12/3
f 193/10/5 1188/11/25 120/12/9
f 1174/10/74 14/11/9 22/12/5
f 1174/10/74 1171/11/25 14/12/9
f 1210/10/74 99/11/15 101/12/3
f 1210/10/74 22/11/5 99/12/15
f 1332/10/74 359/11/5 361/12/3
f 1332/10/74 1331/11/75 359/12/5
f 359/10/5 291/11/23 293/12/3
f 359/10/5 1301/11/71 291/12/23
f 1222/10/42 169/11/12 171/12/5
f 1222/10/42 100/11/25 169/12/12
f 1270/10/74 243/11/15 245/12/3
f 1270/10/74 171/11/5 243/12/15
f 298/10/8 205/11/5 207/12/3
f 298/10/8 1242/11/75 205/12/5
f 205/10/5 126/11/15 128/12/3
f 205/10/5 1196/11/75 126/12/15
f 1178/10/74 24/11/15 26/12/5
f 1178/10/74 1176/11/75 24/12/15
f 1216/10/74 111/11/15 113/12/27
f 1216/10/74 26/11/5 111/12/15
f 1452/10/74 559/11/5 561/12/3
f 1452/10/74 1451/11/75 559/12/5
f 559/10/5 459/11/23 461/12/3
f 559/10/5 1395/11/75 459/12/23
f 1364/10/74 413/11/15 415/12/5
f 1364/10/74 244/11/27 413/12/15
f 1420/10/74 523/11/15 525/12/3
f 1420/10/74 415/11/5 523/12/15
f 466/10/27 363/11/5 365/12/3
f 466/10/27 1334/11/75 363/12/5
f 363/10/5 295/11/12 297/12/3
f 363/10/5 1303/11/71 295/12/12
f 1226/10/42 173/11/12 175/12/5
f 1226/10/42 1224/11/71 173/12/12
f 1272/10/74 247/11/15 249/12/27
f 1272/10/74 175/11/5 247/12/15
f 646/10/8 563/11/5 565/12/3
f 646/10/8 1454/11/75 563/12/5
f 563/10/5 463/11/15 465/12/3
f 563/10/5 1397/11/75 463/12/15
f 1368/10/74 417/11/15 419/12/5
f 1368/10/74 1366/11/75 417/12/15
f 1422/10/74 527/11/15 529/12/27
f 1422/10/74 419/11/5 527/12/15
f 1580/10/74 743/11/5 745/12/3
f 1580/10/74 1579/11/75 743/12/5
f 743/10/5 631/11/23 633/12/3
f 743/10/5 1515/11/71 631/12/23
f 1494/10/42 583/11/12 585/12/5
f 1494/10/42 524/11/25 583/12/12
f 1528/10/74 671/11/15 673/12/3
f 1528/10/74 585/11/5 671/12/15
f 824/10/5 747/11/5 749/12/3
f 824/10/5 1590/11/75 747/12/5
f 747/10/5 643/11/12 645/12/3
f 747/10/5 1517/11/71 643/12/12
f 1506/10/42 587/11/12 589/12/5
f 1506/10/42 1504/11/71 587/12/12
f 1530/10/74 683/11/15 685/12/27
f 1530/10/74 589/11/5 683/12/15
f 1635/10/79 817/11/51 819/12/17
f 1635/10/79 1633/11/75 817/12/51
f 1560/10/79 719/11/15 721/12/17
f 1560/10/79 672/11/9 719/12/15
f 1639/10/79 821/11/15 823/12/17
f 1639/10/79 1637/11/75 821/12/15
f 1564/10/79 723/11/15 725/12/17
f 1564/10/79 1562/11/75 723/12/15
f 1903/109/86 1790/110/79 1788/111/94
f 1903/109/86 1901/110/71 1790/111/79
f 954/109/57 1105/110/1 1107/111/3
f 954/109/57 956/110/17 1105/111/1
f 1789/109/42 953/110/1 955/111/3
f 1789/109/42 1787/110/71 953/111/1
f 1887/287/51 1914/286/76 1056/288/30
f 1058/290/50 1887/289/51 1056/291/30
f 1916/143/43 1914/144/76 1887/142/51
f 989/118/58 1880/119/76 991/120/26
f 1839/293/51 1880/292/76 989/294/58
f 983/113/12 1839/112/51 989/114/58
f 1882/155/43 1880/156/76 1839/154/51
f 1845/296/51 1898/295/76 1001/297/30
f 995/299/60 1845/298/51 1001/300/30
f 1900/125/43 1898/126/76 1845/124/51
f 792/86/26 1686/85/81 795/87/26
f 1620/302/70 1686/301/81 792/303/26
f 791/83/9 1620/82/70 792/84/26
f 1652/305/51 1686/304/81 1620/306/70
f 1618/86/76 1652/85/51 1620/87/70
f 1688/107/43 1686/108/81 1652/106/51
f 1655/308/51 1694/307/76 810/309/30
f 855/311/24 1655/310/51 810/312/30
f 1696/92/43 1694/93/76 1655/91/51
f 812/314/18 855/313/24 810/315/30
f 1386/317/70 1432/316/76 1317/318/66
f 442/320/8 1386/319/70 1317/321/66
f 1434/323/88 1432/322/76 1386/324/70
f 1383/38/68 1434/37/88 1386/39/70
f 1404/326/51 1462/325/76 384/327/30
f 472/329/24 1404/328/51 384/330/30
f 1464/50/43 1462/51/76 1404/49/51
f 386/332/18 472/331/24 384/333/30
f 319/38/36 442/37/8 316/39/21
f 439/38/21 442/37/8 319/39/36
f 1143/1/68 1180/2/76 1146/3/66
f 1182/5/43 1180/6/76 1143/4/68
f 1162/335/51 1202/334/78 36/336/16
f 68/338/24 1162/337/51 36/339/16
f 1204/17/43 1202/18/78 1162/16/51
f 38/341/18 68/340/24 36/342/16
f 4/1/4 48/2/20 2/3/2
f 45/5/21 48/6/20 4/4/4
f 1353/68/68 1254/67/68 218/69/8
f 1257/68/43 1254/67/68 1353/69/68
f 1372/344/51 1286/343/76 536/345/30
f 426/347/24 1372/346/51 536/348/30
f 1288/5/43 1286/6/76 1372/4/51
f 538/350/18 426/349/24 536/351/30
f 396/353/10 217/352/20 488/354/30
f 490/356/36 396/355/10 488/357/30
f 218/160/8 217/162/20 396/161/10
f 393/68/21 396/67/10 490/69/36
f 693/359/10 1541/358/53 870/360/30
f 763/362/24 693/361/10 870/363/30
f 657/365/41 1541/364/53 693/366/10
f 872/314/18 763/313/24 870/315/30
f 691/101/30 693/100/10 763/102/24
f 655/83/25 657/82/41 693/84/10
f 1611/368/51 1552/367/76 878/369/30
f 769/371/24 1611/370/51 878/372/30
f 1554/107/43 1552/108/76 1611/106/51
f 880/374/18 769/373/24 878/375/30
f 1729/377/76 1084/376/30 895/378/53
f 895/380/53 1084/379/30 1023/381/24
f 893/29/52 895/28/53 1023/30/24
f 1086/299/18 1023/298/24 1084/300/30
f 1029/383/24 1735/382/76 1102/384/30
f 1104/386/18 1029/385/24 1102/387/30
f 1732/155/25 1735/156/76 1029/154/24
f 1091/389/24 1808/388/76 1134/390/30
f 1136/290/18 1091/289/24 1134/291/30
f 1810/143/77 1808/144/76 1091/142/24
f 1293/20/64 1119/19/20 1298/21/70
f 1298/8/70 1187/7/64 1293/9/64
f 1115/20/22 1119/19/20 1293/21/64
f 1187/8/64 1231/7/64 1293/9/64
f 1236/8/70 1187/7/64 1298/9/70
f 336/8/8 1293/7/64 1231/9/64
f 1187/8/64 1149/7/64 1231/9/64
f 346/8/8 1236/7/70 1298/9/70
f 1187/8/64 1236/7/70 1189/9/70
f 1183/8/64 1231/7/64 1149/9/64
f 1149/8/64 1187/7/64 119/9/8
f 1236/8/70 286/7/8 1189/9/70
f 1147/8/64 1183/7/64 1149/9/64
f 276/8/8 1231/7/64 1183/9/64
f 1189/8/70 286/7/8 1198/9/70
f 1147/8/64 1149/7/64 49/9/6
f 190/8/8 1183/7/64 1147/9/64
f 1189/8/70 1198/7/70 121/9/10
f 47/20/20 1147/19/64 49/21/6
f 49/8/6 1149/7/64 6/9/6
f 1198/8/70 1168/7/70 121/9/10
f 1145/20/66 1147/19/64 47/21/20
f 8/8/8 49/7/6 6/9/6
f 1149/8/64 51/7/6 6/9/6
f 121/8/10 1168/7/70 1172/9/70
f 200/8/8 1168/7/70 1198/9/70
f 51/8/6 84/7/6 6/9/6
f 121/8/10 1172/7/70 119/9/8
f 1168/8/70 74/7/10 1172/9/70
f 86/8/8 6/7/6 84/9/6
f 13/8/6 84/7/6 51/9/6
f 119/8/8 1172/7/70 53/9/8
f 74/8/10 30/7/10 1172/9/70
f 1168/20/70 1166/19/72 74/21/10
f 53/8/8 13/7/6 51/9/6
f 13/8/6 146/7/6 84/9/6
f 15/8/10 1172/7/70 30/9/10
f 30/8/10 74/7/10 28/9/8
f 74/20/10 1166/19/72 72/21/22
f 148/8/8 84/7/6 146/9/6
f 146/8/6 13/7/6 156/9/10
f 15/8/10 30/7/10 94/9/10
f 146/20/6 156/19/10 1861/21/72
f 94/8/10 156/7/10 13/9/6
f 15/8/10 94/7/10 13/9/6
f 94/8/10 30/7/10 92/9/8
f 1861/20/72 156/19/10 1865/21/66
f 156/8/10 94/7/10 154/9/8
f 984/20/11 1049/19/20 982/21/8
f 1045/20/22 1049/19/20 984/21/11
f 996/20/8 1063/19/20 994/21/2
f 1059/20/22 1063/19/20 996/21/8
f 836/20/4 1753/19/76 834/21/8
f 982/20/8 1753/19/76 836/21/4
f 844/20/8 996/19/8 842/21/2
f 1756/20/43 996/19/8 844/21/8
f 790/20/36 1619/19/80 793/21/8
f 829/20/26 1619/19/80 790/21/36
f 610/20/4 1621/19/76 608/21/8
f 834/20/8 1621/19/76 610/21/4
f 618/20/8 844/19/8 616/21/2
f 1626/20/43 844/19/8 618/21/8
f 800/20/8 858/19/36 798/21/30
f 1630/20/43 858/19/36 800/21/8
f 734/20/11 1573/19/80 732/21/8
f 793/20/8 1573/19/80 734/21/11
f 738/20/8 800/19/8 736/21/30
f 1576/20/43 800/19/8 738/21/8
f 602/20/11 1509/19/80 600/21/8
f 732/20/8 1509/19/80 602/21/11
f 626/20/8 738/19/8 624/21/30
f 1512/20/43 738/19/8 626/21/8
f 550/20/11 1435/19/80 548/21/8
f 600/20/8 1435/19/80 550/21/11
f 338/20/8 1439/19/76 336/21/8
f 608/20/8 1439/19/76 338/21/8
f 346/20/8 618/19/8 344/21/8
f 1444/20/43 618/19/8 346/21/8
f 554/20/8 626/19/8 552/21/26
f 1448/20/43 626/19/8 554/21/8
f 440/20/20 1385/19/80 441/21/8
f 1384/20/66 1385/19/80 440/21/20
f 446/20/14 1387/19/53 444/21/8
f 548/20/8 1387/19/53 446/21/14
f 454/20/8 554/19/8 452/21/30
f 1392/20/43 554/19/8 454/21/8
f 478/20/8 1408/19/72 476/21/22
f 1410/20/43 1408/19/72 478/21/8
f 320/20/14 1318/19/76 322/21/8
f 441/20/8 1318/19/76 320/21/14
f 330/20/11 1323/19/80 328/21/8
f 444/20/8 1323/19/80 330/21/11
f 354/20/8 454/19/8 352/21/30
f 1328/20/43 454/19/8 354/21/8
f 370/20/8 478/19/8 368/21/26
f 1338/20/43 478/19/8 370/21/8
f 274/20/14 1291/19/53 272/21/8
f 322/20/8 1291/19/53 274/21/14
f 278/20/8 338/19/8 276/21/8
f 328/20/8 338/19/8 278/21/8
f 286/20/8 354/19/8 284/21/8
f 344/20/8 354/19/8 286/21/8
f 302/20/8 370/19/8 300/21/26
f 1306/20/43 370/19/8 302/21/8
f 192/20/14 278/19/8 190/21/8
f 272/20/8 278/19/8 192/21/14
f 200/20/8 302/19/8 198/21/26
f 284/20/8 302/19/8 200/21/8
f 82/20/8 8/19/8 80/21/8
f 1208/20/43 8/19/8 82/21/8
f 106/20/8 1211/19/53 104/21/8
f 28/20/8 1211/19/53 106/21/8
f 136/20/8 82/19/8 134/21/26
f 1220/20/43 82/19/8 136/21/8
f 140/20/8 86/19/8 138/21/8
f 80/20/8 86/19/8 140/21/8
f 164/20/8 106/19/8 162/21/8
f 92/20/8 106/19/8 164/21/8
f 180/20/14 1227/19/53 178/21/8
f 104/20/8 1227/19/53 180/21/14
f 219/20/8 136/19/8 220/21/30
f 1258/20/45 136/19/8 219/21/8
f 230/20/8 140/19/8 228/21/30
f 1262/20/43 140/19/8 230/21/8
f 502/20/8 148/19/8 500/21/2
f 138/20/8 148/19/8 502/21/8
f 510/20/4 164/19/8 508/21/8
f 154/20/8 164/19/8 510/21/4
f 238/20/11 1265/19/80 236/21/8
f 162/20/8 1265/19/80 238/21/11
f 254/20/14 1273/19/53 252/21/8
f 178/20/8 1273/19/53 254/21/14
f 394/20/20 219/19/8 395/21/30
f 1354/20/66 219/19/8 394/21/20
f 400/20/8 230/19/8 398/21/26
f 1356/20/43 230/19/8 400/21/8
f 408/20/11 1359/19/80 406/21/8
f 236/20/8 1359/19/80 408/21/11
f 432/20/11 1376/19/72 430/21/22
f 252/20/8 1376/19/72 432/21/11
f 494/20/8 400/19/8 492/21/30
f 1414/20/43 400/19/8 494/21/8
f 518/20/14 1415/19/53 516/21/8
f 406/20/8 1415/19/53 518/21/14
f 574/20/8 494/19/8 572/21/30
f 1478/20/43 494/19/8 574/21/8
f 698/20/8 502/19/8 696/21/2
f 1482/20/43 502/19/8 698/21/8
f 706/20/4 1485/19/76 704/21/8
f 508/20/8 1485/19/76 706/21/4
f 578/20/11 1489/19/80 576/21/8
f 516/20/8 1489/19/80 578/21/11
f 658/20/8 574/19/8 656/21/30
f 1522/20/43 574/19/8 658/21/8
f 666/20/11 1523/19/80 664/21/8
f 576/20/8 1523/19/80 666/21/11
f 694/20/41 658/19/8 692/21/30
f 1540/20/91 658/19/8 694/21/41
f 714/20/11 1543/19/80 712/21/43
f 664/20/8 1543/19/80 714/21/11
f 896/20/8 698/19/8 894/21/2
f 1600/20/43 698/19/8 896/21/8
f 904/20/4 1603/19/76 902/21/8
f 704/20/8 1603/19/76 904/21/4
f 1797/20/72 896/19/8 1801/21/66
f 1726/20/43 896/19/8 1797/21/72
f 1811/20/72 1731/19/80 1815/21/66
f 902/20/8 1731/19/80 1811/21/72
f 1910/35/81 1892/34/70 1118/36/6
f 1910/35/81 1118/34/6 1117/36/10
f 1892/35/70 1850/34/70 1118/36/6
f 1910/35/81 1117/34/10 1912/36/85
f 1118/35/6 1850/34/70 1061/36/29
f 1890/35/41 1850/34/70 1892/36/70
f 1912/35/85 1117/34/10 1876/36/64
f 1061/35/29 1850/34/70 1062/36/6
f 1832/35/64 1876/34/64 1117/36/10
f 1850/35/70 1848/34/53 1062/36/6
f 1832/35/64 1117/34/10 1047/36/10
f 1878/35/43 1876/34/64 1832/36/64
f 1062/35/6 1848/34/53 1778/36/70
f 1772/35/64 1832/34/64 1047/36/10
f 1047/35/10 1117/34/10 1048/36/26
f 1062/35/6 1778/34/70 1006/36/14
f 1772/35/64 1047/34/10 980/36/10
f 1834/35/43 1832/34/64 1772/36/64
f 1006/35/14 1778/34/70 1004/36/6
f 1772/35/64 980/34/10 1750/36/64
f 980/35/10 1047/34/10 978/36/26
f 1778/35/70 1776/34/53 1004/36/6
f 1774/35/43 1772/34/64 1750/36/64
f 980/35/10 964/34/10 1750/36/64
f 1776/35/53 1762/34/70 1004/36/6
f 1750/35/64 964/34/10 924/36/10
f 964/35/10 980/34/10 962/36/30
f 1762/35/70 966/34/6 1004/36/6
f 1682/35/64 1750/34/64 924/36/10
f 924/35/10 964/34/10 922/36/30
f 968/35/14 1004/34/6 966/36/6
f 966/35/6 1762/34/70 926/36/6
f 1682/35/64 924/34/10 832/36/10
f 1752/35/43 1750/34/64 1682/36/64
f 928/35/14 966/34/6 926/36/6
f 1692/35/70 926/34/6 1762/36/70
f 1646/35/64 1682/34/64 832/36/10
f 832/35/10 924/34/10 831/36/30
f 1760/35/76 1692/34/70 1762/36/70
f 926/35/6 1692/34/70 859/36/6
f 1646/35/64 832/34/10 786/36/10
f 1684/35/43 1682/34/64 1646/36/64
f 860/35/14 926/34/6 859/36/6
f 1660/35/70 859/34/6 1692/36/70
f 1570/35/64 1646/34/64 786/36/10
f 786/35/10 832/34/10 784/36/30
f 1690/35/76 1660/34/70 1692/36/70
f 859/35/6 1660/34/70 806/36/6
f 1570/35/64 786/34/10 598/36/10
f 1648/35/43 1646/34/64 1570/36/64
f 808/35/14 859/34/6 806/36/6
f 1660/35/70 1658/34/76 806/36/6
f 1428/35/64 1570/34/64 598/36/10
f 598/35/10 786/34/10 596/36/2
f 806/35/6 1658/34/76 1585/36/70
f 1428/35/64 598/34/10 1314/36/64
f 1572/35/43 1570/34/64 1428/36/64
f 806/35/6 1585/34/70 638/36/4
f 1430/35/43 1428/34/64 1314/36/64
f 1314/35/64 598/34/10 314/36/10
f 638/35/4 1585/34/70 636/36/6
f 1314/35/64 314/34/10 1316/36/85
f 314/35/10 598/34/10 312/36/2
f 1585/35/70 1583/34/76 636/36/6
f 314/35/10 216/34/29 1316/36/85
f 636/35/6 1583/34/76 1460/36/70
f 1252/35/70 216/34/29 314/36/10
f 636/35/6 1460/34/70 378/36/29
f 1252/35/70 214/34/6 216/36/29
f 378/35/29 1460/34/70 376/36/6
f 1252/35/70 1250/34/81 214/36/6
f 1344/35/70 376/34/6 1460/36/70
f 214/35/6 1250/34/81 484/36/6
f 1458/35/76 1344/34/70 1460/36/70
f 1344/35/70 1342/34/76 376/36/6
f 486/35/18 214/34/6 484/36/6
f 484/35/6 1250/34/81 1476/36/70
f 376/35/6 1342/34/76 260/36/2
f 484/35/6 1476/34/70 654/36/4
f 1278/35/64 376/34/6 260/36/2
f 654/35/4 1476/34/70 652/36/6
f 262/35/10 1278/34/64 260/36/2
f 1476/35/70 1474/34/76 652/36/6
f 1278/35/64 262/34/10 534/36/10
f 652/35/6 1474/34/76 1538/36/70
f 1497/35/64 1278/34/64 534/36/10
f 534/35/10 262/34/10 532/36/2
f 652/35/6 1538/34/70 758/36/4
f 1497/35/64 534/34/10 678/36/10
f 1280/35/84 1278/34/64 1497/36/64
f 758/35/4 1538/34/70 756/36/6
f 1548/35/64 1497/34/64 678/36/10
f 678/35/10 534/34/10 676/36/2
f 1598/35/70 756/34/6 1538/36/70
f 1548/35/64 678/34/10 774/36/10
f 1499/35/43 1497/34/64 1548/36/64
f 1536/35/76 1598/34/70 1538/36/70
f 756/35/6 1598/34/70 866/36/6
f 1613/35/64 1548/34/64 774/36/10
f 774/35/10 678/34/10 772/36/2
f 868/35/14 756/34/6 866/36/6
f 1670/35/70 866/34/6 1598/36/70
f 1613/35/64 774/34/10 876/36/10
f 1550/35/43 1548/34/64 1613/36/64
f 1597/35/76 1670/34/70 1598/36/70
f 866/35/6 1670/34/70 890/36/6
f 1672/35/64 1613/34/64 876/36/10
f 876/35/10 774/34/10 874/36/30
f 892/35/14 866/34/6 890/36/6
f 1708/35/70 890/34/6 1670/36/70
f 1672/35/64 876/34/10 912/36/10
f 1614/35/43 1613/34/64 1672/36/64
f 1668/35/76 1708/34/70 1670/36/70
f 1708/35/70 1724/34/70 890/36/6
f 1710/35/64 1672/34/64 912/36/10
f 912/35/10 876/34/10 910/36/30
f 890/35/6 1724/34/70 940/36/14
f 1706/35/76 1724/34/70 1708/36/70
f 1738/35/64 1710/34/64 912/36/10
f 1673/35/43 1672/34/64 1710/36/64
f 940/35/14 1724/34/70 938/36/6
f 1738/35/64 912/34/10 944/36/10
f 1712/35/43 1710/34/64 1738/36/64
f 1724/35/70 1722/34/53 938/36/6
f 1814/35/64 1738/34/64 944/36/10
f 944/35/10 912/34/10 942/36/26
f 938/35/6 1722/34/53 1799/36/70
f 1814/35/64 944/34/10 1034/36/10
f 1740/35/43 1738/34/64 1814/36/64
f 938/35/6 1799/34/70 1018/36/14
f 1814/35/64 1034/34/10 1096/36/10
f 1034/35/10 944/34/10 1032/36/26
f 1018/35/14 1799/34/70 1016/36/6
f 1814/35/64 1096/34/10 1813/36/91
f 1096/35/10 1034/34/10 1094/36/26
f 1799/35/70 1800/34/53 1016/36/6
f 1864/35/64 1813/34/91 1096/36/10
f 1016/35/6 1800/34/53 1080/36/6
f 1096/35/10 1130/34/26 1864/36/64
f 1082/35/14 1016/34/6 1080/36/6
f 1800/35/53 1863/34/70 1080/36/6
f 1864/35/64 1130/34/26 1132/36/14
f 1132/35/14 1080/34/6 1863/36/70
f 1864/35/64 1132/34/14 1863/36/70
f 122/11/8 1188/10/25 120/12/9
f 1190/11/43 1188/10/25 122/12/8
f 54/11/11 122/10/8 52/12/8
f 1150/11/43 122/10/8 54/12/11
f 16/11/11 1171/10/25 14/12/9
f 52/11/8 1171/10/25 16/12/11
f 1123/20/18 1055/19/2 1121/21/16
f 1055/20/2 1295/19/64 1121/21/16
f 1295/20/64 1055/19/2 1300/21/70
f 1295/8/64 1300/7/70 1233/9/64
f 340/8/8 1295/7/64 1233/9/64
f 1233/8/64 1300/7/70 1151/9/64
f 1185/8/64 1233/7/64 1151/9/64
f 1151/8/64 1300/7/70 1153/9/70
f 1144/8/64 1185/7/64 1151/9/64
f 280/8/8 1233/7/64 1185/9/64
f 1238/8/70 1153/7/70 1300/9/70
f 1144/8/64 1151/7/64 46/9/6
f 186/8/8 1185/7/64 1144/9/64
f 350/8/8 1238/7/70 1300/9/70
f 1200/8/70 1153/7/70 1238/9/70
f 42/20/20 1144/19/64 46/21/6
f 46/8/6 1151/7/64 10/9/6
f 290/8/8 1200/7/70 1238/9/70
f 1200/8/70 34/7/10 1153/9/70
f 1140/20/66 1144/19/64 42/21/20
f 12/8/8 46/7/6 10/9/6
f 1151/8/64 55/7/6 10/9/6
f 57/8/10 1153/7/70 34/9/10
f 1161/8/70 34/7/10 1200/9/70
f 55/8/6 88/7/6 10/9/6
f 57/8/10 34/7/10 98/9/10
f 1161/8/70 1200/7/70 204/9/8
f 1161/8/70 67/7/10 34/9/10
f 90/8/8 10/7/6 88/9/6
f 55/8/6 57/7/10 88/9/6
f 57/8/10 98/7/10 160/9/10
f 98/8/10 34/7/10 96/9/8
f 34/8/10 67/7/10 32/9/8
f 1161/20/70 1158/19/68 67/21/10
f 88/8/6 57/7/10 150/9/6
f 150/8/6 57/7/10 160/9/10
f 160/8/10 98/7/10 158/9/8
f 67/20/10 1158/19/68 64/21/21
f 152/8/8 88/7/6 150/9/6
f 160/20/10 1807/19/81 150/21/6
f 1807/20/81 1867/19/78 150/21/6
f 1867/20/78 1807/19/81 1869/21/43
f 988/20/11 1053/19/36 986/21/18
f 1051/20/16 1053/19/36 988/21/11
f 1000/20/8 1073/19/36 998/21/9
f 1071/20/16 1073/19/36 1000/21/8
f 840/20/4 990/19/59 838/21/8
f 986/20/18 990/19/59 840/21/4
f 848/20/8 1000/19/8 846/21/2
f 1758/20/43 1000/19/8 848/21/8
f 614/20/4 1623/19/76 612/21/8
f 838/20/8 1623/19/76 614/21/4
f 622/20/8 848/19/8 620/21/2
f 1628/20/43 848/19/8 622/21/8
f 804/20/8 854/19/11 802/21/30
f 1632/20/43 854/19/11 804/21/8
f 730/20/11 794/19/50 728/21/8
f 788/20/9 794/19/50 730/21/11
f 742/20/8 804/19/8 740/21/30
f 1578/20/43 804/19/8 742/21/8
f 606/20/11 1507/19/80 604/21/8
f 728/20/8 1507/19/80 606/21/11
f 630/20/8 742/19/8 628/21/30
f 1514/20/43 742/19/8 630/21/8
f 546/20/11 1437/19/80 544/21/8
f 604/20/8 1437/19/80 546/21/11
f 342/20/8 1441/19/76 340/21/8
f 612/20/8 1441/19/76 342/21/8
f 350/20/8 622/19/8 348/21/8
f 1446/20/43 622/19/8 350/21/8
f 558/20/8 630/19/8 556/21/26
f 1450/20/43 630/19/8 558/21/8
f 450/20/14 1389/19/53 448/21/8
f 544/20/8 1389/19/53 450/21/14
f 458/20/8 558/19/8 456/21/30
f 1394/20/43 558/19/8 458/21/8
f 471/20/8 1400/19/68 468/21/21
f 1403/20/43 1400/19/68 471/21/8
f 321/20/37 1322/19/87 326/21/8
f 1320/20/66 1322/19/87 321/21/37
f 334/20/11 1325/19/80 332/21/8
f 448/20/8 1325/19/80 334/21/11
f 358/20/8 458/19/8 356/21/30
f 1330/20/43 458/19/8 358/21/8
f 374/20/8 471/19/8 372/21/26
f 1340/20/43 471/19/8 374/21/8
f 270/20/14 1289/19/53 268/21/8
f 326/20/8 1289/19/53 270/21/14
f 282/20/8 342/19/8 280/21/8
f 332/20/8 342/19/8 282/21/8
f 290/20/8 358/19/8 288/21/8
f 348/20/8 358/19/8 290/21/8
f 306/20/8 374/19/8 304/21/26
f 1308/20/43 374/19/8 306/21/8
f 188/20/14 282/19/8 186/21/8
f 268/20/8 282/19/8 188/21/14
f 204/20/8 306/19/8 202/21/26
f 288/20/8 306/19/8 204/21/8
f 78/20/8 12/19/8 76/21/8
f 1206/20/43 12/19/8 78/21/8
f 110/20/8 1213/19/53 108/21/8
f 32/20/8 1213/19/53 110/21/8
f 132/20/8 78/19/8 130/21/26
f 1218/20/43 78/19/8 132/21/8
f 144/20/8 90/19/8 142/21/8
f 76/20/8 90/19/8 144/21/8
f 168/20/8 110/19/8 166/21/8
f 96/20/8 110/19/8 168/21/8
f 184/20/14 1229/19/53 182/21/8
f 108/20/8 1229/19/53 184/21/14
f 223/20/20 132/19/8 225/21/26
f 1259/20/83 132/19/8 223/21/20
f 234/20/8 144/19/8 232/21/30
f 1264/20/43 144/19/8 234/21/8
f 506/20/8 152/19/8 504/21/2
f 142/20/8 152/19/8 506/21/8
f 514/20/4 168/19/8 512/21/8
f 158/20/8 168/19/8 514/21/4
f 242/20/11 1267/19/80 240/21/8
f 166/20/8 1267/19/80 242/21/11
f 258/20/14 1275/19/53 256/21/8
f 182/20/8 1275/19/53 258/21/14
f 404/20/8 234/19/8 402/21/26
f 1358/20/43 234/19/8 404/21/8
f 412/20/11 1361/19/80 410/21/8
f 240/20/8 1361/19/80 412/21/11
f 425/20/11 1369/19/68 422/21/21
f 256/20/8 1369/19/68 425/21/11
f 498/20/8 404/19/8 496/21/30
f 1412/20/43 404/19/8 498/21/8
f 522/20/14 1417/19/53 520/21/8
f 410/20/8 1417/19/53 522/21/14
f 570/20/8 498/19/8 568/21/30
f 1480/20/43 498/19/8 570/21/8
f 702/20/8 506/19/8 700/21/2
f 1484/20/43 506/19/8 702/21/8
f 710/20/4 1487/19/76 708/21/8
f 512/20/8 1487/19/76 710/21/4
f 582/20/11 1491/19/80 580/21/8
f 520/20/8 1491/19/80 582/21/11
f 662/20/25 570/19/8 660/21/42
f 1520/20/43 570/19/8 662/21/25
f 670/20/11 1525/19/80 668/21/8
f 580/20/8 1525/19/80 670/21/11
f 718/20/11 1545/19/80 716/21/45
f 668/20/8 1545/19/80 718/21/11
f 900/20/55 702/19/8 898/21/54
f 1602/20/43 702/19/8 900/21/55
f 908/20/4 1605/19/76 906/21/8
f 708/20/8 1605/19/76 908/21/4
f 1803/20/78 900/19/55 1805/21/43
f 1728/20/43 900/19/55 1803/21/78
f 1823/20/78 1733/19/92 1825/21/43
f 906/20/8 1733/19/92 1823/21/78
f 1906/35/81 1896/34/70 1114/36/6
f 1885/35/70 1906/34/81 1114/36/6
f 1114/35/6 1896/34/70 1841/36/64
f 1112/35/20 1885/34/70 1114/36/6
f 1908/35/85 1906/34/81 1885/36/70
f 1114/35/6 1841/34/64 1069/36/11
f 1841/35/64 1896/34/70 1843/36/70
f 1883/35/64 1908/34/85 1885/36/70
f 1069/35/11 1841/34/64 1066/36/22
f 1896/35/70 1894/34/87 1843/36/70
f 1908/35/85 1883/34/64 1113/36/10
f 1843/35/70 1894/34/87 1854/36/70
f 1908/35/85 1113/34/10 1872/36/64
f 1113/35/10 1883/34/64 1110/36/22
f 1843/35/70 1854/34/70 1068/36/20
f 1837/35/70 1872/34/64 1113/36/10
f 1068/35/20 1854/34/70 1070/36/6
f 1837/35/70 1113/34/10 1042/36/20
f 1835/35/64 1872/34/64 1837/36/70
f 1854/35/70 1852/34/53 1070/36/6
f 1042/35/20 1113/34/10 1044/36/26
f 1872/35/64 1835/34/64 1874/36/88
f 1070/35/6 1852/34/53 1782/36/70
f 1828/35/64 1874/34/88 1835/36/64
f 1070/35/6 1782/34/70 1010/36/14
f 1828/35/64 1835/34/64 1043/36/10
f 1010/35/14 1782/34/70 1008/36/6
f 1768/35/64 1828/34/64 1043/36/10
f 1043/35/10 1835/34/64 1040/36/22
f 1782/35/70 1780/34/53 1008/36/6
f 1768/35/64 1043/34/10 976/36/10
f 1830/35/43 1828/34/64 1768/36/64
f 1780/35/53 1766/34/70 1008/36/6
f 1768/35/64 976/34/10 1746/36/64
f 976/35/10 1043/34/10 974/36/26
f 1766/35/70 970/34/6 1008/36/6
f 1770/35/43 1768/34/64 1746/36/64
f 976/35/10 960/34/10 1746/36/64
f 972/35/14 1008/34/6 970/36/6
f 970/35/6 1766/34/70 930/36/48
f 1746/35/64 960/34/10 920/36/46
f 960/35/10 976/34/10 958/36/30
f 932/35/14 970/34/6 930/36/48
f 1700/35/70 930/34/48 1766/36/70
f 1678/35/64 1746/34/64 920/36/46
f 920/35/46 960/34/10 918/36/30
f 1764/35/76 1700/34/70 1766/36/70
f 930/35/48 1700/34/70 1654/36/70
f 1649/35/64 1678/34/64 920/36/46
f 1748/35/43 1746/34/64 1678/36/64
f 1700/35/70 1698/34/80 1654/36/70
f 1642/35/64 1678/34/64 1649/36/64
f 1654/35/70 1698/34/80 1664/36/70
f 1649/35/64 828/34/24 1642/36/64
f 1680/35/43 1678/34/64 1642/36/64
f 1654/35/70 1664/34/70 850/36/24
f 828/35/24 782/34/10 1642/36/64
f 850/35/24 1664/34/70 814/36/6
f 1566/35/64 1642/34/64 782/36/10
f 782/35/10 828/34/24 780/36/30
f 816/35/14 850/34/24 814/36/6
f 1664/35/70 1662/34/76 814/36/6
f 1566/35/64 782/34/10 594/36/10
f 1644/35/43 1642/34/64 1566/36/64
f 814/35/6 1662/34/76 1589/36/70
f 1424/35/64 1566/34/64 594/36/10
f 594/35/10 782/34/10 592/36/2
f 814/35/6 1589/34/70 642/36/4
f 1424/35/64 594/34/10 1377/36/64
f 1568/35/43 1566/34/64 1424/36/64
f 642/35/4 1589/34/70 640/36/6
f 1424/35/64 1377/34/64 1426/36/88
f 1377/35/64 594/34/10 1379/36/66
f 1589/35/70 1587/34/76 640/36/6
f 1377/35/64 1310/34/64 1426/36/88
f 640/35/6 1587/34/76 1468/36/70
f 1310/35/64 1377/34/64 433/36/6
f 640/35/6 1468/34/70 1401/36/72
f 433/35/6 310/34/10 1310/36/64
f 1401/35/72 1468/34/70 1405/36/70
f 310/35/10 1312/34/85 1310/36/64
f 433/35/6 435/34/20 310/36/10
f 1468/35/70 1466/34/80 1405/36/70
f 1137/35/64 1312/34/85 310/36/10
f 310/35/10 435/34/20 308/36/2
f 1405/35/70 1466/34/80 1348/36/70
f 1137/35/64 310/34/10 1139/36/66
f 1137/35/64 212/34/29 1312/36/85
f 473/35/10 1405/34/70 1348/36/70
f 1137/35/64 39/34/6 212/36/29
f 473/35/10 1348/34/70 380/36/6
f 39/35/6 1248/34/70 212/36/29
f 382/35/36 473/34/10 380/36/6
f 1348/35/70 1346/34/76 380/36/6
f 210/35/6 212/34/29 1248/36/70
f 41/35/20 1248/34/70 39/36/6
f 469/35/22 473/34/10 382/36/36
f 380/35/6 1346/34/76 1163/36/70
f 210/35/6 1248/34/70 1349/36/64
f 1159/35/72 380/34/6 1163/36/70
f 1163/35/70 1346/34/76 264/36/2
f 1349/35/64 387/34/6 210/36/6
f 1248/35/70 1246/34/80 1349/36/64
f 69/35/10 1163/34/70 264/36/2
f 387/35/6 482/34/36 210/36/6
f 1349/35/64 1246/34/80 1351/36/66
f 1282/35/64 69/34/10 264/36/2
f 482/35/36 387/34/6 480/36/6
f 266/35/10 1282/34/64 264/36/2
f 65/35/22 69/34/10 1282/36/64
f 387/35/6 389/34/20 480/36/6
f 1373/35/70 1282/34/64 266/36/10
f 480/35/6 389/34/20 1472/36/70
f 1373/35/70 266/34/10 427/36/10
f 1370/35/72 1282/34/64 1373/36/70
f 480/35/6 1472/34/70 650/36/4
f 427/35/10 266/34/10 540/36/40
f 1284/35/43 1282/34/64 1370/36/72
f 650/35/4 1472/34/70 648/36/6
f 542/35/10 427/34/10 540/36/40
f 1472/35/70 1470/34/76 648/36/6
f 1501/35/64 427/34/10 542/36/10
f 648/35/6 1470/34/76 1534/36/70
f 1501/35/64 542/34/10 682/36/10
f 423/35/22 427/34/10 1501/36/64
f 648/35/6 1534/34/70 754/36/4
f 1556/35/64 1501/34/64 682/36/10
f 682/35/10 542/34/10 680/36/2
f 754/35/4 1534/34/70 752/36/6
f 1556/35/64 682/34/10 778/36/10
f 1503/35/43 1501/34/64 1556/36/64
f 1595/35/51 752/34/6 1534/36/70
f 1608/35/51 1556/34/64 778/36/10
f 778/35/10 682/34/10 776/36/2
f 1532/35/76 1595/34/51 1534/36/70
f 752/35/6 1595/34/51 759/36/6
f 767/35/10 1608/34/51 778/36/10
f 1558/35/43 1556/34/64 1608/36/51
f 752/35/6 759/34/6 864/36/11
f 767/35/10 778/34/10 884/36/10
f 864/35/11 759/34/6 862/36/6
f 767/35/10 884/34/10 765/36/48
f 884/35/10 778/34/10 882/36/30
f 759/35/6 761/34/46 862/36/6
f 884/35/10 916/34/10 765/36/48
f 862/35/6 761/34/46 886/36/6
f 1714/35/64 765/34/48 916/36/10
f 916/35/10 884/34/10 914/36/30
f 888/35/14 862/34/6 886/36/6
f 1704/35/70 886/34/6 761/36/46
f 1742/35/64 1714/34/64 916/36/10
f 1676/35/43 765/34/48 1714/36/64
f 1666/35/76 1704/34/70 761/36/46
f 1704/35/70 1720/34/70 886/36/6
f 1742/35/64 916/34/10 948/36/10
f 1716/35/43 1714/34/64 1742/36/64
f 886/35/6 1720/34/70 936/36/14
f 1702/35/76 1720/34/70 1704/36/70
f 1822/35/64 1742/34/64 948/36/10
f 948/35/10 916/34/10 946/36/26
f 936/35/14 1720/34/70 934/36/6
f 1822/35/64 948/34/10 1038/36/10
f 1744/35/43 1742/34/64 1822/36/64
f 1720/35/70 1718/34/53 934/36/6
f 1027/35/10 1822/34/64 1038/36/10
f 1038/35/10 948/34/10 1036/36/26
f 934/35/6 1718/34/53 1795/36/70
f 1038/35/10 1098/34/62 1027/36/10
f 1820/35/66 1822/34/64 1027/36/10
f 934/35/6 1795/34/70 1014/36/14
f 1027/35/10 1098/34/62 1100/36/10
f 1014/35/14 1795/34/70 1012/36/6
f 1025/35/6 1027/34/10 1100/36/10
f 1795/35/70 1792/34/72 1012/36/6
f 1025/35/6 1100/34/10 1860/36/64
f 1012/35/6 1792/34/72 1019/36/6
f 1860/35/64 1818/34/72 1025/36/6
f 1100/35/10 1126/34/26 1860/36/64
f 1012/35/6 1019/34/6 1078/36/11
f 1821/35/43 1818/34/72 1860/36/64
f 1126/35/26 1089/34/10 1860/36/64
f 1019/35/6 1076/34/6 1078/36/11
f 1858/35/66 1860/34/64 1089/36/10
f 1089/35/10 1126/34/26 1128/36/14
f 1021/35/10 1076/34/6 1019/36/6
f 1087/35/6 1089/34/10 1128/36/14
f 1021/35/10 1859/34/70 1076/36/6
f 1087/35/6 1128/34/14 1859/36/70
f 1859/35/70 1128/34/14 1076/36/6
f 1021/35/10 1796/34/87 1859/36/70
f 1856/35/72 1087/34/6 1859/36/70
f 1794/35/66 1796/34/87 1021/36/10
f 196/11/8 291/10/23 194/12/26
f 1241/11/43 291/10/23 196/12/8
f 125/11/14 196/10/8 123/12/26
f 1195/11/43 196/10/8 125/12/14
f 23/11/14 1173/10/53 21/12/8
f 1175/11/43 1173/10/53 23/12/14
f 102/11/14 1209/10/53 100/12/25
f 21/11/8 1209/10/53 102/12/14
f 208/11/8 1243/10/53 206/12/26
f 1244/11/43 1243/10/53 208/12/8
f 117/11/9 208/10/8 127/12/26
f 1193/11/25 208/10/8 117/12/9
f 19/11/9 1177/10/53 25/12/8
f 1170/11/25 1177/10/53 19/12/9
f 114/11/14 1215/10/53 112/12/26
f 25/11/8 1215/10/53 114/12/14
f 362/11/8 459/10/23 360/12/26
f 1333/11/43 459/10/23 362/12/8
f 294/11/11 362/10/8 292/12/30
f 1302/11/43 362/10/8 294/12/11
f 172/11/11 1221/10/80 170/12/8
f 1223/11/43 1221/10/80 172/12/11
f 246/11/14 1269/10/53 244/12/27
f 170/11/8 1269/10/53 246/12/14
f 366/11/8 1335/10/53 364/12/26
f 1336/11/43 1335/10/53 366/12/8
f 298/11/8 366/10/8 296/12/30
f 1304/11/43 366/10/8 298/12/8
f 176/11/11 1225/10/80 174/12/8
f 113/11/27 1225/10/80 176/12/11
f 250/11/14 1271/10/53 248/12/26
f 174/11/8 1271/10/53 250/12/14
f 562/11/8 631/10/23 560/12/26
f 1453/11/43 631/10/23 562/12/8
f 462/11/14 562/10/8 460/12/26
f 1396/11/43 562/10/8 462/12/14
f 416/11/14 1363/10/53 414/12/8
f 1365/11/43 1363/10/53 416/12/14
f 526/11/14 1419/10/53 524/12/25
f 414/11/8 1419/10/53 526/12/14
f 566/11/8 1455/10/53 564/12/26
f 1456/11/43 1455/10/53 566/12/8
f 466/11/27 566/10/8 464/12/26
f 1398/11/43 566/10/8 466/12/27
f 420/11/14 1367/10/53 418/12/8
f 249/11/27 1367/10/53 420/12/14
f 530/11/14 1421/10/53 528/12/26
f 418/11/8 1421/10/53 530/12/14
f 746/11/8 817/10/51 744/12/26
f 1581/11/43 817/10/51 746/12/8
f 634/11/11 746/10/8 632/12/30
f 1516/11/43 746/10/8 634/12/11
f 586/11/11 1493/10/80 584/12/8
f 1495/11/43 1493/10/80 586/12/11
f 674/11/14 1527/10/53 672/12/9
f 584/11/8 1527/10/53 674/12/14
f 750/11/8 1591/10/53 748/12/26
f 1592/11/43 1591/10/53 750/12/8
f 646/11/8 750/10/8 644/12/30
f 1518/11/43 750/10/8 646/12/8
f 590/11/11 1505/10/80 588/12/8
f 529/11/27 1505/10/80 590/12/11
f 686/11/14 1529/10/53 684/12/26
f 588/11/8 1529/10/53 686/12/14
f 820/11/14 1634/10/78 818/12/16
f 1636/11/43 1634/10/78 820/12/14
f 722/11/14 1559/10/78 720/12/16
f 1561/11/43 1559/10/78 722/12/14
f 824/11/5 1638/10/78 822/12/16
f 1640/11/43 1638/10/78 824/12/5
f 726/11/14 1563/10/78 724/12/16
f 685/11/27 1563/10/78 726/12/14
f 1783/110/78 1902/109/81 1785/111/93
f 1904/110/84 1902/109/81 1783/111/78
f 1108/110/29 951/109/56 1106/111/30
f 949/110/16 951/109/56 1108/111/29
f 952/110/18 1784/109/76 950/111/2
f 1786/110/84 1784/109/76 952/111/18
