# Blender 4.4.3
# www.blender.org
mtllib Romashka.mtl
o Romashka.Merged
v 1.000000 55.000000 3.000000
v 1.000000 53.000000 1.000000
v 1.000000 53.000000 3.000000
v 1.000000 51.000000 5.000000
v 1.000000 55.000000 1.000000
v 1.000000 53.000000 -1.000000
v 1.000000 53.000000 5.000000
v 1.000000 53.000000 -3.000000
v 1.000000 55.000000 -1.000000
v 1.000000 51.000000 -13.000000
v 1.000000 55.000000 -3.000000
v 1.000000 53.000000 -5.000000
v 1.000000 53.000000 -7.000000
v 1.000000 53.000000 -9.000000
v 1.000000 55.000000 -5.000000
v 1.000000 53.000000 -11.000000
v 1.000000 55.000000 -7.000000
v 1.000000 53.000000 -13.000000
v 1.000000 55.000000 -9.000000
v 1.000000 55.000000 -11.000000
v -1.000000 57.000000 3.000000
v -1.000000 55.000000 1.000000
v -1.000000 55.000000 3.000000
v -1.000000 55.000000 -1.000000
v -1.000000 55.000000 -3.000000
v -1.000000 57.000000 -11.000000
v -1.000000 55.000000 -5.000000
v -1.000000 55.000000 -7.000000
v -1.000000 55.000000 -9.000000
v -1.000000 55.000000 -11.000000
v -1.000000 53.000000 -13.000000
v -1.000000 53.000000 -11.000000
v -1.000000 55.000000 -15.000000
v -1.000000 53.000000 -15.000000
v -1.000000 55.000000 7.000000
v -1.000000 53.000000 5.000000
v -1.000000 53.000000 7.000000
v -1.000000 53.000000 3.000000
v -1.000000 49.000000 9.000000
v -1.000000 51.000000 9.000000
v -1.000000 51.000000 5.000000
v -1.000000 49.000000 -17.000000
v -1.000000 51.000000 -13.000000
v -1.000000 47.000000 -21.000000
v -1.000000 51.000000 -17.000000
v -1.000000 49.000000 -21.000000
v -1.000000 47.000000 13.000000
v -1.000000 49.000000 13.000000
v -3.000000 55.000000 1.000000
v -3.000000 53.000000 -1.000000
v -3.000000 53.000000 1.000000
v -3.000000 55.000000 -1.000000
v -3.000000 55.000000 -3.000000
v -3.000000 53.000000 -5.000000
v -3.000000 53.000000 -3.000000
v -3.000000 55.000000 -5.000000
v -3.000000 55.000000 -7.000000
v -3.000000 53.000000 -9.000000
v -3.000000 53.000000 -7.000000
v -3.000000 55.000000 -9.000000
v -3.000000 53.000000 -13.000000
v -3.000000 51.000000 -17.000000
v -3.000000 51.000000 -13.000000
v -3.000000 53.000000 -19.000000
v -3.000000 51.000000 -19.000000
v -3.000000 53.000000 11.000000
v -3.000000 51.000000 9.000000
v -3.000000 51.000000 11.000000
v -3.000000 53.000000 5.000000
v -3.000000 51.000000 5.000000
v -3.000000 49.000000 -21.000000
v -3.000000 49.000000 -19.000000
v -3.000000 51.000000 -21.000000
v -3.000000 51.000000 13.000000
v -3.000000 49.000000 11.000000
v -3.000000 49.000000 13.000000
v -3.000000 47.000000 -23.000000
v -3.000000 47.000000 -21.000000
v -3.000000 49.000000 -23.000000
v -3.000000 49.000000 15.000000
v -3.000000 47.000000 13.000000
v -3.000000 47.000000 15.000000
v -3.000000 47.000000 -11.000000
v -3.000000 45.000000 -15.000000
v -3.000000 45.000000 -11.000000
v -3.000000 45.000000 -21.000000
v -3.000000 43.000000 -15.000000
v -3.000000 43.000000 -23.000000
v -3.000000 45.000000 -23.000000
v -3.000000 45.000000 7.000000
v -3.000000 45.000000 13.000000
v -3.000000 43.000000 7.000000
v -3.000000 47.000000 3.000000
v -3.000000 43.000000 15.000000
v -3.000000 45.000000 3.000000
v -3.000000 45.000000 15.000000
v -3.000000 25.000000 -1.000000
v -3.000000 23.000000 -3.000000
v -3.000000 11.000000 -1.000000
v -3.000000 11.000000 -7.000000
v -3.000000 25.000000 -3.000000
v -3.000000 23.000000 -5.000000
v -3.000000 25.000000 -7.000000
v -3.000000 25.000000 -5.000000
v -3.000000 5.000000 -9.000000
v -3.000000 5.000000 -7.000000
v -3.000000 11.000000 -9.000000
v -3.000000 11.000000 1.000000
v -3.000000 5.000000 -1.000000
v -3.000000 5.000000 1.000000
v -5.000000 51.000000 11.000000
v -5.000000 49.000000 9.000000
v -5.000000 49.000000 11.000000
v -5.000000 51.000000 9.000000
v -5.000000 51.000000 -17.000000
v -5.000000 49.000000 -19.000000
v -5.000000 49.000000 -17.000000
v -5.000000 51.000000 -19.000000
v -5.000000 45.000000 -23.000000
v -5.000000 47.000000 -23.000000
v -5.000000 47.000000 -25.000000
v -5.000000 43.000000 -25.000000
v -5.000000 43.000000 -23.000000
v -5.000000 47.000000 1.000000
v -5.000000 45.000000 -1.000000
v -5.000000 45.000000 1.000000
v -5.000000 43.000000 5.000000
v -5.000000 47.000000 -1.000000
v -5.000000 45.000000 -3.000000
v -5.000000 45.000000 3.000000
v -5.000000 43.000000 -13.000000
v -5.000000 45.000000 5.000000
v -5.000000 45.000000 -5.000000
v -5.000000 45.000000 -7.000000
v -5.000000 47.000000 -3.000000
v -5.000000 45.000000 -9.000000
v -5.000000 47.000000 -5.000000
v -5.000000 45.000000 -11.000000
v -5.000000 47.000000 -7.000000
v -5.000000 45.000000 -13.000000
v -5.000000 47.000000 -9.000000
v -5.000000 47.000000 17.000000
v -5.000000 45.000000 15.000000
v -5.000000 43.000000 17.000000
v -5.000000 43.000000 15.000000
v -5.000000 47.000000 15.000000
v -5.000000 43.000000 -17.000000
v -5.000000 41.000000 -23.000000
v -5.000000 37.000000 -17.000000
v -5.000000 39.000000 -23.000000
v -5.000000 37.000000 -23.000000
v -5.000000 39.000000 -25.000000
v -5.000000 41.000000 -25.000000
v -5.000000 41.000000 15.000000
v -5.000000 43.000000 9.000000
v -5.000000 37.000000 9.000000
v -5.000000 39.000000 15.000000
v -5.000000 37.000000 15.000000
v -5.000000 41.000000 17.000000
v -5.000000 39.000000 17.000000
v -5.000000 29.000000 -5.000000
v -5.000000 25.000000 -7.000000
v -5.000000 25.000000 -5.000000
v -5.000000 29.000000 -7.000000
v -5.000000 29.000000 -1.000000
v -5.000000 25.000000 -3.000000
v -5.000000 25.000000 -1.000000
v -5.000000 29.000000 -3.000000
v -5.000000 23.000000 -5.000000
v -5.000000 23.000000 -3.000000
v -5.000000 11.000000 -1.000000
v -5.000000 5.000000 -7.000000
v -5.000000 5.000000 -1.000000
v -5.000000 11.000000 -7.000000
v -5.000000 5.000000 -11.000000
v -5.000000 3.000000 -13.000000
v -5.000000 3.000000 -11.000000
v -5.000000 5.000000 -13.000000
v -5.000000 5.000000 5.000000
v -5.000000 3.000000 3.000000
v -5.000000 3.000000 5.000000
v -5.000000 5.000000 3.000000
v -5.000000 3.000000 -15.000000
v -5.000000 1.000000 -17.000000
v -5.000000 1.000000 -15.000000
v -5.000000 3.000000 -17.000000
v -5.000000 3.000000 9.000000
v -5.000000 1.000000 7.000000
v -5.000000 1.000000 9.000000
v -5.000000 3.000000 7.000000
v -7.000000 47.000000 15.000000
v -7.000000 45.000000 13.000000
v -7.000000 45.000000 15.000000
v -7.000000 47.000000 13.000000
v -7.000000 47.000000 3.000000
v -7.000000 45.000000 1.000000
v -7.000000 45.000000 3.000000
v -7.000000 47.000000 1.000000
v -7.000000 47.000000 -1.000000
v -7.000000 45.000000 -3.000000
v -7.000000 45.000000 -1.000000
v -7.000000 47.000000 -3.000000
v -7.000000 47.000000 -5.000000
v -7.000000 45.000000 -7.000000
v -7.000000 45.000000 -5.000000
v -7.000000 47.000000 -7.000000
v -7.000000 47.000000 -9.000000
v -7.000000 45.000000 -11.000000
v -7.000000 45.000000 -9.000000
v -7.000000 47.000000 -11.000000
v -7.000000 47.000000 -21.000000
v -7.000000 45.000000 -23.000000
v -7.000000 45.000000 -21.000000
v -7.000000 47.000000 -23.000000
v -7.000000 45.000000 -13.000000
v -7.000000 43.000000 -15.000000
v -7.000000 43.000000 -13.000000
v -7.000000 41.000000 -15.000000
v -7.000000 45.000000 -15.000000
v -7.000000 41.000000 -17.000000
v -7.000000 41.000000 -13.000000
v -7.000000 43.000000 -17.000000
v -7.000000 39.000000 -15.000000
v -7.000000 43.000000 -11.000000
v -7.000000 37.000000 -13.000000
v -7.000000 41.000000 -11.000000
v -7.000000 37.000000 -17.000000
v -7.000000 39.000000 -17.000000
v -7.000000 45.000000 7.000000
v -7.000000 43.000000 5.000000
v -7.000000 43.000000 7.000000
v -7.000000 41.000000 5.000000
v -7.000000 45.000000 5.000000
v -7.000000 41.000000 3.000000
v -7.000000 41.000000 7.000000
v -7.000000 43.000000 3.000000
v -7.000000 39.000000 7.000000
v -7.000000 43.000000 9.000000
v -7.000000 37.000000 5.000000
v -7.000000 41.000000 9.000000
v -7.000000 37.000000 9.000000
v -7.000000 39.000000 9.000000
v -7.000000 41.000000 -25.000000
v -7.000000 43.000000 -25.000000
v -7.000000 43.000000 -27.000000
v -7.000000 37.000000 -27.000000
v -7.000000 39.000000 -25.000000
v -7.000000 37.000000 -25.000000
v -7.000000 35.000000 -27.000000
v -7.000000 35.000000 -25.000000
v -7.000000 37.000000 -23.000000
v -7.000000 33.000000 -19.000000
v -7.000000 33.000000 -25.000000
v -7.000000 37.000000 -19.000000
v -7.000000 43.000000 19.000000
v -7.000000 41.000000 17.000000
v -7.000000 37.000000 19.000000
v -7.000000 39.000000 17.000000
v -7.000000 43.000000 17.000000
v -7.000000 37.000000 17.000000
v -7.000000 35.000000 17.000000
v -7.000000 37.000000 15.000000
v -7.000000 35.000000 19.000000
v -7.000000 33.000000 11.000000
v -7.000000 37.000000 11.000000
v -7.000000 33.000000 17.000000
v -7.000000 5.000000 -9.000000
v -7.000000 3.000000 -11.000000
v -7.000000 3.000000 -9.000000
v -7.000000 5.000000 -11.000000
v -7.000000 5.000000 3.000000
v -7.000000 3.000000 1.000000
v -7.000000 3.000000 3.000000
v -7.000000 5.000000 1.000000
v -9.000000 43.000000 17.000000
v -9.000000 41.000000 15.000000
v -9.000000 41.000000 17.000000
v -9.000000 43.000000 15.000000
v -9.000000 41.000000 3.000000
v -9.000000 43.000000 3.000000
v -9.000000 39.000000 1.000000
v -9.000000 39.000000 -9.000000
v -9.000000 37.000000 5.000000
v -9.000000 43.000000 -11.000000
v -9.000000 37.000000 1.000000
v -9.000000 41.000000 5.000000
v -9.000000 41.000000 -11.000000
v -9.000000 37.000000 -13.000000
v -9.000000 41.000000 -13.000000
v -9.000000 37.000000 -9.000000
v -9.000000 43.000000 -23.000000
v -9.000000 41.000000 -25.000000
v -9.000000 41.000000 -23.000000
v -9.000000 43.000000 -25.000000
v -9.000000 41.000000 -15.000000
v -9.000000 39.000000 -17.000000
v -9.000000 39.000000 -15.000000
v -9.000000 41.000000 -17.000000
v -9.000000 41.000000 9.000000
v -9.000000 39.000000 7.000000
v -9.000000 39.000000 9.000000
v -9.000000 41.000000 7.000000
v -9.000000 39.000000 -23.000000
v -9.000000 37.000000 -25.000000
v -9.000000 37.000000 -23.000000
v -9.000000 39.000000 -25.000000
v -9.000000 39.000000 17.000000
v -9.000000 37.000000 15.000000
v -9.000000 37.000000 17.000000
v -9.000000 39.000000 15.000000
v -9.000000 35.000000 -27.000000
v -9.000000 37.000000 -27.000000
v -9.000000 37.000000 -29.000000
v -9.000000 33.000000 -29.000000
v -9.000000 33.000000 -27.000000
v -9.000000 37.000000 -15.000000
v -9.000000 35.000000 -17.000000
v -9.000000 33.000000 -15.000000
v -9.000000 33.000000 -19.000000
v -9.000000 37.000000 -17.000000
v -9.000000 35.000000 -19.000000
v -9.000000 35.000000 9.000000
v -9.000000 37.000000 9.000000
v -9.000000 37.000000 7.000000
v -9.000000 33.000000 7.000000
v -9.000000 33.000000 11.000000
v -9.000000 35.000000 11.000000
v -9.000000 37.000000 21.000000
v -9.000000 35.000000 19.000000
v -9.000000 33.000000 21.000000
v -9.000000 33.000000 19.000000
v -9.000000 37.000000 19.000000
v -9.000000 31.000000 -25.000000
v -9.000000 29.000000 -19.000000
v -9.000000 29.000000 -25.000000
v -9.000000 33.000000 -25.000000
v -9.000000 31.000000 -27.000000
v -9.000000 31.000000 17.000000
v -9.000000 31.000000 19.000000
v -9.000000 33.000000 17.000000
v -9.000000 29.000000 11.000000
v -9.000000 29.000000 17.000000
v -9.000000 5.000000 1.000000
v -9.000000 3.000000 -9.000000
v -9.000000 3.000000 1.000000
v -9.000000 5.000000 -9.000000
v -9.000000 3.000000 -13.000000
v -9.000000 1.000000 -15.000000
v -9.000000 1.000000 -13.000000
v -9.000000 3.000000 -15.000000
v -9.000000 3.000000 7.000000
v -9.000000 1.000000 5.000000
v -9.000000 1.000000 7.000000
v -9.000000 3.000000 5.000000
v -11.000000 39.000000 1.000000
v -11.000000 37.000000 -9.000000
v -11.000000 37.000000 1.000000
v -11.000000 39.000000 -9.000000
v -11.000000 37.000000 -17.000000
v -11.000000 35.000000 -19.000000
v -11.000000 35.000000 -17.000000
v -11.000000 37.000000 -19.000000
v -11.000000 37.000000 -11.000000
v -11.000000 33.000000 -15.000000
v -11.000000 33.000000 -11.000000
v -11.000000 37.000000 -15.000000
v -11.000000 37.000000 7.000000
v -11.000000 33.000000 3.000000
v -11.000000 33.000000 7.000000
v -11.000000 37.000000 3.000000
v -11.000000 37.000000 11.000000
v -11.000000 35.000000 9.000000
v -11.000000 35.000000 11.000000
v -11.000000 37.000000 9.000000
v -11.000000 35.000000 -25.000000
v -11.000000 33.000000 -27.000000
v -11.000000 33.000000 -25.000000
v -11.000000 35.000000 -27.000000
v -11.000000 35.000000 19.000000
v -11.000000 33.000000 17.000000
v -11.000000 33.000000 19.000000
v -11.000000 35.000000 17.000000
v -11.000000 31.000000 -27.000000
v -11.000000 33.000000 -29.000000
v -11.000000 29.000000 -29.000000
v -11.000000 29.000000 -27.000000
v -11.000000 31.000000 -17.000000
v -11.000000 29.000000 -15.000000
v -11.000000 29.000000 -19.000000
v -11.000000 33.000000 -17.000000
v -11.000000 31.000000 -19.000000
v -11.000000 31.000000 9.000000
v -11.000000 33.000000 9.000000
v -11.000000 29.000000 7.000000
v -11.000000 29.000000 11.000000
v -11.000000 31.000000 11.000000
v -11.000000 33.000000 21.000000
v -11.000000 31.000000 19.000000
v -11.000000 29.000000 21.000000
v -11.000000 29.000000 19.000000
v -11.000000 27.000000 -25.000000
v -11.000000 25.000000 -19.000000
v -11.000000 25.000000 -25.000000
v -11.000000 29.000000 -25.000000
v -11.000000 27.000000 -27.000000
v -11.000000 27.000000 17.000000
v -11.000000 27.000000 19.000000
v -11.000000 29.000000 17.000000
v -11.000000 25.000000 11.000000
v -11.000000 25.000000 17.000000
v -11.000000 3.000000 -9.000000
v -11.000000 1.000000 -13.000000
v -11.000000 1.000000 -9.000000
v -11.000000 3.000000 -13.000000
v -11.000000 3.000000 5.000000
v -11.000000 1.000000 1.000000
v -11.000000 1.000000 5.000000
v -11.000000 3.000000 1.000000
v -13.000000 37.000000 3.000000
v -13.000000 33.000000 -1.000000
v -13.000000 33.000000 3.000000
v -13.000000 37.000000 -1.000000
v -13.000000 37.000000 -7.000000
v -13.000000 33.000000 -11.000000
v -13.000000 33.000000 -7.000000
v -13.000000 37.000000 -11.000000
v -13.000000 33.000000 -17.000000
v -13.000000 31.000000 -19.000000
v -13.000000 31.000000 -17.000000
v -13.000000 33.000000 -19.000000
v -13.000000 29.000000 -15.000000
v -13.000000 29.000000 -11.000000
v -13.000000 33.000000 -15.000000
v -13.000000 33.000000 7.000000
v -13.000000 29.000000 3.000000
v -13.000000 29.000000 7.000000
v -13.000000 33.000000 11.000000
v -13.000000 31.000000 9.000000
v -13.000000 31.000000 11.000000
v -13.000000 33.000000 9.000000
v -13.000000 31.000000 -25.000000
v -13.000000 29.000000 -27.000000
v -13.000000 29.000000 -25.000000
v -13.000000 31.000000 -27.000000
v -13.000000 31.000000 19.000000
v -13.000000 29.000000 17.000000
v -13.000000 29.000000 19.000000
v -13.000000 31.000000 17.000000
v -13.000000 27.000000 -27.000000
v -13.000000 29.000000 -29.000000
v -13.000000 25.000000 -29.000000
v -13.000000 25.000000 -27.000000
v -13.000000 27.000000 -17.000000
v -13.000000 25.000000 -15.000000
v -13.000000 25.000000 -17.000000
v -13.000000 29.000000 -17.000000
v -13.000000 25.000000 -19.000000
v -13.000000 21.000000 -17.000000
v -13.000000 27.000000 -19.000000
v -13.000000 23.000000 -23.000000
v -13.000000 25.000000 -25.000000
v -13.000000 21.000000 -23.000000
v -13.000000 23.000000 -25.000000
v -13.000000 27.000000 9.000000
v -13.000000 29.000000 9.000000
v -13.000000 25.000000 7.000000
v -13.000000 25.000000 9.000000
v -13.000000 27.000000 11.000000
v -13.000000 25.000000 11.000000
v -13.000000 21.000000 9.000000
v -13.000000 23.000000 15.000000
v -13.000000 21.000000 15.000000
v -13.000000 25.000000 17.000000
v -13.000000 23.000000 17.000000
v -13.000000 29.000000 21.000000
v -13.000000 27.000000 19.000000
v -13.000000 25.000000 21.000000
v -13.000000 25.000000 19.000000
v -13.000000 3.000000 1.000000
v -13.000000 1.000000 -9.000000
v -13.000000 1.000000 1.000000
v -13.000000 3.000000 -9.000000
v -15.000000 37.000000 -1.000000
v -15.000000 35.000000 -3.000000
v -15.000000 33.000000 -1.000000
v -15.000000 33.000000 -3.000000
v -15.000000 37.000000 -7.000000
v -15.000000 35.000000 -5.000000
v -15.000000 33.000000 -7.000000
v -15.000000 33.000000 -5.000000
v -15.000000 29.000000 -11.000000
v -15.000000 29.000000 -7.000000
v -15.000000 33.000000 -11.000000
v -15.000000 33.000000 3.000000
v -15.000000 29.000000 -1.000000
v -15.000000 29.000000 3.000000
v -15.000000 29.000000 -17.000000
v -15.000000 27.000000 -19.000000
v -15.000000 27.000000 -17.000000
v -15.000000 29.000000 -19.000000
v -15.000000 27.000000 -11.000000
v -15.000000 29.000000 -15.000000
v -15.000000 25.000000 -13.000000
v -15.000000 25.000000 -15.000000
v -15.000000 25.000000 -9.000000
v -15.000000 23.000000 -15.000000
v -15.000000 27.000000 -9.000000
v -15.000000 23.000000 -13.000000
v -15.000000 21.000000 -15.000000
v -15.000000 21.000000 -17.000000
v -15.000000 21.000000 -11.000000
v -15.000000 19.000000 -15.000000
v -15.000000 23.000000 -17.000000
v -15.000000 23.000000 -11.000000
v -15.000000 19.000000 -21.000000
v -15.000000 21.000000 -23.000000
v -15.000000 17.000000 -21.000000
v -15.000000 19.000000 -23.000000
v -15.000000 17.000000 -13.000000
v -15.000000 19.000000 -13.000000
v -15.000000 29.000000 7.000000
v -15.000000 25.000000 5.000000
v -15.000000 25.000000 7.000000
v -15.000000 23.000000 5.000000
v -15.000000 27.000000 3.000000
v -15.000000 23.000000 7.000000
v -15.000000 25.000000 1.000000
v -15.000000 21.000000 7.000000
v -15.000000 27.000000 1.000000
v -15.000000 21.000000 3.000000
v -15.000000 23.000000 9.000000
v -15.000000 23.000000 3.000000
v -15.000000 21.000000 9.000000
v -15.000000 19.000000 7.000000
v -15.000000 19.000000 13.000000
v -15.000000 17.000000 13.000000
v -15.000000 21.000000 15.000000
v -15.000000 17.000000 5.000000
v -15.000000 19.000000 15.000000
v -15.000000 19.000000 5.000000
v -15.000000 29.000000 11.000000
v -15.000000 27.000000 9.000000
v -15.000000 27.000000 11.000000
v -15.000000 29.000000 9.000000
v -15.000000 23.000000 -25.000000
v -15.000000 27.000000 -25.000000
v -15.000000 27.000000 -27.000000
v -15.000000 21.000000 -27.000000
v -15.000000 21.000000 -25.000000
v -15.000000 27.000000 19.000000
v -15.000000 23.000000 17.000000
v -15.000000 21.000000 19.000000
v -15.000000 21.000000 17.000000
v -15.000000 27.000000 17.000000
v -15.000000 1.000000 -27.000000
v -15.000000 -1.000000 -29.000000
v -15.000000 -1.000000 -27.000000
v -15.000000 1.000000 -29.000000
v -17.000000 35.000000 -3.000000
v -17.000000 33.000000 -5.000000
v -17.000000 33.000000 -3.000000
v -17.000000 29.000000 -7.000000
v -17.000000 35.000000 -5.000000
v -17.000000 33.000000 -7.000000
v -17.000000 29.000000 -1.000000
v -17.000000 25.000000 -9.000000
v -17.000000 33.000000 -1.000000
v -17.000000 27.000000 -9.000000
v -17.000000 25.000000 1.000000
v -17.000000 29.000000 -11.000000
v -17.000000 27.000000 1.000000
v -17.000000 19.000000 -3.000000
v -17.000000 27.000000 -11.000000
v -17.000000 29.000000 3.000000
v -17.000000 19.000000 -1.000000
v -17.000000 19.000000 -5.000000
v -17.000000 27.000000 3.000000
v -17.000000 19.000000 1.000000
v -17.000000 23.000000 -11.000000
v -17.000000 17.000000 -5.000000
v -17.000000 17.000000 -1.000000
v -17.000000 23.000000 3.000000
v -17.000000 25.000000 -13.000000
v -17.000000 19.000000 -7.000000
v -17.000000 17.000000 -3.000000
v -17.000000 17.000000 1.000000
v -17.000000 21.000000 3.000000
v -17.000000 25.000000 5.000000
v -17.000000 23.000000 -13.000000
v -17.000000 21.000000 -11.000000
v -17.000000 13.000000 -17.000000
v -17.000000 19.000000 3.000000
v -17.000000 23.000000 5.000000
v -17.000000 19.000000 -9.000000
v -17.000000 17.000000 -7.000000
v -17.000000 17.000000 3.000000
v -17.000000 21.000000 5.000000
v -17.000000 17.000000 -9.000000
v -17.000000 19.000000 -11.000000
v -17.000000 17.000000 5.000000
v -17.000000 19.000000 5.000000
v -17.000000 19.000000 -13.000000
v -17.000000 17.000000 -11.000000
v -17.000000 13.000000 9.000000
v -17.000000 17.000000 -13.000000
v -17.000000 21.000000 -13.000000
v -17.000000 15.000000 9.000000
v -17.000000 15.000000 -17.000000
v -17.000000 17.000000 13.000000
v -17.000000 17.000000 -21.000000
v -17.000000 15.000000 13.000000
v -17.000000 15.000000 -21.000000
v -17.000000 25.000000 -15.000000
v -17.000000 23.000000 -17.000000
v -17.000000 23.000000 -15.000000
v -17.000000 25.000000 -17.000000
v -17.000000 25.000000 9.000000
v -17.000000 23.000000 7.000000
v -17.000000 23.000000 9.000000
v -17.000000 25.000000 7.000000
v -17.000000 19.000000 -23.000000
v -17.000000 23.000000 -23.000000
v -17.000000 23.000000 -25.000000
v -17.000000 17.000000 -25.000000
v -17.000000 17.000000 -23.000000
v -17.000000 23.000000 17.000000
v -17.000000 19.000000 15.000000
v -17.000000 17.000000 17.000000
v -17.000000 17.000000 15.000000
v -17.000000 23.000000 15.000000
v -17.000000 1.000000 21.000000
v -17.000000 -1.000000 19.000000
v -17.000000 -1.000000 21.000000
v -17.000000 1.000000 19.000000
v -19.000000 21.000000 7.000000
v -19.000000 19.000000 5.000000
v -19.000000 19.000000 7.000000
v -19.000000 21.000000 5.000000
v -19.000000 21.000000 -13.000000
v -19.000000 19.000000 -15.000000
v -19.000000 19.000000 -13.000000
v -19.000000 21.000000 -15.000000
v -19.000000 19.000000 -21.000000
v -19.000000 15.000000 -23.000000
v -19.000000 15.000000 -21.000000
v -19.000000 19.000000 -23.000000
v -19.000000 19.000000 -9.000000
v -19.000000 17.000000 -11.000000
v -19.000000 17.000000 -9.000000
v -19.000000 19.000000 -11.000000
v -19.000000 19.000000 -5.000000
v -19.000000 17.000000 -7.000000
v -19.000000 17.000000 -5.000000
v -19.000000 19.000000 -7.000000
v -19.000000 19.000000 -1.000000
v -19.000000 17.000000 -3.000000
v -19.000000 17.000000 -1.000000
v -19.000000 19.000000 -3.000000
v -19.000000 19.000000 3.000000
v -19.000000 17.000000 1.000000
v -19.000000 17.000000 3.000000
v -19.000000 19.000000 1.000000
v -19.000000 19.000000 15.000000
v -19.000000 15.000000 13.000000
v -19.000000 15.000000 15.000000
v -19.000000 19.000000 13.000000
v -19.000000 15.000000 -19.000000
v -19.000000 13.000000 -21.000000
v -19.000000 13.000000 -19.000000
v -19.000000 13.000000 11.000000
v -19.000000 13.000000 13.000000
v -19.000000 15.000000 11.000000
v -19.000000 13.000000 5.000000
v -19.000000 11.000000 1.000000
v -19.000000 11.000000 5.000000
v -19.000000 11.000000 -1.000000
v -19.000000 11.000000 -3.000000
v -19.000000 9.000000 -1.000000
v -19.000000 13.000000 -13.000000
v -19.000000 9.000000 1.000000
v -19.000000 11.000000 -5.000000
v -19.000000 9.000000 -5.000000
v -19.000000 11.000000 -7.000000
v -19.000000 9.000000 -3.000000
v -19.000000 11.000000 -9.000000
v -19.000000 9.000000 -9.000000
v -19.000000 11.000000 -13.000000
v -19.000000 9.000000 -7.000000
v -21.000000 15.000000 11.000000
v -21.000000 13.000000 9.000000
v -21.000000 11.000000 11.000000
v -21.000000 11.000000 7.000000
v -21.000000 15.000000 9.000000
v -21.000000 13.000000 7.000000
v -21.000000 13.000000 -17.000000
v -21.000000 15.000000 -17.000000
v -21.000000 15.000000 -19.000000
v -21.000000 11.000000 -19.000000
v -21.000000 11.000000 -15.000000
v -21.000000 13.000000 -15.000000
v -21.000000 9.000000 -11.000000
v -21.000000 11.000000 -11.000000
v -21.000000 11.000000 -13.000000
v -21.000000 9.000000 -15.000000
v -21.000000 9.000000 7.000000
v -21.000000 11.000000 5.000000
v -21.000000 9.000000 3.000000
v -21.000000 11.000000 3.000000
v -21.000000 1.000000 -25.000000
v -21.000000 -1.000000 -27.000000
v -21.000000 -1.000000 -25.000000
v -21.000000 1.000000 -27.000000
v -21.000000 1.000000 19.000000
v -21.000000 -1.000000 17.000000
v -21.000000 -1.000000 19.000000
v -21.000000 1.000000 17.000000
v -23.000000 13.000000 7.000000
v -23.000000 11.000000 5.000000
v -23.000000 11.000000 7.000000
v -23.000000 13.000000 5.000000
v -23.000000 13.000000 -13.000000
v -23.000000 11.000000 -15.000000
v -23.000000 11.000000 -13.000000
v -23.000000 13.000000 -15.000000
v -23.000000 11.000000 3.000000
v -23.000000 9.000000 1.000000
v -23.000000 7.000000 3.000000
v -23.000000 9.000000 -1.000000
v -23.000000 11.000000 1.000000
v -23.000000 9.000000 -3.000000
v -23.000000 11.000000 -1.000000
v -23.000000 7.000000 -11.000000
v -23.000000 11.000000 -3.000000
v -23.000000 9.000000 -5.000000
v -23.000000 9.000000 -7.000000
v -23.000000 9.000000 -9.000000
v -23.000000 11.000000 -5.000000
v -23.000000 11.000000 -11.000000
v -23.000000 11.000000 -7.000000
v -23.000000 11.000000 -9.000000
v -23.000000 1.000000 -15.000000
v -23.000000 -1.000000 -25.000000
v -23.000000 -1.000000 -15.000000
v -23.000000 1.000000 -25.000000
v -23.000000 1.000000 17.000000
v -23.000000 -1.000000 13.000000
v -23.000000 -1.000000 17.000000
v -23.000000 1.000000 13.000000
v -25.000000 1.000000 13.000000
v -25.000000 -1.000000 -15.000000
v -25.000000 -1.000000 13.000000
v -25.000000 1.000000 -15.000000
v 3.000000 51.000000 7.000000
v 3.000000 49.000000 -15.000000
v 3.000000 49.000000 7.000000
v 3.000000 47.000000 -17.000000
v 3.000000 51.000000 -15.000000
v 3.000000 49.000000 -17.000000
v 3.000000 47.000000 9.000000
v 3.000000 49.000000 9.000000
v 3.000000 47.000000 -21.000000
v 3.000000 49.000000 -21.000000
v 3.000000 49.000000 -23.000000
v 3.000000 43.000000 -23.000000
v 3.000000 45.000000 -21.000000
v 3.000000 43.000000 -21.000000
v 3.000000 47.000000 -19.000000
v 3.000000 45.000000 -19.000000
v 3.000000 49.000000 15.000000
v 3.000000 47.000000 13.000000
v 3.000000 43.000000 15.000000
v 3.000000 45.000000 13.000000
v 3.000000 49.000000 13.000000
v 3.000000 43.000000 13.000000
v 3.000000 45.000000 11.000000
v 3.000000 47.000000 11.000000
v 3.000000 27.000000 -3.000000
v 3.000000 23.000000 -5.000000
v 3.000000 23.000000 -3.000000
v 3.000000 11.000000 -7.000000
v 3.000000 27.000000 -5.000000
v 3.000000 23.000000 -7.000000
v 3.000000 11.000000 -1.000000
v 3.000000 23.000000 -1.000000
v 3.000000 5.000000 -9.000000
v 3.000000 5.000000 -7.000000
v 3.000000 11.000000 -9.000000
v 3.000000 11.000000 1.000000
v 3.000000 5.000000 -1.000000
v 3.000000 5.000000 1.000000
v 1.000000 47.000000 17.000000
v 1.000000 43.000000 15.000000
v 1.000000 37.000000 17.000000
v 1.000000 37.000000 15.000000
v 1.000000 47.000000 15.000000
v 1.000000 47.000000 11.000000
v 1.000000 45.000000 -19.000000
v 1.000000 45.000000 11.000000
v 1.000000 43.000000 -21.000000
v 1.000000 47.000000 -19.000000
v 1.000000 45.000000 -21.000000
v 1.000000 43.000000 13.000000
v 1.000000 45.000000 13.000000
v 1.000000 43.000000 -23.000000
v 1.000000 47.000000 -23.000000
v 1.000000 47.000000 -25.000000
v 1.000000 37.000000 -25.000000
v 1.000000 37.000000 -23.000000
v 1.000000 31.000000 -3.000000
v 1.000000 29.000000 -5.000000
v 1.000000 29.000000 -3.000000
v 1.000000 27.000000 -5.000000
v 1.000000 31.000000 -5.000000
v 1.000000 29.000000 -7.000000
v 1.000000 27.000000 -3.000000
v 1.000000 23.000000 -7.000000
v 1.000000 29.000000 -1.000000
v 1.000000 23.000000 -5.000000
v 1.000000 23.000000 -1.000000
v 1.000000 23.000000 -3.000000
v 5.000000 57.000000 3.000000
v 5.000000 55.000000 -11.000000
v 5.000000 55.000000 3.000000
v 5.000000 51.000000 -15.000000
v 5.000000 57.000000 -11.000000
v 5.000000 53.000000 -15.000000
v 5.000000 51.000000 7.000000
v 5.000000 55.000000 -15.000000
v 5.000000 51.000000 -19.000000
v 5.000000 53.000000 7.000000
v 5.000000 53.000000 -19.000000
v 5.000000 49.000000 -17.000000
v 5.000000 53.000000 11.000000
v 5.000000 55.000000 7.000000
v 5.000000 47.000000 -21.000000
v 5.000000 49.000000 -15.000000
v 5.000000 51.000000 11.000000
v 5.000000 51.000000 -21.000000
v 5.000000 47.000000 -17.000000
v 5.000000 49.000000 9.000000
v 5.000000 49.000000 7.000000
v 5.000000 47.000000 13.000000
v 5.000000 47.000000 9.000000
v 5.000000 51.000000 13.000000
v 5.000000 11.000000 -1.000000
v 5.000000 5.000000 -7.000000
v 5.000000 5.000000 -1.000000
v 5.000000 11.000000 -7.000000
v 5.000000 5.000000 -11.000000
v 5.000000 3.000000 -13.000000
v 5.000000 3.000000 -11.000000
v 5.000000 5.000000 -13.000000
v 5.000000 5.000000 5.000000
v 5.000000 3.000000 3.000000
v 5.000000 3.000000 5.000000
v 5.000000 5.000000 3.000000
v 5.000000 3.000000 -15.000000
v 5.000000 1.000000 -17.000000
v 5.000000 1.000000 -15.000000
v 5.000000 3.000000 -17.000000
v 5.000000 3.000000 9.000000
v 5.000000 1.000000 7.000000
v 5.000000 1.000000 9.000000
v 5.000000 3.000000 7.000000
v -1.000000 43.000000 19.000000
v -1.000000 37.000000 17.000000
v -1.000000 33.000000 19.000000
v -1.000000 33.000000 17.000000
v -1.000000 43.000000 17.000000
v -1.000000 43.000000 15.000000
v -1.000000 37.000000 -23.000000
v -1.000000 37.000000 15.000000
v -1.000000 43.000000 -23.000000
v -1.000000 37.000000 -25.000000
v -1.000000 43.000000 -25.000000
v -1.000000 43.000000 -27.000000
v -1.000000 33.000000 -27.000000
v -1.000000 33.000000 -25.000000
v -1.000000 35.000000 -3.000000
v -1.000000 31.000000 -5.000000
v -1.000000 31.000000 -3.000000
v -1.000000 35.000000 -5.000000
v -1.000000 29.000000 -7.000000
v -1.000000 29.000000 -5.000000
v -1.000000 31.000000 -7.000000
v -1.000000 31.000000 -1.000000
v -1.000000 29.000000 -3.000000
v -1.000000 29.000000 -1.000000
v -3.000000 37.000000 21.000000
v -3.000000 33.000000 19.000000
v -3.000000 33.000000 21.000000
v -3.000000 37.000000 19.000000
v -3.000000 37.000000 17.000000
v -3.000000 33.000000 -1.000000
v -3.000000 33.000000 17.000000
v -3.000000 35.000000 -3.000000
v -3.000000 31.000000 -3.000000
v -3.000000 37.000000 -25.000000
v -3.000000 31.000000 -1.000000
v -3.000000 35.000000 -5.000000
v -3.000000 33.000000 -7.000000
v -3.000000 33.000000 -25.000000
v -3.000000 31.000000 -5.000000
v -3.000000 31.000000 -7.000000
v -3.000000 37.000000 -27.000000
v -3.000000 33.000000 -29.000000
v -3.000000 33.000000 -27.000000
v -3.000000 37.000000 -29.000000
v -3.000000 29.000000 -27.000000
v -3.000000 29.000000 -25.000000
v -3.000000 29.000000 17.000000
v -3.000000 29.000000 19.000000
v 7.000000 5.000000 3.000000
v 7.000000 3.000000 1.000000
v 7.000000 3.000000 3.000000
v 7.000000 5.000000 1.000000
v 7.000000 5.000000 -9.000000
v 7.000000 3.000000 -11.000000
v 7.000000 3.000000 -9.000000
v 7.000000 5.000000 -11.000000
v -5.000000 33.000000 21.000000
v -5.000000 29.000000 19.000000
v -5.000000 29.000000 21.000000
v -5.000000 33.000000 19.000000
v -5.000000 33.000000 17.000000
v -5.000000 29.000000 17.000000
v -5.000000 33.000000 -1.000000
v -5.000000 33.000000 -7.000000
v -5.000000 29.000000 -25.000000
v -5.000000 33.000000 -25.000000
v -5.000000 33.000000 -27.000000
v -5.000000 29.000000 -29.000000
v -5.000000 29.000000 -27.000000
v -5.000000 33.000000 -29.000000
v -5.000000 25.000000 -27.000000
v -5.000000 25.000000 -25.000000
v -5.000000 25.000000 17.000000
v -5.000000 25.000000 19.000000
v 9.000000 5.000000 1.000000
v 9.000000 3.000000 -9.000000
v 9.000000 3.000000 1.000000
v 9.000000 5.000000 -9.000000
v 9.000000 3.000000 -13.000000
v 9.000000 1.000000 -15.000000
v 9.000000 1.000000 -13.000000
v 9.000000 3.000000 -15.000000
v 9.000000 3.000000 7.000000
v 9.000000 1.000000 5.000000
v 9.000000 1.000000 7.000000
v 9.000000 3.000000 5.000000
v -7.000000 29.000000 21.000000
v -7.000000 25.000000 19.000000
v -7.000000 25.000000 21.000000
v -7.000000 29.000000 19.000000
v -7.000000 29.000000 17.000000
v -7.000000 25.000000 15.000000
v -7.000000 25.000000 17.000000
v -7.000000 21.000000 15.000000
v -7.000000 29.000000 -3.000000
v -7.000000 21.000000 17.000000
v -7.000000 25.000000 -3.000000
v -7.000000 29.000000 -5.000000
v -7.000000 25.000000 -23.000000
v -7.000000 25.000000 -5.000000
v -7.000000 29.000000 -25.000000
v -7.000000 25.000000 -25.000000
v -7.000000 21.000000 -25.000000
v -7.000000 21.000000 -23.000000
v -7.000000 29.000000 -27.000000
v -7.000000 25.000000 -29.000000
v -7.000000 25.000000 -27.000000
v -7.000000 29.000000 -29.000000
v 11.000000 3.000000 5.000000
v 11.000000 1.000000 1.000000
v 11.000000 1.000000 5.000000
v 11.000000 3.000000 1.000000
v 11.000000 3.000000 -9.000000
v 11.000000 1.000000 -13.000000
v 11.000000 1.000000 -9.000000
v 11.000000 3.000000 -13.000000
v -9.000000 25.000000 19.000000
v -9.000000 21.000000 17.000000
v -9.000000 21.000000 19.000000
v -9.000000 25.000000 17.000000
v -9.000000 25.000000 15.000000
v -9.000000 21.000000 13.000000
v -9.000000 21.000000 15.000000
v -9.000000 19.000000 13.000000
v -9.000000 25.000000 -23.000000
v -9.000000 19.000000 15.000000
v -9.000000 21.000000 -21.000000
v -9.000000 21.000000 -23.000000
v -9.000000 19.000000 -23.000000
v -9.000000 19.000000 -21.000000
v -9.000000 25.000000 -25.000000
v -9.000000 21.000000 -27.000000
v -9.000000 21.000000 -25.000000
v -9.000000 25.000000 -27.000000
v -9.000000 19.000000 -19.000000
v -9.000000 17.000000 -21.000000
v -9.000000 17.000000 -19.000000
v -9.000000 17.000000 11.000000
v -9.000000 17.000000 13.000000
v -9.000000 19.000000 11.000000
v 13.000000 3.000000 1.000000
v 13.000000 1.000000 -9.000000
v 13.000000 1.000000 1.000000
v 13.000000 3.000000 -9.000000
v -11.000000 21.000000 17.000000
v -11.000000 19.000000 15.000000
v -11.000000 17.000000 17.000000
v -11.000000 17.000000 13.000000
v -11.000000 21.000000 15.000000
v -11.000000 19.000000 13.000000
v -11.000000 21.000000 13.000000
v -11.000000 19.000000 11.000000
v -11.000000 21.000000 -21.000000
v -11.000000 19.000000 -19.000000
v -11.000000 17.000000 9.000000
v -11.000000 19.000000 -21.000000
v -11.000000 17.000000 -17.000000
v -11.000000 17.000000 11.000000
v -11.000000 17.000000 -19.000000
v -11.000000 15.000000 9.000000
v -11.000000 15.000000 -19.000000
v -11.000000 15.000000 11.000000
v -11.000000 15.000000 -21.000000
v -11.000000 15.000000 -17.000000
v -11.000000 13.000000 11.000000
v -11.000000 17.000000 -21.000000
v -11.000000 13.000000 -19.000000
v -11.000000 13.000000 7.000000
v -11.000000 15.000000 13.000000
v -11.000000 13.000000 -15.000000
v -11.000000 15.000000 5.000000
v -11.000000 15.000000 -15.000000
v -11.000000 11.000000 5.000000
v -11.000000 11.000000 7.000000
v -11.000000 19.000000 -23.000000
v -11.000000 21.000000 -23.000000
v -11.000000 21.000000 -25.000000
v -11.000000 17.000000 -25.000000
v 15.000000 1.000000 21.000000
v 15.000000 -1.000000 19.000000
v 15.000000 -1.000000 21.000000
v 15.000000 1.000000 19.000000
v 15.000000 1.000000 -27.000000
v 15.000000 -1.000000 -29.000000
v 15.000000 -1.000000 -27.000000
v 15.000000 1.000000 -29.000000
v -13.000000 17.000000 15.000000
v -13.000000 15.000000 13.000000
v -13.000000 15.000000 15.000000
v -13.000000 17.000000 13.000000
v -13.000000 17.000000 9.000000
v -13.000000 15.000000 5.000000
v -13.000000 15.000000 9.000000
v -13.000000 17.000000 -17.000000
v -13.000000 13.000000 -11.000000
v -13.000000 15.000000 -15.000000
v -13.000000 13.000000 3.000000
v -13.000000 15.000000 -17.000000
v -13.000000 13.000000 -15.000000
v -13.000000 11.000000 5.000000
v -13.000000 11.000000 -15.000000
v -13.000000 11.000000 3.000000
v -13.000000 11.000000 -11.000000
v -13.000000 17.000000 -21.000000
v -13.000000 15.000000 -23.000000
v -13.000000 15.000000 -21.000000
v -13.000000 17.000000 -23.000000
v -13.000000 15.000000 -19.000000
v -13.000000 13.000000 -21.000000
v -13.000000 13.000000 -19.000000
v -13.000000 13.000000 11.000000
v -13.000000 13.000000 13.000000
v -13.000000 15.000000 11.000000
v -13.000000 9.000000 -11.000000
v -13.000000 9.000000 3.000000
v -15.000000 13.000000 11.000000
v -15.000000 11.000000 7.000000
v -15.000000 11.000000 11.000000
v -15.000000 13.000000 7.000000
v -15.000000 13.000000 3.000000
v -15.000000 11.000000 -11.000000
v -15.000000 11.000000 3.000000
v -15.000000 13.000000 -11.000000
v -15.000000 13.000000 -15.000000
v -15.000000 11.000000 -19.000000
v -15.000000 11.000000 -15.000000
v -15.000000 13.000000 -19.000000
v -15.000000 9.000000 -15.000000
v -15.000000 9.000000 -11.000000
v -15.000000 9.000000 3.000000
v -15.000000 9.000000 7.000000
v -17.000000 9.000000 3.000000
v -17.000000 7.000000 -11.000000
v -17.000000 7.000000 3.000000
v -17.000000 9.000000 -11.000000
v 21.000000 1.000000 19.000000
v 21.000000 -1.000000 17.000000
v 21.000000 -1.000000 19.000000
v 21.000000 1.000000 17.000000
v 21.000000 1.000000 -25.000000
v 21.000000 -1.000000 -27.000000
v 21.000000 -1.000000 -25.000000
v 21.000000 1.000000 -27.000000
v 23.000000 1.000000 17.000000
v 23.000000 -1.000000 11.000000
v 23.000000 -1.000000 17.000000
v 23.000000 1.000000 11.000000
v 23.000000 1.000000 -19.000000
v 23.000000 -1.000000 -25.000000
v 23.000000 -1.000000 -19.000000
v 23.000000 1.000000 -25.000000
v 25.000000 1.000000 11.000000
v 25.000000 -1.000000 -19.000000
v 25.000000 -1.000000 11.000000
v 25.000000 1.000000 -19.000000
vn -0.5774 -0.5774 -0.5773
vn -0.9045 -0.3015 0.3015
vn -0.9045 -0.3015 -0.3015
vn -0.5773 0.5774 -0.5774
vn -0.5774 -0.5774 0.5774
vn -0.5773 -0.5774 -0.5773
vn -0.5773 0.5774 0.5774
vn -0.5773 0.5774 0.5773
vn -0.7071 -0.0000 0.7071
vn -1.0000 -0.0000 -0.0000
vn -0.7071 -0.0000 -0.7071
vn -0.5774 0.5774 -0.5773
vn -0.3015 0.9045 -0.3015
vn -0.5774 0.5773 0.5773
vn -0.3015 0.9045 0.3015
vn -0.5774 -0.5773 -0.5774
vn -0.5773 0.5773 0.5774
vn -0.5773 -0.5774 0.5773
vn -0.5773 0.5773 -0.5774
vn -0.5773 -0.5773 0.5774
vn -0.5773 0.5774 -0.5773
vn -0.5774 0.5773 -0.5773
vn -0.3015 -0.9045 -0.3015
vn -0.3015 -0.9045 0.3015
vn -0.9045 0.3015 -0.3015
vn -0.5774 0.5773 0.5774
vn -0.9045 0.3015 0.3015
vn -0.5774 0.5773 -0.5774
vn -0.5774 -0.5774 -0.5774
vn -0.3015 -0.3015 0.9045
vn -0.3015 -0.3015 -0.9045
vn -0.5774 -0.5773 -0.5773
vn -0.5773 -0.5774 0.5774
vn -0.7071 -0.7071 -0.0000
vn -0.5774 0.5774 -0.5774
vn -0.5774 0.5774 0.5774
vn -0.5773 -0.5774 -0.5774
vn -0.5773 -0.5773 -0.5774
vn -0.0000 -0.7071 -0.7071
vn -0.0000 -0.7071 0.7071
vn -0.5774 0.5774 0.5773
vn -0.3015 0.3015 -0.9045
vn -0.3015 0.3015 0.9045
vn -0.7071 0.7071 -0.0000
vn -0.5774 -0.5773 0.5773
vn -1.0000 -0.0000 0.0001
vn -1.0000 -0.0000 -0.0001
vn -0.5774 -0.5773 0.5774
vn -0.5774 -0.5774 0.5773
vn 0.5773 -0.5773 -0.5774
vn 0.9045 -0.3015 0.3015
vn 0.9045 -0.3015 -0.3015
vn 0.3015 -0.9045 0.3015
vn 0.5773 -0.5773 0.5774
vn 0.5773 -0.5774 0.5774
vn 0.3015 -0.9045 -0.3015
vn 0.3015 0.3015 -0.9045
vn 0.5774 0.5773 -0.5774
vn 0.5774 -0.5774 -0.5773
vn 0.5774 0.5773 0.5774
vn 0.5773 -0.5774 0.5773
vn 0.3015 0.3015 0.9045
vn 0.5774 -0.5773 -0.5774
vn 0.5773 0.5774 0.5773
vn 0.9045 0.3015 -0.3015
vn 0.9045 0.3015 0.3015
vn 0.5773 0.5773 -0.5774
vn 0.5774 0.5774 -0.5774
vn 0.5774 0.5774 0.5773
vn 0.3015 0.9045 -0.3015
vn 0.5773 0.5773 0.5774
vn 0.5773 0.5774 0.5774
vn 0.3015 0.9045 0.3015
vn 0.5774 0.5774 0.5774
vn 0.7071 -0.7071 -0.0000
vn 0.5773 -0.5774 -0.5774
vn 0.5773 -0.5774 -0.5773
vn 0.5773 0.5774 -0.5773
vn 0.5774 0.5773 0.5773
vn 0.5774 -0.5774 0.5773
vn 0.5774 0.5773 -0.5773
vn 0.3015 -0.3015 0.9045
vn 0.3015 -0.3015 -0.9045
vn 1.0000 -0.0000 -0.0000
vn 0.5774 -0.5774 0.5774
vn 0.5774 -0.5773 0.5774
vn 0.5774 -0.5773 -0.5773
vn 0.5774 -0.5774 -0.5774
vn 0.5774 -0.5773 0.5773
vt 0.468761 0.984364
vt 0.484353 0.984364
vt 0.468761 0.968772
vt 0.468719 0.718785
vt 0.453141 0.734375
vt 0.453141 0.749965
vt 0.468721 0.726590
vt 0.453140 0.742182
vt 0.453140 0.749978
vt 0.468722 0.729191
vt 0.453139 0.744785
vt 0.453139 0.749983
vt 0.468740 0.622779
vt 0.453146 0.631697
vt 0.468740 0.642845
vt 0.468736 0.749985
vt 0.468736 0.746086
vt 0.453152 0.730492
vt 0.468736 0.749983
vt 0.468736 0.744785
vt 0.453153 0.729191
vt 0.468735 0.749978
vt 0.468735 0.742182
vt 0.453154 0.726590
vt 0.468734 0.749965
vt 0.468734 0.734375
vt 0.453156 0.718785
vt 0.421886 0.453114
vt 0.437478 0.453114
vt 0.421886 0.437522
vt 0.468733 0.718763
vt 0.453134 0.718763
vt 0.453134 0.749974
vt 0.468738 0.623589
vt 0.453149 0.626426
vt 0.468738 0.642030
vt 0.468736 0.749979
vt 0.468736 0.735945
vt 0.453153 0.732826
vt 0.468737 0.749979
vt 0.468737 0.734383
vt 0.453151 0.731984
vt 0.468741 0.749974
vt 0.468741 0.718763
vt 0.453142 0.718763
vt 0.468738 0.622606
vt 0.453148 0.625007
vt 0.468738 0.643012
vt 0.078136 0.453114
vt 0.093728 0.453114
vt 0.078136 0.437522
vt 0.484362 0.453142
vt 0.453151 0.468741
vt 0.484362 0.468741
vt 0.476546 0.453134
vt 0.453138 0.453134
vt 0.460941 0.468733
vt 0.453138 0.468741
vt 0.476546 0.468741
vt 0.460941 0.453142
vt 0.484362 0.468733
vt 0.484362 0.453134
vt 0.453151 0.453134
vt 0.453136 0.828114
vt 0.468728 0.828114
vt 0.453136 0.812522
vt 0.468741 0.749988
vt 0.468741 0.730483
vt 0.453144 0.742186
vt 0.468729 0.726574
vt 0.453135 0.726574
vt 0.453135 0.749977
vt 0.453135 0.749983
vt 0.468730 0.734380
vt 0.453135 0.729179
vt 0.453146 0.726574
vt 0.468740 0.749977
vt 0.468740 0.726574
vt 0.453134 0.730483
vt 0.453134 0.749988
vt 0.468731 0.742186
vt 0.468740 0.729179
vt 0.453145 0.734380
vt 0.468740 0.749983
vt 0.062489 0.778657
vt 0.046897 0.781257
vt 0.062489 0.796857
vt 0.015640 0.546880
vt 0.031243 0.578103
vt 0.031243 0.531268
vt 0.015636 0.968739
vt 0.031228 0.968739
vt 0.015636 0.953147
vt 0.046891 0.765660
vt 0.046891 0.781250
vt 0.062469 0.796840
vt 0.046886 0.796857
vt 0.062478 0.781257
vt 0.046886 0.778657
vt 0.062491 0.765651
vt 0.046892 0.796862
vt 0.062491 0.796862
vt 0.062483 0.765638
vt 0.046884 0.765638
vt 0.046884 0.796849
vt 0.046886 0.812489
vt 0.062478 0.812489
vt 0.046886 0.796897
vt 0.453142 0.734378
vt 0.468741 0.749984
vt 0.468741 0.726575
vt 0.453134 0.726575
vt 0.453134 0.749984
vt 0.468733 0.734378
vt 0.375011 0.874989
vt 0.390603 0.874989
vt 0.375011 0.859397
vt 0.015660 0.499984
vt 0.031250 0.499984
vt 0.046840 0.484406
vt 0.046864 0.460949
vt 0.015647 0.468753
vt 0.046864 0.484361
vt 0.046865 0.499986
vt 0.023457 0.490627
vt 0.046865 0.484387
vt 0.023453 0.492188
vt 0.046844 0.484396
vt 0.023453 0.499979
vt 0.023452 0.484393
vt 0.046845 0.499978
vt 0.023452 0.489588
vt 0.046852 0.484385
vt 0.023449 0.499979
vt 0.023449 0.484385
vt 0.023459 0.484394
vt 0.046858 0.494788
vt 0.039058 0.499985
vt 0.039059 0.484392
vt 0.046862 0.499991
vt 0.023454 0.499991
vt 0.015640 0.484389
vt 0.046844 0.499983
vt 0.015640 0.489587
vt 0.031250 0.484391
vt 0.046840 0.484391
vt 0.015660 0.499969
vt 0.046840 0.499984
vt 0.015660 0.484406
vt 0.453151 0.731792
vt 0.468737 0.749987
vt 0.468737 0.747388
vt 0.453151 0.732443
vt 0.468737 0.749988
vt 0.468737 0.748038
vt 0.453152 0.731272
vt 0.468737 0.749986
vt 0.468737 0.746867
vt 0.453151 0.732164
vt 0.468737 0.749987
vt 0.468737 0.747759
vt 0.453151 0.732659
vt 0.468737 0.749988
vt 0.468737 0.748255
vt 0.453151 0.732833
vt 0.468737 0.749988
vt 0.468737 0.748429
vt 0.468734 0.718785
vt 0.453156 0.749965
vt 0.453141 0.718785
vt 0.468719 0.749965
vt 0.453133 0.718768
vt 0.453133 0.749982
vt 0.468742 0.749982
vt 0.468742 0.718768
vt 0.484349 0.468741
vt 0.453138 0.453142
vt 0.453135 0.622779
vt 0.453135 0.642845
vt 0.468729 0.631697
vt 0.468723 0.730492
vt 0.453139 0.746086
vt 0.453139 0.749985
vt 0.484357 0.468742
vt 0.468750 0.453141
vt 0.453143 0.468742
vt 0.453143 0.453133
vt 0.468750 0.468734
vt 0.484357 0.453133
vt 0.312478 0.843739
vt 0.296886 0.843739
vt 0.296886 0.828147
vt 0.453110 0.531233
vt 0.421904 0.511172
vt 0.453110 0.515630
vt 0.421888 0.488830
vt 0.421888 0.464300
vt 0.453100 0.484370
vt 0.093750 0.826405
vt 0.109337 0.843723
vt 0.078163 0.828136
vt 0.109383 0.906217
vt 0.109383 0.578157
vt 0.124984 0.734376
vt 0.046888 0.749991
vt 0.062474 0.734395
vt 0.046888 0.751551
vt 0.468734 0.906250
vt 0.453133 0.921857
vt 0.453133 0.890643
vt 0.343720 0.953113
vt 0.046895 0.890650
vt 0.109385 0.953113
vt 0.078154 0.496105
vt 0.374985 0.570295
vt 0.374985 0.511724
vt 0.218713 0.858409
vt 0.070327 0.876947
vt 0.046898 0.875971
vt 0.406235 0.796869
vt 0.343742 0.890609
vt 0.062522 0.546896
vt 0.062523 0.890602
vt 0.406236 0.640636
vt 0.359366 0.625013
vt 0.015639 0.734354
vt 0.312473 0.601576
vt 0.015639 0.625008
vt 0.421852 0.632795
vt 0.375012 0.484403
vt 0.375012 0.609365
vt 0.046857 0.499992
vt 0.015643 0.499992
vt 0.015643 0.484383
vt 0.046857 0.484383
vt 0.062477 0.749992
vt 0.046887 0.751725
vt 0.046887 0.734393
vt 0.046898 0.749992
vt 0.062488 0.734393
vt 0.062488 0.751725
vt 0.453151 0.546883
vt 0.468737 0.546062
vt 0.468737 0.563306
vt 0.468737 0.906259
vt 0.468737 0.921855
vt 0.453150 0.905438
vt 0.453151 0.546883
vt 0.468737 0.545965
vt 0.468737 0.563403
vt 0.468737 0.906259
vt 0.468737 0.921855
vt 0.453151 0.905342
vt 0.453150 0.546883
vt 0.468737 0.545682
vt 0.468737 0.563685
vt 0.468737 0.906259
vt 0.468737 0.921855
vt 0.453151 0.905059
vt 0.468739 0.566943
vt 0.453148 0.542421
vt 0.468739 0.542421
vt 0.453136 0.566954
vt 0.453136 0.542432
vt 0.468727 0.566954
vt 0.484349 0.453134
vt 0.453138 0.468733
vt 0.355478 0.921888
vt 0.351579 0.921888
vt 0.374974 0.937475
vt 0.374984 0.929688
vt 0.351594 0.921896
vt 0.374984 0.937479
vt 0.367185 0.921890
vt 0.355489 0.937476
vt 0.374983 0.924488
vt 0.374980 0.932289
vt 0.351573 0.921890
vt 0.351573 0.937488
vt 0.374985 0.932288
vt 0.353149 0.921896
vt 0.371866 0.937483
vt 0.374974 0.921900
vt 0.351579 0.937487
vt 0.355478 0.937487
vt 0.328140 0.921872
vt 0.437486 0.953112
vt 0.390624 0.859391
vt 0.355489 0.921899
vt 0.367185 0.937485
vt 0.374983 0.934887
vt 0.312514 0.718737
vt 0.359376 0.625016
vt 0.421860 0.687497
vt 0.374985 0.927087
vt 0.353149 0.937479
vt 0.371866 0.921892
vt 0.351594 0.937479
vt 0.374984 0.921896
vt 0.351572 0.921887
vt 0.351572 0.937486
vt 0.374980 0.927737
vt 0.351576 0.921889
vt 0.374973 0.937478
vt 0.351576 0.924487
vt 0.296892 0.652335
vt 0.304692 0.656235
vt 0.320291 0.632836
vt 0.328109 0.921875
vt 0.281248 0.968734
vt 0.218767 0.875016
vt 0.353148 0.921896
vt 0.374986 0.933588
vt 0.371866 0.937485
vt 0.296890 0.648433
vt 0.300790 0.656233
vt 0.320289 0.632834
vt 0.328135 0.718724
vt 0.338543 0.609391
vt 0.354155 0.625010
vt 0.351572 0.921887
vt 0.374981 0.928573
vt 0.351572 0.937486
vt 0.296897 0.828136
vt 0.374992 0.874982
vt 0.390611 0.835944
vt 0.356273 0.937481
vt 0.371866 0.921899
vt 0.374985 0.932287
vt 0.374985 0.921901
vt 0.374985 0.931637
vt 0.355499 0.937478
vt 0.453141 0.499984
vt 0.484359 0.484375
vt 0.468750 0.468766
vt 0.453131 0.687517
vt 0.453131 0.890597
vt 0.468738 0.718760
vt 0.453141 0.890600
vt 0.468742 0.859362
vt 0.468742 0.718788
vt 0.453134 0.718776
vt 0.453134 0.749987
vt 0.468733 0.749987
vt 0.453135 0.726586
vt 0.453135 0.749988
vt 0.468729 0.749988
vt 0.062482 0.984367
vt 0.046875 0.968766
vt 0.031268 0.984367
vt 0.046875 0.984359
vt 0.062482 0.968758
vt 0.031268 0.968758
vt 0.453148 0.730479
vt 0.468739 0.749979
vt 0.468739 0.730479
vt 0.200014 0.468743
vt 0.253106 0.468743
vt 0.215629 0.453140
vt 0.278151 0.453156
vt 0.293753 0.468735
vt 0.315596 0.468735
vt 0.468727 0.730479
vt 0.453136 0.730479
vt 0.453136 0.749979
vt 0.468747 0.468733
vt 0.476550 0.453134
vt 0.453141 0.453134
vt 0.476550 0.468741
vt 0.468747 0.453142
vt 0.453141 0.468741
vt 0.031243 0.578107
vt 0.015640 0.562496
vt 0.031243 0.531273
vt 0.046849 0.781245
vt 0.015638 0.783845
vt 0.015638 0.765639
vt 0.057289 0.765648
vt 0.062490 0.796863
vt 0.046888 0.796863
vt 0.046891 0.796859
vt 0.054688 0.796859
vt 0.062484 0.765656
vt 0.031250 0.765642
vt 0.046862 0.796866
vt 0.015638 0.796866
vt 0.015651 0.484384
vt 0.046862 0.499983
vt 0.046862 0.484384
vt 0.015638 0.484392
vt 0.015638 0.499991
vt 0.046849 0.499991
s 1
usemtl lambert0.003
f 1/1/1 2/2/2 3/3/3
f 4/4/4 3/5/3 2/6/2
f 1/1/1 5/2/5 2/3/2
f 4/7/4 2/8/2 6/9/3
f 4/1/4 7/2/6 3/3/3
f 4/10/4 6/11/3 8/12/2
f 9/1/1 8/2/2 6/3/3
f 4/13/4 8/14/2 10/15/7
f 9/1/1 11/2/5 8/3/2
f 8/16/2 12/17/3 10/18/7
f 12/19/3 13/20/2 10/21/7
f 13/22/2 14/23/3 10/24/7
f 15/1/1 13/2/2 12/3/3
f 14/25/3 16/26/2 10/27/7
f 15/1/1 17/2/5 13/3/2
f 16/1/2 18/2/5 10/3/7
f 19/1/1 16/2/2 14/3/3
f 19/1/1 20/2/5 16/3/2
f 21/28/8 22/29/9 23/30/10
f 22/28/9 21/29/8 24/30/11
f 24/28/11 21/29/8 25/30/9
f 21/28/8 26/29/4 25/30/9
f 26/28/4 27/29/11 25/30/9
f 26/28/4 28/29/9 27/30/11
f 26/28/4 29/29/11 28/30/9
f 26/28/4 30/29/10 29/30/11
f 30/28/10 31/29/9 32/30/5
f 30/28/10 33/29/12 31/30/9
f 33/28/12 34/29/13 31/30/9
f 35/28/14 36/29/11 37/30/15
f 35/28/14 23/29/10 36/30/11
f 23/28/10 38/29/6 36/30/11
f 39/31/3 40/32/16 41/33/11
f 39/34/3 41/35/11 42/36/2
f 41/37/11 43/38/9 42/39/2
f 39/40/3 42/41/2 44/42/17
f 43/43/9 45/44/5 42/45/2
f 42/1/2 46/2/18 44/3/17
f 47/46/19 39/47/3 44/48/17
f 47/1/19 48/2/6 39/3/3
f 49/49/14 50/50/16 51/51/20
f 49/49/14 52/50/21 50/51/16
f 53/49/14 54/50/16 55/51/20
f 53/49/14 56/50/21 54/51/16
f 57/49/14 58/50/16 59/51/20
f 57/49/14 60/50/21 58/51/16
f 61/52/7 62/53/9 63/54/5
f 61/55/7 64/56/22 62/57/9
f 64/28/22 65/29/22 62/30/9
f 66/28/14 67/29/11 68/30/8
f 66/58/14 69/59/4 67/60/11
f 69/61/4 70/62/16 67/63/11
f 65/28/22 71/29/10 72/30/23
f 65/28/22 73/29/22 71/30/10
f 74/28/14 75/29/24 76/30/10
f 74/28/14 68/29/8 75/30/24
f 71/28/10 77/29/13 78/30/8
f 71/28/10 79/29/22 77/30/13
f 80/28/14 81/29/21 82/30/15
f 80/28/14 76/29/10 81/30/21
f 83/64/13 84/65/25 85/66/21
f 83/67/13 78/68/8 84/69/25
f 78/70/8 86/71/2 84/72/25
f 87/64/21 84/65/25 86/66/2
f 87/73/21 86/74/2 88/75/26
f 86/1/2 89/2/5 88/3/26
f 81/76/21 90/77/27 91/78/3
f 91/64/3 90/65/27 92/66/8
f 81/79/21 93/80/15 90/81/27
f 94/82/28 91/83/3 92/84/8
f 93/64/15 95/65/8 90/66/27
f 94/1/28 96/2/29 91/3/3
f 97/85/30 98/86/2 99/87/26
f 98/88/2 100/89/4 99/90/26
f 97/91/30 101/92/5 98/93/2
f 98/94/2 102/95/3 100/96/4
f 100/97/4 102/98/3 103/99/31
f 102/91/3 104/92/6 103/93/31
f 100/91/4 105/92/13 106/93/12
f 100/91/4 107/92/19 105/93/13
f 108/91/17 109/92/8 110/93/15
f 108/91/17 99/92/26 109/93/8
f 111/49/26 112/50/29 113/51/5
f 111/49/26 114/50/21 112/51/29
f 115/49/14 116/50/32 117/51/33
f 115/49/14 118/50/4 116/51/32
f 119/28/34 120/29/13 121/30/35
f 122/28/13 119/29/34 121/30/35
f 119/28/34 122/29/13 123/30/8
f 124/91/13 125/92/2 126/93/3
f 127/91/4 126/92/3 125/93/2
f 124/91/13 128/92/15 125/93/2
f 127/91/4 125/92/2 129/93/3
f 127/91/4 130/92/9 126/93/3
f 127/91/4 129/92/3 131/93/7
f 127/91/4 132/92/13 130/93/9
f 129/91/3 133/92/2 131/93/7
f 133/91/2 134/92/3 131/93/7
f 135/91/13 133/92/2 129/93/3
f 134/91/3 136/92/2 131/93/7
f 135/91/13 137/92/15 133/93/2
f 136/91/2 138/92/11 131/93/7
f 139/91/13 136/92/2 134/93/3
f 138/91/11 140/92/15 131/93/7
f 139/91/13 141/92/15 136/93/2
f 142/28/36 143/29/34 144/30/15
f 143/28/34 145/29/21 144/30/15
f 142/28/36 146/29/15 143/30/34
f 147/64/13 148/65/2 149/66/4
f 148/64/2 150/65/27 149/66/4
f 147/64/13 123/65/8 148/66/2
f 150/64/27 151/65/26 149/66/4
f 148/1/2 152/2/26 150/3/27
f 148/1/2 153/2/5 152/3/26
f 154/64/3 145/65/21 155/66/15
f 156/64/7 154/65/3 155/66/15
f 157/64/25 154/65/3 156/66/7
f 157/64/25 156/65/7 158/66/28
f 159/1/32 154/2/3 157/3/25
f 159/1/32 157/2/25 160/3/19
f 161/100/37 162/101/6 163/102/38
f 161/103/37 164/104/39 162/105/6
f 165/100/40 166/101/18 167/102/5
f 165/103/40 168/104/5 166/105/18
f 166/91/18 169/92/1 170/93/5
f 166/91/18 163/92/38 169/93/1
f 171/91/14 172/92/13 173/93/15
f 171/91/14 174/92/22 172/93/13
f 175/106/13 176/107/13 177/108/19
f 175/106/13 178/107/12 176/108/13
f 179/106/14 180/107/26 181/108/15
f 179/106/14 182/107/15 180/108/26
f 183/49/13 184/50/13 185/51/12
f 183/49/13 186/50/22 184/51/13
f 187/49/14 188/50/14 189/51/15
f 187/49/14 190/50/15 188/51/14
f 191/49/26 192/50/1 193/51/5
f 191/49/26 194/50/21 192/51/1
f 195/1/36 196/2/1 197/3/5
f 195/1/36 198/2/19 196/3/1
f 199/1/26 200/2/1 201/3/5
f 199/1/26 202/2/4 200/3/1
f 203/1/26 204/2/1 205/3/5
f 203/1/26 206/2/4 204/3/1
f 207/1/26 208/2/1 209/3/5
f 207/1/26 210/2/4 208/3/1
f 211/49/41 212/50/32 213/51/18
f 211/49/41 214/50/19 212/51/32
f 215/1/26 216/2/25 217/3/27
f 217/91/27 216/92/25 218/93/27
f 215/1/26 219/2/21 216/3/25
f 216/91/25 220/92/42 218/93/27
f 217/91/27 218/92/27 221/93/25
f 216/91/25 222/92/35 220/93/42
f 221/91/25 218/92/27 223/93/2
f 224/91/13 217/92/27 221/93/25
f 221/91/25 223/92/2 225/93/12
f 224/91/13 221/92/25 226/93/4
f 223/91/2 227/92/13 225/93/12
f 223/91/2 228/92/31 227/93/13
f 229/1/41 230/2/25 231/3/27
f 231/91/27 230/92/25 232/93/27
f 229/1/41 233/2/19 230/3/25
f 230/91/25 234/92/26 232/93/27
f 231/91/27 232/92/27 235/93/25
f 230/91/25 236/92/15 234/93/26
f 237/91/3 235/92/25 232/93/27
f 238/91/14 231/92/27 235/93/25
f 239/91/41 237/92/3 232/93/27
f 238/91/14 235/92/25 240/93/43
f 241/91/15 237/92/3 239/93/41
f 241/91/15 242/92/30 237/93/3
f 243/28/34 244/29/13 245/30/12
f 246/28/44 243/29/34 245/30/12
f 247/28/44 243/29/34 246/30/44
f 247/28/44 246/29/44 248/30/3
f 248/1/3 246/2/44 249/3/26
f 248/1/3 249/2/26 250/3/27
f 251/64/9 248/65/3 250/66/27
f 252/64/19 251/65/9 250/66/27
f 250/64/27 253/65/36 252/66/19
f 252/64/19 254/65/13 251/66/9
f 255/28/41 256/29/34 257/30/44
f 256/28/34 258/29/44 257/30/44
f 255/28/41 259/29/15 256/30/34
f 258/28/44 260/29/2 257/30/44
f 257/1/44 260/2/2 261/3/25
f 261/64/25 260/65/2 262/66/11
f 257/1/44 261/2/25 263/3/19
f 264/64/17 261/65/25 262/66/11
f 262/64/11 265/65/15 264/66/17
f 261/64/25 264/65/17 266/66/28
f 267/106/13 268/107/13 269/108/19
f 267/106/13 270/107/19 268/108/13
f 271/106/26 272/107/26 273/108/15
f 271/106/26 274/107/15 272/108/26
f 275/49/26 276/50/1 277/51/5
f 275/49/26 278/50/21 276/51/1
f 279/1/27 280/2/17 281/3/27
f 281/1/27 280/2/17 282/3/25
f 283/1/15 279/2/27 281/3/27
f 282/1/25 280/2/17 284/3/19
f 281/1/27 285/2/7 283/3/15
f 283/1/15 286/2/41 279/3/27
f 282/1/25 284/2/19 287/3/25
f 282/1/25 287/2/25 288/3/13
f 287/1/25 289/2/21 288/3/13
f 282/1/25 288/2/13 290/3/4
f 291/49/41 292/50/32 293/51/18
f 291/49/41 294/50/19 292/51/32
f 295/1/26 296/2/1 297/3/5
f 295/1/26 298/2/4 296/3/1
f 299/1/26 300/2/1 301/3/5
f 299/1/26 302/2/4 300/3/1
f 303/49/36 304/50/1 305/51/5
f 303/49/36 306/50/19 304/51/1
f 307/49/26 308/50/1 309/51/5
f 307/49/26 310/50/4 308/51/1
f 311/28/44 312/29/17 313/30/35
f 314/28/42 311/29/44 313/30/35
f 311/28/44 314/29/42 315/30/10
f 316/91/13 317/92/2 318/93/12
f 317/91/2 319/92/4 318/93/12
f 316/91/13 320/92/15 317/93/2
f 317/91/2 321/92/31 319/93/4
f 322/91/3 323/92/13 324/93/15
f 325/91/41 322/92/3 324/93/15
f 326/91/17 322/92/3 325/93/41
f 326/91/17 327/92/30 322/93/3
f 328/28/36 329/29/44 330/30/43
f 329/28/44 331/29/10 330/30/43
f 328/28/36 332/29/19 329/30/44
f 319/64/4 333/65/27 334/66/19
f 333/64/27 335/65/36 334/66/19
f 319/64/4 336/65/9 333/66/27
f 336/1/9 337/2/26 333/3/27
f 336/1/9 315/2/10 337/3/26
f 331/1/10 338/2/25 339/3/19
f 331/1/10 340/2/11 338/3/25
f 338/64/25 340/65/11 326/66/17
f 341/64/17 338/65/25 326/66/17
f 338/64/25 341/65/17 342/66/28
f 343/106/17 344/107/13 345/108/15
f 343/106/17 346/107/19 344/108/13
f 347/49/13 348/50/13 349/51/19
f 347/49/13 350/50/22 348/51/13
f 351/49/14 352/50/26 353/51/15
f 351/49/14 354/50/15 352/51/26
f 355/91/17 356/92/13 357/93/15
f 355/91/17 358/92/19 356/93/13
f 359/1/26 360/2/1 361/3/5
f 359/1/26 362/2/4 360/3/1
f 363/1/13 364/2/22 365/3/22
f 363/1/13 366/2/21 364/3/22
f 367/1/41 368/2/14 369/3/14
f 367/1/41 370/2/15 368/3/14
f 371/1/36 372/2/1 373/3/5
f 371/1/36 374/2/19 372/3/1
f 375/49/36 376/50/10 377/51/5
f 375/49/36 378/50/19 376/51/10
f 379/49/26 380/50/1 381/51/10
f 379/49/26 382/50/4 380/51/1
f 383/28/44 376/29/10 384/30/12
f 385/28/42 383/29/44 384/30/12
f 383/28/44 385/29/42 386/30/10
f 364/91/22 387/92/2 388/93/12
f 387/91/2 389/92/4 388/93/12
f 364/91/22 390/92/15 387/93/2
f 387/91/2 391/92/31 389/93/4
f 392/91/3 393/92/13 369/93/14
f 394/91/41 392/92/3 369/93/14
f 395/91/17 392/92/3 394/93/41
f 395/91/17 396/92/30 392/93/3
f 397/28/14 398/29/44 399/30/43
f 398/28/44 400/29/10 399/30/43
f 397/28/14 381/29/10 398/30/44
f 389/64/4 401/65/27 402/66/19
f 401/64/27 403/65/36 402/66/19
f 389/64/4 404/65/9 401/66/27
f 404/1/9 405/2/26 401/3/27
f 404/1/9 386/2/10 405/3/26
f 400/1/10 406/2/25 407/3/19
f 400/1/10 408/2/11 406/3/25
f 406/64/25 408/65/11 395/66/17
f 409/64/17 406/65/25 395/66/17
f 406/64/25 409/65/17 410/66/28
f 411/49/13 412/50/13 413/51/19
f 411/49/13 414/50/19 412/51/13
f 415/49/17 416/50/17 417/51/15
f 415/49/17 418/50/15 416/51/17
f 419/91/41 420/92/14 421/93/26
f 419/91/41 422/92/15 420/93/14
f 423/91/13 424/92/22 425/93/22
f 423/91/13 426/92/21 424/93/22
f 427/1/26 428/2/1 429/3/5
f 427/1/26 430/2/4 428/3/1
f 424/1/22 431/2/22 432/3/22
f 424/1/22 433/2/22 431/3/22
f 434/1/14 435/2/14 436/3/14
f 434/1/14 421/2/26 435/3/14
f 437/1/36 438/2/1 439/3/5
f 437/1/36 440/2/19 438/3/1
f 441/49/36 442/50/10 443/51/5
f 441/49/36 444/50/19 442/51/10
f 445/49/26 446/50/1 447/51/10
f 445/49/26 448/50/4 446/51/1
f 449/28/44 442/29/10 450/30/12
f 451/28/32 449/29/44 450/30/12
f 449/28/44 451/29/32 452/30/31
f 431/91/22 453/92/2 454/93/22
f 453/91/2 455/92/25 454/93/22
f 431/91/22 456/92/15 453/93/2
f 453/91/2 457/92/25 455/93/25
f 458/64/19 455/65/25 457/66/25
f 453/91/2 459/92/31 457/93/25
f 458/64/19 457/65/25 460/66/27
f 460/109/27 457/110/25 461/111/43
f 460/64/27 462/65/36 458/66/19
f 461/1/43 463/2/36 460/3/27
f 464/91/3 465/92/13 436/93/14
f 466/91/14 464/92/3 436/93/14
f 464/91/3 466/92/14 467/93/27
f 468/91/30 464/92/3 467/93/27
f 468/91/30 467/92/27 469/93/27
f 469/64/27 467/65/27 470/66/17
f 471/64/25 469/65/27 470/66/17
f 471/64/25 470/65/17 472/66/28
f 473/112/42 469/113/27 471/114/25
f 473/1/42 471/2/25 474/3/35
f 475/28/14 476/29/44 477/30/45
f 476/28/44 478/29/30 477/30/45
f 475/28/14 447/29/10 476/30/44
f 479/49/17 480/50/13 481/51/15
f 479/49/17 482/50/19 480/51/13
f 483/1/14 484/2/27 485/3/14
f 484/1/27 486/2/17 485/3/14
f 483/1/14 487/2/22 484/3/27
f 487/1/22 488/2/25 484/3/27
f 488/1/25 487/2/22 489/3/22
f 488/1/25 489/2/22 490/3/4
f 489/91/22 491/92/22 492/93/22
f 489/91/22 493/92/22 491/93/22
f 494/91/14 495/92/14 496/93/26
f 494/91/14 485/92/14 495/93/14
f 497/1/26 498/2/1 499/3/5
f 497/1/26 500/2/4 498/3/1
f 501/1/3 491/2/22 502/3/22
f 503/1/25 501/2/3 502/3/22
f 502/1/22 504/2/44 503/3/25
f 505/1/28 501/2/3 503/3/25
f 503/91/25 504/92/44 506/93/2
f 505/1/28 507/2/6 501/3/3
f 503/91/25 506/92/2 508/93/3
f 508/91/3 506/92/2 509/93/25
f 506/91/2 510/92/25 509/93/25
f 511/91/35 508/92/3 509/93/25
f 512/64/3 509/65/25 510/66/25
f 506/91/2 513/92/31 510/93/25
f 511/91/35 514/92/6 508/93/3
f 512/64/3 510/65/25 515/66/27
f 515/109/27 510/110/25 516/111/43
f 512/64/3 515/65/27 517/66/7
f 516/1/43 518/2/36 515/3/27
f 519/64/28 512/65/3 517/66/7
f 519/64/28 520/65/29 512/66/3
f 521/1/41 522/2/27 523/3/44
f 523/91/44 522/92/27 524/93/2
f 521/1/41 525/2/2 522/3/27
f 523/91/44 524/92/2 526/93/3
f 522/1/27 525/2/2 527/3/26
f 521/1/41 496/2/26 525/3/2
f 528/91/27 526/92/3 524/93/2
f 525/1/2 529/2/5 527/3/26
f 528/91/27 524/92/2 530/93/36
f 531/91/30 526/92/3 528/93/27
f 524/91/2 532/92/5 530/93/36
f 531/91/30 528/92/27 533/93/27
f 533/64/27 528/65/27 534/66/2
f 533/64/27 534/65/2 535/66/25
f 536/64/19 535/65/25 534/66/2
f 537/112/42 533/113/27 535/114/25
f 536/64/19 534/65/2 538/66/26
f 537/1/42 535/2/25 539/3/35
f 534/64/2 540/65/5 538/66/26
f 541/1/36 542/2/1 543/3/5
f 541/1/36 544/2/19 542/3/1
f 545/53/44 546/54/7 547/52/19
f 548/56/32 545/57/44 547/55/19
f 545/28/44 548/29/32 549/30/31
f 550/59/17 551/60/44 552/58/45
f 551/28/44 553/29/30 552/30/45
f 550/61/17 554/62/4 551/63/44
f 555/115/13 556/116/32 557/117/23
f 555/115/13 558/116/19 556/117/32
f 559/91/26 560/92/25 561/93/27
f 561/118/27 560/119/25 562/120/25
f 559/91/26 563/92/4 560/93/25
f 560/1/25 564/2/21 562/3/25
f 565/121/27 561/122/27 562/123/25
f 566/91/25 565/92/27 562/93/25
f 565/1/27 567/2/41 561/3/27
f 568/91/3 566/92/25 562/93/25
f 566/91/25 569/92/27 565/93/27
f 568/91/3 562/92/25 570/93/28
f 569/91/27 571/92/2 565/93/27
f 566/124/25 572/125/25 569/126/27
f 570/91/28 573/92/6 568/93/3
f 574/91/26 565/92/27 571/93/2
f 575/127/27 569/128/27 572/129/25
f 572/130/25 566/131/25 576/132/27
f 574/91/26 571/92/2 577/93/5
f 569/133/27 575/134/27 578/135/25
f 576/136/27 566/137/25 579/138/3
f 572/91/25 576/92/27 580/93/2
f 578/91/25 575/92/27 581/93/2
f 582/139/2 569/140/27 578/141/25
f 583/1/28 579/2/3 566/3/25
f 576/142/27 579/143/3 584/144/25
f 572/91/25 580/92/2 585/93/3
f 578/91/25 581/92/2 586/93/3
f 587/145/27 582/146/2 578/147/25
f 582/1/2 588/2/26 569/3/27
f 583/1/28 589/2/6 579/3/3
f 579/148/3 590/119/25 584/149/25
f 591/150/7 585/151/3 580/152/2
f 591/153/7 586/154/3 581/155/2
f 587/91/27 578/92/25 592/93/27
f 588/1/26 582/2/2 593/3/5
f 590/91/25 594/92/27 584/93/25
f 591/156/7 580/157/2 595/158/3
f 591/159/7 581/160/2 585/161/3
f 591/162/7 596/163/2 586/164/3
f 597/91/13 587/92/27 592/93/27
f 584/91/25 594/92/27 598/93/2
f 590/91/25 599/92/25 594/93/27
f 591/18/7 595/16/3 598/17/2
f 591/165/7 600/166/27 596/167/2
f 597/91/13 592/92/27 601/93/34
f 584/91/25 598/92/2 595/93/3
f 590/91/25 602/92/34 599/93/25
f 591/21/7 598/19/2 603/20/3
f 601/91/34 596/92/2 600/93/27
f 604/34/22 600/35/27 591/36/7
f 601/91/34 592/92/27 596/93/2
f 599/91/25 602/92/34 605/93/25
f 590/91/25 606/92/15 602/93/34
f 591/24/7 603/22/3 605/23/25
f 604/168/22 607/26/25 600/169/27
f 599/91/25 605/92/25 603/93/3
f 591/170/7 605/171/25 608/5/27
f 607/26/25 609/172/42 600/173/27
f 608/5/27 605/174/25 610/175/43
f 609/1/42 607/2/25 611/3/21
f 610/1/43 612/2/8 608/3/27
f 613/1/26 614/2/1 615/3/5
f 613/1/26 616/2/4 614/3/1
f 617/1/36 618/2/1 619/3/5
f 617/1/36 620/2/19 618/3/1
f 621/53/44 622/54/7 623/52/19
f 624/56/32 621/57/44 623/55/19
f 621/28/44 624/29/32 625/30/31
f 626/59/17 627/60/44 628/58/45
f 627/28/44 629/29/30 628/30/45
f 626/61/17 630/62/4 627/63/44
f 631/115/41 632/116/24 633/117/5
f 631/115/41 634/116/15 632/117/24
f 635/1/41 636/2/32 637/3/18
f 635/1/41 638/2/19 636/3/32
f 639/1/26 640/2/1 641/3/5
f 639/1/26 642/2/21 640/3/1
f 643/176/7 644/177/38 645/58/46
f 643/61/7 646/62/19 644/63/38
f 647/1/26 648/2/1 649/3/5
f 647/1/26 650/2/4 648/3/1
f 651/1/26 652/2/1 653/3/5
f 651/1/26 654/2/4 652/3/1
f 655/1/26 656/2/1 657/3/5
f 655/1/26 658/2/4 656/3/1
f 659/1/26 660/2/1 661/3/5
f 659/1/26 662/2/4 660/3/1
f 663/176/17 664/177/47 665/58/20
f 663/61/17 666/62/4 664/63/47
f 667/28/13 668/29/32 669/30/31
f 667/28/13 645/29/46 668/30/32
f 664/28/47 670/29/30 671/30/48
f 664/28/47 672/29/15 670/30/30
f 673/45/13 674/43/25 675/44/21
f 674/23/25 673/24/13 676/22/27
f 676/20/27 673/21/13 677/19/25
f 674/1/25 676/2/27 678/3/14
f 673/178/13 679/179/15 677/180/25
f 674/1/25 678/2/14 680/3/22
f 679/181/15 681/182/27 677/183/25
f 677/1/25 681/2/27 682/3/14
f 679/10/15 683/11/25 681/12/27
f 677/1/25 682/2/14 684/3/22
f 679/7/15 685/8/27 683/9/25
f 683/1/25 685/2/27 686/3/14
f 679/31/15 687/32/8 685/33/27
f 683/1/25 686/2/14 688/3/22
f 689/184/26 690/185/25 691/186/48
f 690/28/25 692/29/49 691/30/48
f 689/49/26 693/50/21 690/51/25
f 690/28/25 694/29/15 692/30/49
f 695/49/27 696/50/8 697/51/28
f 698/187/16 695/188/27 697/189/28
f 699/28/32 695/29/27 698/30/16
f 699/28/32 700/29/13 695/30/27
f 701/28/31 702/29/13 703/30/9
f 701/28/31 703/29/9 704/30/1
f 703/28/9 699/29/32 704/30/1
f 705/28/49 692/29/49 706/30/11
f 705/28/49 706/29/11 707/30/30
f 706/28/11 708/29/15 707/30/30
f 709/115/13 710/116/32 711/117/23
f 709/115/13 712/116/12 710/117/32
f 713/115/14 714/116/24 715/117/5
f 713/115/14 716/116/15 714/117/24
f 717/49/26 718/50/1 719/51/5
f 717/49/26 720/50/4 718/51/1
f 721/49/36 722/50/1 723/51/5
f 721/49/36 724/50/19 722/51/1
f 725/184/26 726/185/25 727/186/20
f 727/28/20 726/29/25 728/30/27
f 725/49/26 729/50/21 726/51/25
f 727/28/20 728/29/27 730/30/25
f 731/49/14 730/50/25 728/51/27
f 732/28/38 727/29/20 730/30/25
f 731/49/14 733/50/22 730/51/25
f 730/28/25 734/29/27 732/30/38
f 734/28/27 735/29/25 732/30/38
f 735/28/25 736/29/27 732/30/38
f 737/49/14 735/50/25 734/51/27
f 732/187/38 736/188/27 738/189/28
f 737/49/14 739/50/22 735/51/25
f 736/49/27 740/50/8 738/51/28
f 741/115/13 742/116/37 743/117/23
f 741/115/13 744/116/19 742/117/37
f 745/115/17 746/116/24 747/117/5
f 745/115/17 748/116/15 746/117/24
f 749/115/7 750/116/1 751/117/5
f 749/115/7 752/116/4 750/117/1
f 754/190/51 753/191/50 755/192/52
f 754/190/51 755/191/52 756/192/53
f 757/190/54 753/191/50 754/192/51
f 758/190/55 754/191/51 756/192/53
f 755/190/52 759/191/56 756/192/53
f 760/190/50 759/191/56 755/192/52
f 762/29/57 761/28/52 763/30/58
f 761/29/52 764/28/59 763/30/58
f 761/29/52 765/28/51 764/30/59
f 764/29/59 765/28/51 766/30/55
f 761/29/52 767/28/53 765/30/51
f 765/29/51 767/28/53 768/30/55
f 770/29/51 769/28/60 771/30/61
f 772/29/52 770/28/51 771/30/61
f 773/29/62 769/28/60 770/30/51
f 774/29/50 772/28/52 771/30/61
f 775/29/63 770/28/51 772/30/52
f 776/29/56 770/28/51 775/30/63
f 778/92/65 777/91/64 779/93/66
f 778/95/65 779/94/66 780/96/67
f 781/92/68 777/91/64 778/93/65
f 782/107/68 778/106/65 780/108/67
f 779/88/66 783/90/69 780/89/67
f 784/107/64 783/106/69 779/108/66
f 785/92/70 780/91/67 786/93/68
f 787/92/68 780/91/67 785/93/70
f 789/92/72 788/91/71 790/93/73
f 783/92/69 788/91/71 789/93/72
f 792/29/75 791/28/74 793/30/61
f 794/29/59 792/28/75 793/30/61
f 795/29/62 791/28/74 792/30/75
f 797/190/51 796/191/76 798/192/52
f 797/190/51 798/191/52 799/192/53
f 800/190/55 796/191/76 797/192/51
f 801/190/55 797/191/51 799/192/53
f 798/190/52 802/191/56 799/192/53
f 803/190/50 802/191/56 798/192/52
f 805/29/57 804/28/75 806/30/68
f 804/29/75 807/28/77 806/30/68
f 807/29/77 804/28/75 808/30/61
f 810/92/65 809/91/69 811/93/66
f 810/92/65 811/91/66 812/93/65
f 813/92/68 809/91/69 810/93/65
f 810/107/65 812/106/65 814/108/58
f 812/92/65 811/91/66 815/93/66
f 812/107/65 816/106/57 814/108/58
f 811/107/66 817/106/74 815/108/66
f 816/107/57 812/106/65 818/108/68
f 815/107/66 817/106/74 819/108/62
f 820/107/64 815/106/66 819/108/62
f 822/29/65 821/28/60 823/30/66
f 823/193/66 824/194/51 822/195/65
f 825/29/68 821/28/60 822/30/65
f 824/29/51 826/28/65 822/30/65
f 827/196/52 824/197/51 823/198/66
f 828/29/68 822/28/65 826/30/65
f 826/29/65 824/28/51 829/30/65
f 827/29/52 823/28/66 830/30/66
f 831/29/78 826/28/65 829/30/65
f 824/29/51 832/28/51 829/30/65
f 830/29/66 833/28/72 827/30/52
f 834/29/64 830/28/66 823/30/66
f 829/29/65 832/28/51 835/30/76
f 832/29/51 824/28/51 836/30/55
f 833/29/72 837/28/66 827/30/52
f 838/29/67 829/28/65 835/30/76
f 835/29/76 832/28/51 839/30/55
f 837/29/66 840/28/52 827/30/52
f 841/29/50 827/28/52 840/30/52
f 837/29/66 842/28/55 840/30/52
f 843/29/76 840/28/52 842/30/55
f 844/29/71 842/28/55 837/30/66
f 846/92/70 845/91/79 847/93/73
f 848/92/68 845/91/79 846/93/70
f 850/107/70 849/106/70 851/108/68
f 852/107/58 849/106/70 850/108/70
f 854/107/79 853/106/79 855/108/73
f 856/107/73 853/106/79 854/108/79
f 858/50/70 857/49/70 859/51/68
f 860/50/68 857/49/70 858/51/70
f 862/50/79 861/49/79 863/51/73
f 864/50/73 861/49/79 862/51/79
f 866/29/75 865/28/64 867/30/61
f 868/29/59 866/28/75 867/30/61
f 869/29/62 865/28/64 866/30/75
f 871/190/53 870/191/77 872/192/56
f 873/190/80 870/191/77 871/192/53
f 875/29/57 874/28/75 876/30/78
f 874/29/75 877/28/77 876/30/78
f 877/29/77 874/28/75 878/30/61
f 880/92/78 879/91/64 881/93/71
f 882/92/68 879/91/64 880/93/78
f 883/107/57 880/106/78 884/108/68
f 885/107/68 880/106/78 883/108/57
f 887/107/69 886/106/69 888/108/62
f 881/107/71 886/106/69 887/108/69
f 890/29/55 889/28/74 891/30/61
f 892/29/62 889/28/74 890/30/55
f 894/190/51 893/191/77 895/192/77
f 896/199/66 893/200/77 894/201/51
f 896/107/66 894/106/51 897/108/69
f 898/202/61 893/203/77 896/204/66
f 897/107/69 894/106/51 899/108/62
f 900/205/65 898/206/61 896/207/66
f 898/200/61 900/199/65 901/201/52
f 902/190/55 898/191/61 901/192/52
f 901/107/52 900/106/65 903/108/81
f 904/107/57 901/106/52 903/108/81
f 906/29/76 905/28/57 907/30/77
f 908/29/81 905/28/57 906/30/76
f 909/29/77 902/28/55 910/30/61
f 907/29/77 902/28/55 909/30/77
f 911/29/77 890/28/55 912/30/61
f 895/29/77 890/28/55 911/30/77
f 914/107/79 913/106/79 915/108/73
f 916/107/73 913/106/79 914/108/79
f 918/107/70 917/106/70 919/108/68
f 920/107/68 917/106/70 918/108/70
f 922/29/55 921/28/82 923/30/61
f 924/29/61 921/28/82 922/30/55
f 165/190/40 925/191/77 926/192/77
f 927/190/54 925/191/77 165/192/40
f 929/190/55 928/191/50 164/192/39
f 930/190/80 928/191/50 929/192/55
f 932/29/76 931/28/77 933/30/77
f 934/29/83 931/28/77 932/30/76
f 935/29/77 929/28/55 936/30/61
f 933/29/77 929/28/55 935/30/77
f 937/29/77 922/28/55 938/30/61
f 926/29/77 922/28/55 937/30/77
f 940/107/70 939/106/72 941/108/73
f 942/107/58 939/106/72 940/108/70
f 944/50/70 943/49/70 945/51/68
f 946/50/68 943/49/70 944/51/70
f 948/50/79 947/49/79 949/51/73
f 950/50/73 947/49/79 948/51/79
f 952/29/53 951/28/82 953/30/55
f 954/29/61 951/28/82 952/30/53
f 956/190/52 955/191/77 957/192/75
f 956/29/52 957/28/75 958/30/77
f 959/190/61 955/191/77 956/192/52
f 958/29/77 957/28/75 960/30/61
f 961/190/53 959/191/61 956/192/52
f 963/190/51 962/191/77 964/192/56
f 965/190/61 962/191/77 963/192/51
f 966/190/75 965/191/61 963/192/51
f 966/29/75 963/28/51 967/30/77
f 967/29/77 963/28/51 968/30/61
f 970/29/76 969/28/77 971/30/56
f 972/29/83 969/28/77 970/30/76
f 974/50/72 973/49/71 975/51/73
f 976/50/73 973/49/71 974/51/72
f 978/50/70 977/49/70 979/51/68
f 980/50/68 977/49/70 978/51/70
f 982/29/53 981/28/53 983/30/55
f 984/29/61 981/28/53 982/30/53
f 986/190/52 985/191/77 987/192/75
f 986/29/52 987/28/75 988/30/84
f 989/190/61 985/191/77 986/192/52
f 988/29/84 987/28/75 990/30/55
f 991/190/51 989/191/61 986/192/52
f 992/190/75 989/191/61 991/192/51
f 992/29/75 991/28/51 993/30/63
f 993/29/63 991/28/51 994/30/84
f 996/29/76 995/28/77 997/30/56
f 998/29/56 995/28/77 996/30/76
f 1000/29/63 999/28/69 1001/30/55
f 994/29/84 999/28/69 1000/30/63
f 1002/29/63 988/28/84 1003/30/55
f 1004/29/68 988/28/84 1002/30/63
f 1006/50/70 1005/49/71 1007/51/73
f 1008/50/68 1005/49/71 1006/51/70
f 1010/29/51 1009/28/53 1011/30/85
f 1012/29/80 1010/28/51 1011/30/85
f 1013/29/55 1009/28/53 1010/30/51
f 1014/29/84 1010/28/51 1012/30/80
f 1016/190/65 1015/191/63 1014/192/84
f 1017/190/86 1015/191/63 1016/192/65
f 1018/190/66 1017/191/86 1016/192/65
f 1018/190/66 1016/191/65 1019/192/52
f 1020/190/84 1017/191/86 1018/192/66
f 1019/190/52 1021/191/51 1018/192/66
f 1019/190/52 1016/191/65 1022/192/52
f 1023/190/51 1018/191/66 1021/192/51
f 1019/29/52 1022/28/52 1024/30/65
f 1023/29/51 1021/28/51 1025/30/52
f 1024/29/65 1022/28/52 1026/30/51
f 1027/29/63 1023/28/51 1025/30/52
f 1025/29/52 1021/28/51 1028/30/66
f 1026/29/51 1029/28/86 1024/30/65
f 1022/29/52 1012/28/80 1026/30/51
f 1030/29/59 1023/28/51 1027/30/63
f 1025/29/52 1028/28/66 1031/30/63
f 1024/29/65 1029/28/86 1032/30/51
f 1026/29/51 1012/28/80 1033/30/55
f 1028/29/66 1034/28/86 1031/30/63
f 1024/29/65 1032/28/51 1035/30/81
f 1036/29/64 1034/28/86 1028/30/66
f 1035/29/81 1032/28/51 1037/30/87
f 1037/29/87 1032/28/51 1038/30/61
f 1040/29/50 1039/28/52 1041/30/56
f 1039/29/52 1042/28/88 1041/30/56
f 1039/29/52 1030/28/59 1042/30/88
f 1020/29/84 1030/28/59 1039/30/52
f 1044/116/53 1043/115/79 1045/117/55
f 1046/116/73 1043/115/79 1044/117/53
f 1048/116/87 1047/115/70 1049/117/56
f 1050/116/78 1047/115/70 1048/117/87
f 1052/29/89 1051/28/53 1053/30/89
f 1054/29/54 1051/28/53 1052/30/89
f 1056/190/65 1055/191/50 1057/192/68
f 1058/190/54 1055/191/50 1056/192/65
f 1058/190/54 1056/191/65 1059/192/51
f 1058/190/54 1059/191/51 1060/192/66
f 1056/190/65 1061/191/52 1059/192/51
f 1062/190/64 1058/191/54 1060/192/66
f 1063/190/75 1060/191/66 1059/192/51
f 1061/208/52 1056/209/65 1064/210/56
f 1063/29/75 1059/28/51 1065/30/50
f 1066/29/84 1061/28/52 1064/30/56
f 1065/29/50 1059/28/51 1067/30/84
f 1069/29/87 1068/28/63 1070/30/77
f 1071/29/56 1068/28/63 1069/30/87
f 1073/29/59 1072/28/63 1074/30/56
f 1070/29/77 1072/28/63 1073/30/59
f 1075/29/53 1052/28/89 1076/30/61
f 1077/29/55 1052/28/89 1075/30/53
f 1078/29/50 1066/28/84 1079/30/54
f 1067/29/84 1066/28/84 1078/30/50
f 1081/29/55 1080/28/53 1082/30/80
f 1083/29/89 1080/28/53 1081/30/55
f 1085/190/84 1084/191/50 1086/192/84
f 1087/190/54 1084/191/50 1085/192/84
f 1089/29/77 1088/28/50 1090/30/63
f 1091/29/56 1088/28/50 1089/30/77
f 1092/29/59 1085/28/84 1093/30/56
f 1090/29/63 1085/28/84 1092/30/59
f 1094/29/53 1081/28/55 1095/30/89
f 1086/29/84 1081/28/55 1094/30/53
f 1097/29/59 1096/28/53 1098/30/89
f 1099/29/56 1096/28/53 1097/30/59
f 1101/116/53 1100/115/79 1102/117/80
f 1103/116/73 1100/115/79 1101/117/53
f 1105/116/87 1104/115/70 1106/117/56
f 1107/116/68 1104/115/70 1105/117/87
f 1109/116/53 1108/115/72 1110/117/54
f 1111/116/73 1108/115/72 1109/117/53
f 1113/116/50 1112/115/70 1114/117/56
f 1115/116/68 1112/115/70 1113/117/50
f 1117/116/50 1116/115/79 1118/117/54
f 1119/116/78 1116/115/79 1117/117/50
f 1114/116/56 1118/115/54 1109/117/53
f 1109/211/53 1049/212/56 1114/213/56
f 1117/116/50 1118/115/54 1114/117/56
f 1049/116/56 1106/115/56 1114/117/56
f 1109/214/53 557/215/23 1049/216/56
f 1113/116/50 1114/115/56 1106/117/56
f 1105/116/87 1106/115/56 1049/117/56
f 556/116/32 1049/115/56 557/117/23
f 557/217/23 1109/218/53 1101/219/53
f 1048/116/87 1049/115/56 556/117/32
f 743/220/23 557/221/23 1101/222/53
f 1110/116/54 1101/115/53 1109/117/53
f 743/223/23 1101/224/53 1044/225/53
f 743/116/23 711/115/23 557/117/23
f 743/226/23 1044/227/53 746/228/24
f 1102/116/80 1044/115/53 1101/117/53
f 710/116/32 557/115/23 711/117/23
f 742/116/37 711/115/23 743/117/23
f 743/116/23 746/115/24 750/117/1
f 746/229/24 1044/230/53 632/231/24
f 750/116/1 746/115/24 751/117/5
f 632/116/24 714/115/24 746/117/24
f 1044/116/53 1045/115/55 632/117/24
f 746/116/24 714/115/24 747/117/5
f 714/116/24 632/115/24 715/117/5
f 632/116/24 1045/115/55 633/117/5
f 732/29/38 1098/28/89 727/30/20
f 1097/29/59 1098/28/89 732/30/38
f 1093/29/56 1079/28/54 1094/30/53
f 1093/29/56 1094/28/53 1099/30/56
f 1078/29/50 1079/28/54 1093/30/56
f 1093/29/56 1099/28/56 1092/30/59
f 1099/29/56 1094/28/53 1096/30/53
f 1099/29/56 704/28/1 1092/30/59
f 1094/29/53 1095/28/89 1096/30/53
f 704/29/1 1099/28/56 701/30/31
f 1096/29/53 1095/28/89 705/30/49
f 707/29/30 1096/28/53 705/30/49
f 1064/29/56 1038/28/61 1081/30/55
f 1086/29/84 1064/28/56 1081/30/55
f 1037/29/87 1038/28/61 1064/30/56
f 1066/29/84 1064/28/56 1086/30/84
f 1090/29/63 1067/28/84 1085/30/84
f 1065/29/50 1067/28/84 1090/30/63
f 698/29/16 1090/28/63 699/30/32
f 1089/29/77 1090/28/63 698/30/16
f 692/29/49 1082/28/80 691/30/48
f 1081/29/55 1082/28/80 692/30/49
f 722/50/1 703/49/9 723/51/5
f 699/50/32 703/49/9 722/51/1
f 718/50/1 692/49/49 719/51/5
f 706/50/11 692/49/49 718/51/1
f 1029/29/86 1075/28/53 1032/30/51
f 1075/29/53 1083/28/89 1032/30/51
f 1083/29/89 1075/28/53 1080/30/53
f 1075/29/53 1076/28/61 1080/30/53
f 1080/29/53 1076/28/61 671/30/48
f 670/29/30 1080/28/53 671/30/48
f 1074/29/56 1034/28/86 1063/30/75
f 1074/29/56 1063/28/75 1091/30/56
f 1031/29/63 1034/28/86 1074/30/56
f 1074/29/56 1091/28/56 1073/30/59
f 1091/29/56 1063/28/75 1088/30/50
f 1091/29/56 668/28/32 1073/30/59
f 668/29/32 1091/28/56 669/30/31
f 1087/190/54 1061/191/52 1084/192/50
f 1059/190/51 1061/191/52 1087/192/54
f 1077/29/55 1033/28/55 1052/30/89
f 1026/29/51 1033/28/55 1077/30/55
f 1070/29/77 1025/28/52 1072/30/63
f 1027/29/63 1025/28/52 1070/30/77
f 644/29/38 1070/28/77 645/30/46
f 1069/29/87 1070/28/77 644/30/38
f 664/29/47 1053/28/89 665/30/20
f 1052/29/89 1053/28/89 664/30/47
f 1022/29/52 1003/28/55 1012/30/80
f 1002/29/63 1003/28/55 1022/30/52
f 1030/29/59 1001/28/55 1023/30/51
f 1000/29/63 1001/28/55 1030/30/59
f 1071/29/56 1030/28/59 1068/30/63
f 1042/29/88 1030/28/59 1071/30/56
f 1042/29/88 1071/28/56 624/30/32
f 624/29/32 1071/28/56 625/30/31
f 1058/190/54 1019/191/52 1055/192/50
f 1021/190/51 1019/191/52 1058/192/54
f 1051/29/53 1011/28/85 628/30/45
f 629/29/30 1051/28/53 628/30/45
f 1012/29/80 1011/28/85 1051/30/53
f 1054/29/54 1012/28/80 1051/30/53
f 648/2/1 598/1/2 649/3/5
f 603/2/3 598/1/2 648/3/1
f 652/2/1 580/1/2 653/3/5
f 595/2/3 580/1/2 652/3/1
f 656/2/1 581/1/2 657/3/5
f 585/2/3 581/1/2 656/3/1
f 660/2/1 596/1/2 661/3/5
f 586/2/3 596/1/2 660/3/1
f 1014/29/84 990/28/55 1010/30/51
f 988/29/84 990/28/55 1014/30/84
f 1039/29/52 994/28/84 1020/30/84
f 993/29/63 994/28/84 1039/30/52
f 520/92/29 602/91/34 512/93/3
f 602/145/34 640/232/1 512/233/3
f 640/2/1 602/1/34 641/3/5
f 601/119/34 534/234/2 637/235/18
f 636/2/32 601/1/34 637/3/18
f 540/92/5 534/91/2 601/93/34
f 987/29/75 960/28/61 982/30/53
f 987/29/75 982/28/53 1013/30/55
f 958/29/77 960/28/61 987/30/75
f 1013/29/55 982/28/53 1009/30/53
f 982/29/53 983/28/55 1009/30/53
f 1009/29/53 983/28/55 552/30/45
f 553/29/30 1009/28/53 552/30/45
f 997/29/56 968/28/61 992/30/75
f 997/29/56 992/28/75 1041/30/56
f 967/29/77 968/28/61 997/30/56
f 997/29/56 1041/28/56 996/30/76
f 1041/29/56 992/28/75 1040/30/50
f 1041/29/56 548/28/32 996/30/76
f 548/29/32 1041/28/56 549/30/31
f 1017/190/86 986/191/52 1015/192/63
f 991/190/51 986/191/52 1017/192/86
f 169/92/1 98/91/2 170/93/5
f 102/92/3 98/91/2 169/93/1
f 614/2/1 506/1/2 615/3/5
f 513/2/31 506/1/2 614/3/1
f 589/2/6 514/1/6 579/3/3
f 508/2/3 514/1/6 589/3/6
f 582/2/2 524/1/2 593/3/5
f 532/2/5 524/1/2 582/3/2
f 618/2/1 531/1/30 619/3/5
f 526/2/3 531/1/30 618/3/1
f 166/107/18 97/106/30 167/108/5
f 101/107/5 97/106/30 166/108/18
f 162/107/6 104/106/6 163/108/38
f 103/107/31 104/106/6 162/108/6
f 971/29/56 936/28/61 966/30/75
f 971/29/56 966/28/75 998/30/56
f 935/29/77 936/28/61 971/30/56
f 971/29/56 998/28/56 970/30/76
f 998/29/56 966/28/75 995/30/77
f 998/29/56 451/28/32 970/30/76
f 451/29/32 998/28/56 452/30/31
f 964/92/56 166/91/18 961/93/53
f 964/190/56 961/191/53 989/192/61
f 163/92/38 166/91/18 964/93/56
f 963/190/51 964/191/56 989/192/61
f 961/190/53 985/191/77 989/192/61
f 956/190/52 985/191/77 961/192/53
f 957/29/75 938/28/61 952/30/53
f 957/29/75 952/28/53 984/30/61
f 937/29/77 938/28/61 957/30/75
f 984/29/61 952/28/53 981/30/53
f 952/29/53 953/28/55 981/30/53
f 981/29/53 953/28/55 477/30/45
f 478/29/30 981/28/53 477/30/45
f 542/2/1 468/1/30 543/3/5
f 464/2/3 468/1/30 542/3/1
f 498/2/1 453/1/2 499/3/5
f 459/2/31 453/1/2 498/3/1
f 573/92/6 507/91/6 568/93/3
f 501/92/3 507/91/6 573/93/6
f 571/92/2 525/91/2 577/93/5
f 529/92/5 525/91/2 571/93/2
f 926/29/77 912/28/61 922/30/55
f 911/29/77 912/28/61 926/30/77
f 933/29/77 910/28/61 929/30/55
f 909/29/77 910/28/61 933/30/77
f 972/29/83 933/28/77 969/30/77
f 932/29/76 933/28/77 972/30/83
f 161/92/37 962/91/77 164/93/39
f 164/236/39 962/237/77 965/238/61
f 929/190/55 164/191/39 965/192/61
f 926/190/77 955/191/77 165/192/40
f 165/239/40 955/240/77 959/241/61
f 168/92/5 165/91/40 959/93/61
f 954/29/61 923/28/61 951/30/82
f 922/29/55 923/28/61 954/30/61
f 442/50/10 404/49/9 443/51/5
f 386/50/10 404/49/9 442/51/10
f 446/50/1 400/49/10 447/51/10
f 408/50/11 400/49/10 446/51/1
f 438/2/1 396/1/30 439/3/5
f 392/2/3 396/1/30 438/3/1
f 428/2/1 387/1/2 429/3/5
f 391/2/31 387/1/2 428/3/1
f 895/29/77 867/28/61 890/30/55
f 868/29/59 867/28/61 895/30/77
f 907/29/77 878/28/61 902/30/55
f 877/29/77 878/28/61 907/30/77
f 934/29/83 907/28/77 931/30/77
f 906/29/76 907/28/77 934/30/83
f 930/190/80 901/191/52 928/192/50
f 902/190/55 901/191/52 930/192/80
f 927/190/54 895/191/77 925/192/77
f 894/190/51 895/191/77 927/192/54
f 924/29/61 891/28/61 921/30/82
f 890/29/55 891/28/61 924/30/61
f 376/50/10 336/49/9 377/51/5
f 315/50/10 336/49/9 376/51/10
f 380/50/1 331/49/10 381/51/10
f 340/50/11 331/49/10 380/51/1
f 372/2/1 327/1/30 373/3/5
f 322/2/3 327/1/30 372/3/1
f 360/2/1 317/1/2 361/3/5
f 321/2/31 317/1/2 360/3/1
f 872/29/56 793/28/61 866/30/75
f 866/29/75 893/28/77 872/30/56
f 794/29/59 793/28/61 872/30/56
f 872/242/56 893/243/77 898/244/61
f 871/245/53 872/246/56 898/247/61
f 874/29/75 871/28/53 898/30/61
f 874/29/75 808/28/61 871/30/53
f 807/29/77 808/28/61 874/30/75
f 304/50/1 251/49/9 305/51/5
f 248/50/3 251/49/9 304/51/1
f 308/50/1 260/49/2 309/51/5
f 262/50/11 260/49/2 308/51/1
f 300/2/1 242/1/30 301/3/5
f 237/2/3 242/1/30 300/3/1
f 296/2/1 223/1/2 297/3/5
f 228/2/31 223/1/2 296/3/1
f 159/50/32 256/49/34 154/51/3
f 256/50/34 276/49/1 154/51/3
f 276/50/1 256/49/34 277/51/5
f 243/50/34 148/49/2 293/51/18
f 292/50/32 243/49/34 293/51/18
f 153/50/5 148/49/2 243/51/34
f 802/29/56 771/28/61 792/30/75
f 792/29/75 870/28/77 802/30/56
f 774/29/50 771/28/61 802/30/56
f 802/248/56 870/249/77 873/250/80
f 799/251/53 802/252/56 873/253/80
f 804/29/75 799/28/53 873/30/80
f 804/29/75 766/28/55 799/30/53
f 764/29/59 766/28/55 804/30/75
f 798/29/52 772/28/52 803/30/50
f 775/29/63 772/28/52 798/30/52
f 801/29/55 768/28/55 797/30/51
f 765/29/51 768/28/55 801/30/55
f 119/50/34 86/49/2 213/51/18
f 212/50/32 119/49/34 213/51/18
f 89/50/5 86/49/2 119/51/34
f 96/50/29 143/49/34 91/51/3
f 143/50/34 192/49/1 91/51/3
f 192/50/1 143/49/34 193/51/5
f 208/2/1 136/1/2 209/3/5
f 138/2/11 136/1/2 208/3/1
f 204/2/1 133/1/2 205/3/5
f 134/2/3 133/1/2 204/3/1
f 200/2/1 125/1/2 201/3/5
f 129/2/3 125/1/2 200/3/1
f 196/2/1 130/1/9 197/3/5
f 126/2/3 130/1/9 196/3/1
f 776/29/56 842/28/55 770/30/51
f 843/29/76 842/28/55 776/30/56
f 759/29/56 843/28/76 776/30/56
f 776/29/56 796/28/76 759/30/56
f 759/254/56 796/255/76 800/256/55
f 756/257/53 759/258/56 800/259/55
f 767/29/53 756/28/53 800/30/55
f 767/29/53 839/28/55 756/30/53
f 835/29/76 839/28/55 767/30/53
f 761/29/52 835/28/76 767/30/53
f 755/29/52 840/28/52 760/30/50
f 841/29/50 840/28/52 755/30/52
f 758/29/55 836/28/55 754/30/51
f 832/29/51 836/28/55 758/30/55
f 72/50/23 42/49/2 117/51/33
f 116/50/32 72/49/23 117/51/33
f 46/187/18 42/189/2 72/188/23
f 71/29/10 46/28/18 72/30/23
f 75/29/24 48/28/6 76/30/10
f 39/184/3 48/186/6 75/185/24
f 39/50/3 75/49/24 112/51/29
f 112/50/29 75/49/24 113/51/5
f 757/260/54 827/261/52 753/262/50
f 824/263/51 827/264/52 757/265/54
f 62/53/9 43/52/9 63/54/5
f 45/56/5 43/266/9 62/267/9
f 70/266/16 40/267/16 67/56/11
f 41/54/11 40/53/16 70/52/16
f 38/29/6 7/28/6 36/30/11
f 3/29/3 7/28/6 38/30/6
f 50/50/16 2/49/2 51/51/20
f 6/50/3 2/49/2 50/51/16
f 54/50/16 8/49/2 55/51/20
f 12/50/3 8/49/2 54/51/16
f 58/50/16 13/49/2 59/51/20
f 14/50/3 13/49/2 58/51/16
f 31/29/9 16/28/2 32/30/5
f 18/29/5 16/28/2 31/30/9
f 22/29/9 1/28/1 23/30/10
f 5/29/5 1/28/1 22/30/9
f 25/29/9 9/28/1 24/30/11
f 11/29/5 9/28/1 25/30/9
f 28/29/9 15/28/1 27/30/11
f 17/29/5 15/28/1 28/30/9
f 30/29/10 19/28/1 29/30/11
f 20/29/5 19/28/1 30/30/10
f 1111/268/73 1116/269/79 1007/270/73
f 1007/271/73 1116/272/79 1006/273/70
f 975/274/73 1111/275/73 1007/276/73
f 1006/277/70 1116/278/79 1119/279/78
f 1007/191/73 974/190/72 975/192/73
f 949/280/73 1111/281/73 975/282/73
f 1006/283/70 1119/284/78 1112/285/70
f 975/191/73 948/190/79 949/192/73
f 1111/286/73 949/287/73 1046/288/73
f 1006/276/70 1112/275/70 978/274/70
f 1046/289/73 949/290/73 863/291/73
f 1111/115/73 1046/116/73 1103/117/73
f 978/292/70 1112/293/70 1047/294/70
f 1006/191/70 978/190/70 979/192/68
f 949/191/73 862/190/79 863/192/73
f 1043/284/79 1046/285/73 863/283/73
f 1046/115/73 1100/116/79 1103/117/73
f 1111/115/73 1103/116/73 1108/117/72
f 1112/115/70 1104/116/70 1047/117/70
f 978/295/70 1047/296/70 944/297/70
f 1043/298/79 863/271/73 189/299/15
f 1104/115/70 1107/116/68 1047/117/70
f 1112/115/70 1115/116/68 1104/117/70
f 944/274/70 1047/275/70 858/276/70
f 978/191/70 944/190/70 945/192/68
f 631/300/41 1043/301/79 189/302/15
f 858/283/70 1047/285/70 1050/284/78
f 944/191/70 858/190/70 859/192/68
f 631/303/41 189/304/15 634/305/15
f 558/278/19 858/277/70 1050/279/78
f 189/306/15 353/307/15 634/308/15
f 558/272/19 184/271/13 858/273/70
f 748/309/15 634/310/15 353/311/15
f 189/191/15 188/190/14 353/192/15
f 555/268/13 184/270/13 558/269/19
f 748/312/15 353/313/15 417/314/15
f 716/115/15 634/116/15 748/117/15
f 555/275/13 348/274/13 184/276/13
f 353/191/15 352/190/26 417/192/15
f 417/315/15 481/316/15 748/317/15
f 716/115/15 748/116/15 745/117/17
f 634/115/15 716/116/15 713/117/14
f 348/191/13 185/190/12 184/192/13
f 555/281/13 412/280/13 348/282/13
f 749/303/7 748/305/15 481/304/15
f 417/191/15 416/190/17 481/192/15
f 412/191/13 349/190/19 348/192/13
f 412/318/13 555/319/13 709/320/13
f 749/321/7 481/322/15 752/323/4
f 555/115/13 712/116/12 709/117/13
f 412/324/13 709/325/13 741/326/13
f 752/284/4 481/283/15 741/285/13
f 709/115/13 744/116/19 741/117/13
f 741/327/13 480/328/13 412/329/13
f 481/330/15 480/331/13 741/332/13
f 480/191/13 413/190/19 412/192/13
f 1005/49/71 977/50/70 976/51/73
f 976/49/73 977/50/70 940/51/70
f 1005/49/71 1008/50/68 977/51/70
f 940/49/70 977/50/70 943/51/70
f 976/49/73 940/50/70 941/51/73
f 977/49/70 980/50/68 943/51/70
f 918/49/70 940/50/70 943/51/70
f 973/49/71 976/50/73 941/51/73
f 918/49/70 943/50/70 850/51/70
f 940/49/70 918/50/70 919/51/68
f 950/49/73 973/50/71 941/51/73
f 943/49/70 857/50/70 850/51/70
f 918/49/70 850/50/70 851/51/68
f 915/49/73 950/50/73 941/51/73
f 850/49/70 857/50/70 183/51/13
f 943/49/70 946/50/68 857/51/70
f 941/49/73 914/50/79 915/51/73
f 950/49/73 915/50/73 855/51/73
f 857/49/70 186/50/22 183/51/13
f 850/49/70 183/50/13 176/51/13
f 915/49/73 854/50/79 855/51/73
f 947/49/79 950/50/73 855/51/73
f 857/49/70 860/50/68 186/51/22
f 176/49/13 183/50/13 350/51/22
f 947/49/79 855/50/73 864/51/73
f 176/49/13 350/50/22 347/51/13
f 864/49/73 855/50/73 181/51/15
f 347/49/13 268/50/13 176/51/13
f 864/49/73 181/50/15 190/51/15
f 268/49/13 177/50/19 176/51/13
f 344/49/13 268/50/13 347/51/13
f 190/49/15 181/50/15 354/51/15
f 861/49/79 864/50/73 190/51/15
f 344/49/13 347/50/13 414/51/19
f 344/49/13 269/50/19 268/51/13
f 181/49/15 273/50/15 354/51/15
f 190/49/15 354/50/15 351/51/14
f 861/49/79 190/50/15 187/51/14
f 344/49/13 414/50/19 411/51/13
f 273/49/15 345/50/15 354/51/15
f 181/49/15 180/50/26 273/51/15
f 345/49/15 344/50/13 411/51/13
f 354/49/15 345/50/15 418/51/15
f 273/49/15 272/50/26 345/51/15
f 345/49/15 411/50/13 418/51/15
f 354/49/15 418/50/15 415/51/17
f 418/49/15 411/50/13 482/51/19
f 418/49/15 482/50/19 479/51/17
f 916/106/73 939/107/72 847/108/73
f 847/106/73 939/107/72 846/108/70
f 916/106/73 847/107/73 790/108/73
f 846/106/70 939/107/72 942/108/58
f 847/106/73 789/107/72 790/108/73
f 790/106/73 856/107/73 916/108/73
f 846/106/70 942/107/58 917/108/70
f 856/106/73 913/107/79 916/108/73
f 853/106/79 856/107/73 790/108/73
f 846/106/70 917/107/70 785/108/70
f 853/106/79 790/107/73 179/108/14
f 917/106/70 849/107/70 785/108/70
f 846/106/70 785/107/70 786/108/68
f 790/106/73 110/107/15 179/108/14
f 785/106/70 849/107/70 852/108/58
f 917/106/70 920/107/68 849/108/70
f 110/106/15 182/107/15 179/108/14
f 178/106/12 785/107/70 852/108/58
f 182/106/15 110/107/15 274/108/15
f 178/106/12 105/107/13 785/108/70
f 110/106/15 173/107/15 274/108/15
f 182/106/15 274/107/15 271/108/26
f 175/106/13 105/107/13 178/108/12
f 343/106/17 274/107/15 173/108/15
f 110/106/15 109/107/8 173/108/15
f 105/106/13 175/107/13 267/108/13
f 343/106/17 173/107/15 346/108/19
f 175/106/13 270/107/19 267/108/13
f 267/106/13 172/107/13 105/108/13
f 346/106/19 173/107/15 172/108/13
f 172/106/13 106/107/12 105/108/13
f 267/106/13 346/107/19 172/108/13
f 680/28/22 728/29/27 726/30/25
f 680/28/22 678/29/14 728/30/27
f 684/28/22 734/29/27 730/30/25
f 684/28/22 682/29/14 734/30/27
f 688/28/22 736/29/27 735/30/25
f 688/28/22 686/29/14 736/30/27
f 845/91/79 780/92/67 783/93/69
f 845/91/79 848/92/68 780/93/67
f 780/91/67 107/92/19 100/93/4
f 780/91/67 787/92/68 107/93/19
f 788/91/71 99/92/26 108/93/17
f 788/91/71 783/92/69 99/93/26
f 99/91/26 174/92/22 171/93/14
f 99/91/26 100/92/4 174/93/22
f 1066/28/84 1085/29/84 1086/30/84
f 1066/28/84 1067/29/84 1085/30/84
f 685/49/27 702/50/13 740/51/8
f 702/49/13 738/50/28 740/51/8
f 685/189/27 687/187/8 702/188/13
f 687/28/8 703/29/9 702/30/13
f 681/49/27 739/50/22 737/51/14
f 681/49/27 683/50/25 739/51/22
f 676/49/27 733/50/22 731/51/14
f 676/49/27 677/50/25 733/51/22
f 675/28/21 708/29/15 706/30/11
f 675/186/21 674/184/25 708/185/15
f 708/49/15 674/50/25 729/51/21
f 708/49/15 729/50/21 725/51/26
f 604/28/22 694/29/15 690/30/25
f 604/333/22 673/334/13 694/335/15
f 694/49/15 673/50/13 720/51/4
f 604/336/22 591/337/7 673/338/13
f 694/49/15 720/50/4 717/51/26
f 591/339/7 679/340/15 673/341/13
f 679/334/15 591/333/7 700/335/13
f 591/28/7 695/29/27 700/30/13
f 679/49/15 700/50/13 721/51/36
f 700/49/13 724/50/19 721/51/36
f 1024/28/65 1056/29/65 1057/30/68
f 1024/28/65 1035/29/81 1056/30/65
f 1036/28/64 1062/29/64 1060/30/66
f 1036/28/64 1028/29/66 1062/30/64
f 608/49/27 667/50/13 696/51/8
f 667/49/13 697/50/28 696/51/8
f 608/189/27 612/187/8 667/188/13
f 612/28/8 645/29/46 667/30/13
f 611/28/21 672/29/15 664/30/47
f 611/186/21 607/184/25 672/185/15
f 672/49/15 607/50/25 693/51/21
f 672/49/15 693/50/21 689/51/26
f 536/45/19 600/43/27 609/44/42
f 536/342/19 538/343/26 600/344/27
f 519/344/28 610/342/43 605/343/25
f 519/43/28 517/44/7 610/45/43
f 988/28/84 1016/29/65 1014/30/84
f 988/28/84 1004/29/68 1016/30/65
f 999/28/69 1020/29/84 1018/30/66
f 999/28/69 994/29/84 1020/30/84
f 515/49/27 621/50/44 643/51/7
f 621/49/44 646/50/19 643/51/7
f 515/49/27 518/50/36 621/51/44
f 627/49/44 539/50/35 535/51/25
f 666/49/4 627/50/44 535/51/25
f 627/49/44 666/50/4 663/51/17
f 594/1/27 650/2/4 647/3/26
f 594/1/27 599/2/25 650/3/4
f 576/1/27 654/2/4 651/3/26
f 576/1/27 584/2/25 654/3/4
f 575/1/27 658/2/4 655/3/26
f 575/1/27 572/2/25 658/3/4
f 592/1/27 662/2/4 659/3/26
f 592/1/27 578/2/25 662/3/4
f 472/76/28 533/77/27 537/78/42
f 472/345/28 470/346/17 533/347/27
f 458/347/19 516/345/43 510/346/25
f 458/77/19 462/78/36 516/76/43
f 511/91/35 606/92/15 590/93/25
f 511/91/35 509/92/25 606/93/15
f 606/145/15 509/233/25 642/232/21
f 606/1/15 642/2/21 639/3/26
f 528/234/27 597/119/13 635/235/41
f 597/1/13 638/2/19 635/3/41
f 528/91/27 530/92/36 597/93/13
f 530/91/36 587/92/27 597/93/13
f 784/106/64 820/107/64 819/108/62
f 784/106/64 779/107/66 820/108/64
f 778/106/65 816/107/57 818/108/68
f 778/106/65 782/107/68 816/108/57
f 460/49/27 545/50/44 622/51/7
f 545/49/44 623/50/19 622/51/7
f 460/49/27 463/50/36 545/51/44
f 551/49/44 474/50/35 471/51/25
f 630/49/4 551/50/44 471/51/25
f 551/49/44 630/50/4 626/51/17
f 410/76/28 469/77/27 473/78/42
f 410/345/28 409/346/17 469/347/27
f 402/347/19 461/345/43 457/346/25
f 402/77/19 403/78/36 461/76/43
f 504/91/44 454/92/22 455/93/25
f 616/232/4 504/145/44 455/233/25
f 504/1/44 616/2/4 613/3/26
f 467/234/27 523/119/44 617/235/36
f 523/1/44 620/2/19 617/3/36
f 467/91/27 466/92/14 523/93/44
f 505/1/28 583/2/28 566/3/25
f 505/1/28 503/2/25 583/3/28
f 522/1/27 569/2/27 588/3/26
f 522/1/27 527/2/26 569/3/27
f 777/91/64 812/92/65 815/93/66
f 777/91/64 781/92/68 812/93/65
f 401/49/27 449/50/44 546/51/7
f 449/49/44 547/50/19 546/51/7
f 401/49/27 405/50/26 449/51/44
f 476/49/44 407/50/19 406/51/25
f 554/49/4 476/50/44 406/51/25
f 476/49/44 554/50/4 550/51/17
f 817/106/74 887/107/69 888/108/62
f 817/106/74 811/107/66 887/108/69
f 810/106/65 883/107/57 884/108/68
f 810/106/65 814/107/58 883/108/57
f 334/64/19 404/65/9 389/66/4
f 334/64/19 335/65/36 404/66/9
f 342/64/28 395/65/17 408/66/11
f 342/64/28 341/65/17 395/66/17
f 386/28/10 450/29/12 442/30/10
f 386/28/10 385/29/42 450/30/12
f 388/91/12 456/92/15 431/93/22
f 388/91/12 389/92/4 456/93/15
f 456/145/15 389/233/4 500/232/4
f 456/1/15 500/2/4 497/3/26
f 395/234/17 465/119/13 541/235/36
f 465/1/13 544/2/19 541/3/36
f 395/91/17 394/92/41 465/93/13
f 394/91/41 436/92/14 465/93/13
f 399/28/43 447/29/10 475/30/14
f 399/28/43 400/29/10 447/30/10
f 432/1/22 502/2/22 491/3/22
f 432/1/22 431/2/22 502/3/22
f 436/1/14 496/2/26 521/3/41
f 436/1/14 435/2/14 496/3/26
f 492/91/22 570/92/28 562/93/25
f 492/91/22 491/92/22 570/93/28
f 496/91/26 565/92/27 574/93/26
f 496/91/26 495/92/14 565/93/27
f 809/91/69 880/92/78 881/93/71
f 809/91/69 813/92/68 880/93/78
f 880/106/78 904/107/57 903/108/81
f 880/106/78 885/107/68 904/108/57
f 886/106/69 897/107/69 899/108/62
f 886/106/69 881/107/71 897/108/69
f 333/49/27 383/50/44 441/51/36
f 383/49/44 444/50/19 441/51/36
f 333/49/27 337/50/26 383/51/44
f 398/49/44 339/50/19 338/51/25
f 448/49/4 398/50/44 338/51/25
f 398/49/44 448/50/4 445/51/26
f 266/64/28 326/65/17 340/66/11
f 266/64/28 264/65/17 326/66/17
f 252/64/19 336/65/9 319/66/4
f 252/64/19 253/65/36 336/66/9
f 315/28/10 384/29/12 376/30/10
f 315/28/10 314/29/42 384/30/12
f 318/91/12 390/92/15 364/93/22
f 318/91/12 319/92/4 390/93/15
f 390/145/15 319/233/4 430/232/4
f 390/1/15 430/2/4 427/3/26
f 326/234/17 393/119/13 437/235/36
f 393/1/13 440/2/19 437/3/36
f 326/91/17 325/92/41 393/93/13
f 325/91/41 369/92/14 393/93/13
f 330/28/43 381/29/10 397/30/14
f 330/28/43 331/29/10 381/30/10
f 365/1/22 433/2/22 424/3/22
f 365/1/22 364/2/22 433/3/22
f 369/1/14 421/2/26 434/3/14
f 369/1/14 368/2/14 421/3/26
f 425/91/22 493/92/22 489/93/22
f 425/91/22 424/92/22 493/93/22
f 421/91/26 485/92/14 494/93/14
f 421/91/26 420/92/14 485/93/14
f 490/1/4 564/2/21 560/3/25
f 490/1/4 489/2/22 564/3/21
f 485/1/14 561/2/27 567/3/41
f 485/1/14 486/2/17 561/3/27
f 879/91/64 900/92/65 896/93/66
f 879/91/64 882/92/68 900/93/65
f 250/49/27 311/50/44 375/51/36
f 311/49/44 378/50/19 375/51/36
f 250/49/27 249/50/26 311/51/44
f 329/49/44 263/50/19 261/51/25
f 382/49/4 329/50/44 261/51/25
f 329/49/44 382/50/4 379/51/26
f 484/91/27 563/92/4 559/93/26
f 484/91/27 488/92/25 563/93/4
f 889/28/74 257/29/44 328/30/36
f 257/28/44 332/29/19 328/30/36
f 889/28/74 892/29/62 257/30/44
f 246/28/44 905/29/57 908/30/81
f 313/28/35 246/29/44 908/30/81
f 246/28/44 313/29/35 312/30/17
f 158/64/28 265/65/15 262/66/11
f 158/64/28 156/65/7 265/66/15
f 156/64/7 241/65/15 265/66/15
f 265/91/15 241/92/15 323/93/13
f 241/91/15 324/92/15 323/93/13
f 265/234/15 323/119/13 371/235/36
f 324/91/15 241/92/15 239/93/41
f 323/1/13 374/2/19 371/3/36
f 239/91/41 283/92/15 324/93/15
f 367/1/41 324/2/15 283/3/15
f 367/1/41 283/2/15 370/3/15
f 370/1/15 283/2/15 285/3/7
f 285/1/7 357/2/15 370/3/15
f 419/91/41 370/92/15 357/93/15
f 419/91/41 357/92/15 422/93/15
f 422/91/15 357/92/15 423/93/13
f 357/91/15 356/92/13 423/93/13
f 422/1/15 423/2/13 487/3/22
f 356/91/13 426/92/21 423/93/13
f 422/1/15 487/2/22 483/3/14
f 356/91/13 363/92/13 426/93/21
f 290/1/4 363/2/13 356/3/13
f 290/1/4 288/2/13 363/3/13
f 288/1/13 366/2/21 363/3/13
f 288/1/13 316/2/13 366/3/21
f 225/91/12 316/92/13 288/93/13
f 225/91/12 227/92/13 316/93/13
f 227/91/13 320/92/15 316/93/13
f 320/91/15 227/92/13 254/93/13
f 149/64/4 254/65/13 227/66/13
f 362/232/4 320/145/15 254/233/13
f 149/64/4 151/65/26 254/66/13
f 320/1/15 362/2/4 359/3/26
f 151/64/26 251/65/9 254/66/13
f 258/49/44 160/50/19 157/51/25
f 310/49/4 258/50/44 157/51/25
f 258/49/44 310/50/4 307/51/26
f 150/49/27 247/50/44 303/51/36
f 247/49/44 306/50/19 303/51/36
f 150/49/27 152/50/26 247/51/44
f 281/91/27 358/92/19 355/93/17
f 281/91/27 282/92/25 358/93/19
f 240/1/43 302/2/4 299/3/26
f 240/1/43 235/2/25 302/3/4
f 232/1/27 279/2/27 286/3/41
f 232/1/27 234/2/26 279/3/27
f 226/1/4 289/2/21 287/3/25
f 226/1/4 221/2/25 289/3/21
f 218/1/27 298/2/4 295/3/26
f 218/1/27 220/2/42 298/3/4
f 865/28/64 144/29/15 255/30/41
f 144/28/15 259/29/15 255/30/41
f 865/28/64 869/29/62 144/30/15
f 259/49/15 144/50/15 145/51/21
f 278/49/21 259/50/15 145/51/21
f 259/49/15 278/50/21 275/51/26
f 122/28/13 875/29/57 876/30/78
f 245/28/12 122/29/13 876/30/78
f 122/28/13 245/29/12 244/30/13
f 123/49/8 122/50/13 244/51/13
f 123/49/8 244/50/13 291/51/41
f 244/49/13 294/50/19 291/51/41
f 87/348/21 147/349/13 216/350/25
f 147/91/13 222/92/35 216/93/25
f 87/64/21 88/65/26 147/66/13
f 88/64/26 123/65/8 147/66/13
f 94/64/28 155/65/15 145/66/21
f 94/64/28 92/65/8 155/66/15
f 155/351/15 92/352/8 231/353/27
f 155/91/15 231/92/27 238/93/14
f 127/91/4 236/92/15 230/93/25
f 127/91/4 131/92/7 236/93/15
f 131/91/7 224/92/13 236/93/15
f 236/1/15 224/2/13 284/3/19
f 131/91/7 217/92/27 224/93/13
f 236/1/15 284/2/19 280/3/17
f 90/234/27 132/119/13 229/235/41
f 132/1/13 233/2/19 229/3/41
f 90/91/27 95/92/8 132/93/13
f 95/91/8 130/92/9 132/93/13
f 85/91/21 140/92/15 138/93/11
f 85/91/21 84/92/25 140/93/15
f 140/145/15 84/233/25 219/232/21
f 140/1/15 219/2/21 215/3/26
f 791/28/74 82/29/15 142/30/36
f 82/28/15 146/29/15 142/30/36
f 791/28/74 795/29/62 82/30/15
f 146/49/15 82/50/15 81/51/21
f 194/49/21 146/50/15 81/51/21
f 146/49/15 194/50/21 191/51/26
f 77/28/13 805/29/57 806/30/68
f 121/28/35 77/29/13 806/30/68
f 77/28/13 121/29/35 120/30/13
f 78/49/8 77/50/13 120/51/13
f 78/49/8 120/50/13 211/51/41
f 120/49/13 214/50/19 211/51/41
f 47/354/19 93/355/15 81/356/21
f 47/357/19 44/358/17 93/359/15
f 44/360/17 83/361/13 93/362/15
f 93/91/15 83/92/13 135/93/13
f 44/363/17 78/364/8 83/365/13
f 83/91/13 137/92/15 135/93/13
f 128/91/15 93/92/15 135/93/13
f 83/91/13 139/92/13 137/93/15
f 128/1/15 135/2/13 202/3/4
f 124/91/13 93/92/15 128/93/15
f 137/1/15 139/2/13 206/3/4
f 83/91/13 141/92/15 139/93/13
f 128/1/15 202/2/4 199/3/26
f 93/234/15 124/119/13 195/235/36
f 137/1/15 206/2/4 203/3/26
f 141/145/15 83/233/13 210/232/4
f 124/1/13 198/2/19 195/3/36
f 141/1/15 210/2/4 207/3/26
f 769/28/60 76/29/10 80/30/14
f 769/28/60 773/29/62 76/30/10
f 762/28/57 79/29/22 71/30/10
f 762/28/57 763/29/58 79/30/22
f 844/28/71 68/29/8 74/30/14
f 844/28/71 837/29/66 68/30/8
f 829/28/65 73/29/22 65/30/22
f 829/28/65 838/29/67 73/30/22
f 4/64/4 43/65/9 41/66/11
f 4/64/4 10/65/7 43/66/9
f 62/49/9 118/50/4 115/51/14
f 62/49/9 65/50/22 118/51/4
f 68/49/8 114/50/21 111/51/26
f 68/49/8 67/50/11 114/51/21
f 833/28/72 37/29/15 66/30/14
f 37/366/15 69/367/4 66/368/14
f 833/28/72 830/29/66 37/30/15
f 37/49/15 36/50/11 69/51/4
f 34/28/13 826/29/65 831/30/78
f 64/28/22 34/29/13 831/30/78
f 61/369/7 34/370/13 64/371/22
f 61/49/7 31/50/9 34/51/13
f 834/28/64 23/29/10 35/30/14
f 834/28/64 823/29/66 23/30/10
f 822/28/65 33/29/12 30/30/10
f 822/28/65 828/29/68 33/30/12
f 28/49/9 60/50/21 57/51/14
f 28/49/9 29/50/11 60/51/21
f 25/49/9 56/50/21 53/51/14
f 25/49/9 27/50/11 56/51/21
f 22/49/9 52/50/21 49/51/14
f 22/49/9 24/50/11 52/51/21
f 821/28/60 26/29/4 21/30/8
f 821/28/60 825/29/68 26/30/4
f 1007/49/73 976/50/73 974/51/72
f 1007/49/73 1005/50/71 976/51/73
f 941/106/73 916/107/73 914/108/79
f 941/106/73 939/107/72 916/108/73
f 790/91/73 108/92/17 110/93/15
f 790/91/73 788/92/71 108/93/17
f 2/49/2 22/50/9 51/51/20
f 22/49/9 49/50/14 51/51/20
f 2/49/2 5/50/5 22/51/9
f 272/106/26 343/107/17 345/108/15
f 272/106/26 274/107/15 343/108/17
f 285/91/7 355/92/17 357/93/15
f 285/91/7 281/92/27 355/93/17
f 416/49/17 479/50/17 481/51/15
f 416/49/17 418/50/15 479/51/17
f 527/91/26 571/92/2 569/93/27
f 527/91/26 529/92/5 571/93/2
f 847/91/73 783/92/69 789/93/72
f 847/91/73 845/92/79 783/93/69
f 783/372/69 819/373/62 99/374/26
f 819/375/62 97/376/30 99/377/26
f 783/106/69 784/107/64 819/108/62
f 97/378/30 819/379/62 817/380/74
f 817/381/74 888/382/62 97/383/30
f 97/384/30 888/385/62 165/386/40
f 888/106/62 899/107/62 165/108/40
f 97/101/30 165/100/40 167/102/5
f 899/106/62 927/107/54 165/108/40
f 888/106/62 886/107/69 899/108/62
f 899/106/62 894/107/51 927/108/54
f 109/91/8 171/92/14 173/93/15
f 109/91/8 99/92/26 171/93/14
f 125/1/2 199/2/26 201/3/5
f 125/1/2 128/2/15 199/3/26
f 420/1/14 483/2/14 485/3/14
f 420/1/14 422/2/15 483/3/14
f 495/1/14 567/2/41 565/3/27
f 495/1/14 485/2/14 567/3/41
f 581/1/2 655/2/26 657/3/5
f 581/1/2 575/2/27 655/3/26
f 678/49/14 731/50/14 728/51/27
f 678/49/14 676/50/27 731/51/14
f 915/106/73 856/107/73 854/108/79
f 915/106/73 913/107/79 856/108/73
f 823/28/66 21/29/8 23/30/10
f 823/28/66 821/29/60 21/30/8
f 130/91/9 95/92/8 93/93/15
f 195/232/36 130/145/9 93/233/15
f 130/1/9 195/2/36 197/3/5
f 180/106/26 271/107/26 273/108/15
f 180/106/26 182/107/15 271/108/26
f 234/1/26 280/2/17 279/3/27
f 234/1/26 236/2/15 280/3/17
f 368/91/14 419/92/41 421/93/26
f 368/91/14 370/92/15 419/93/41
f 435/91/14 494/92/14 496/93/26
f 435/91/14 421/92/26 494/93/14
f 1079/28/54 1086/29/84 1094/30/53
f 1079/28/54 1066/29/84 1086/30/84
f 525/91/2 574/92/26 577/93/5
f 525/91/2 496/92/26 574/93/26
f 530/1/36 582/2/2 587/3/27
f 530/1/36 532/2/5 582/3/2
f 596/1/2 659/2/26 661/3/5
f 596/1/2 592/2/27 659/3/26
f 1098/28/89 707/29/30 727/30/20
f 707/188/30 725/189/26 727/187/20
f 1098/28/89 1096/29/53 707/30/30
f 707/49/30 708/50/15 725/51/26
f 779/91/66 815/92/66 820/93/64
f 779/91/66 777/92/64 815/93/66
f 8/49/2 25/50/9 55/51/20
f 25/49/9 53/50/14 55/51/20
f 8/49/2 11/50/5 25/51/9
f 811/91/66 881/92/71 887/93/69
f 811/91/66 809/92/69 881/93/71
f 881/91/71 896/92/66 897/93/69
f 881/91/71 879/92/64 896/93/66
f 98/91/2 166/92/18 170/93/5
f 98/91/2 101/92/5 166/93/18
f 166/91/18 959/92/61 961/93/53
f 166/91/18 168/92/5 959/93/61
f 486/91/17 559/92/26 561/93/27
f 486/91/17 484/92/27 559/93/26
f 133/1/2 203/2/26 205/3/5
f 133/1/2 137/2/15 203/3/26
f 580/1/2 651/2/26 653/3/5
f 580/1/2 576/2/27 651/3/26
f 682/49/14 737/50/14 734/51/27
f 682/49/14 681/50/27 737/51/14
f 975/49/73 950/50/73 948/51/79
f 975/49/73 973/50/71 950/51/73
f 855/106/73 179/107/14 181/108/15
f 855/106/73 853/107/79 179/108/14
f 239/1/41 286/2/41 283/3/15
f 239/1/41 232/2/27 286/3/41
f 352/49/26 415/50/17 417/51/15
f 352/49/26 354/50/15 415/51/17
f 524/1/2 588/2/26 593/3/5
f 524/1/2 522/2/27 588/3/26
f 538/91/26 601/92/34 600/93/27
f 538/91/26 540/92/5 601/93/34
f 949/49/73 864/50/73 862/51/79
f 949/49/73 947/50/79 864/51/73
f 830/28/66 35/29/14 37/30/15
f 830/28/66 834/29/64 35/30/14
f 92/387/8 229/388/41 231/389/27
f 92/390/8 90/391/27 229/392/41
f 188/49/14 351/50/14 353/51/15
f 188/49/14 190/50/15 351/51/14
f 325/1/41 367/2/41 369/3/14
f 325/1/41 324/2/15 367/3/41
f 394/1/41 434/2/14 436/3/14
f 394/1/41 369/2/14 434/3/14
f 1038/28/61 1083/29/89 1081/30/55
f 1038/28/61 1032/29/51 1083/30/89
f 466/1/14 521/2/41 523/3/44
f 466/1/14 436/2/14 521/3/41
f 534/387/2 635/388/41 637/389/18
f 534/390/2 528/391/27 635/392/41
f 1095/28/89 692/29/49 705/30/49
f 1095/28/89 1081/29/55 692/30/49
f 692/49/49 717/50/26 719/51/5
f 692/49/49 694/50/15 717/51/26
f 13/49/2 28/50/9 59/51/20
f 28/49/9 57/50/14 59/51/20
f 13/49/2 17/50/5 28/51/9
f 136/1/2 207/2/26 209/3/5
f 136/1/2 141/2/15 207/3/26
f 598/1/2 647/2/26 649/3/5
f 598/1/2 594/2/27 647/3/26
f 686/49/14 740/50/8 736/51/27
f 686/49/14 685/50/27 740/51/8
f 863/49/73 187/50/14 189/51/15
f 863/49/73 861/50/79 187/51/14
f 156/91/7 242/92/30 241/93/15
f 156/91/7 155/92/15 242/93/30
f 155/91/15 240/92/43 242/93/30
f 242/1/30 240/2/43 299/3/26
f 155/91/15 238/92/14 240/93/43
f 242/1/30 299/2/26 301/3/5
f 470/91/17 531/92/30 533/93/27
f 470/91/17 467/92/27 531/93/30
f 531/145/30 467/233/27 617/232/36
f 531/1/30 617/2/36 619/3/5
f 1118/115/54 1111/116/73 1109/117/53
f 1118/115/54 1116/116/79 1111/117/73
f 837/28/66 66/29/14 68/30/8
f 837/28/66 833/29/72 66/30/14
f 75/49/24 111/50/26 113/51/5
f 75/49/24 68/50/8 111/51/26
f 264/91/17 327/92/30 326/93/17
f 264/91/17 265/92/15 327/93/30
f 327/145/30 265/233/15 371/232/36
f 327/1/30 371/2/36 373/3/5
f 341/91/17 396/92/30 395/93/17
f 341/91/17 326/92/17 396/93/30
f 396/145/30 326/233/17 437/232/36
f 396/1/30 437/2/36 439/3/5
f 409/91/17 468/92/30 469/93/27
f 409/91/17 395/92/17 468/93/30
f 468/145/30 395/233/17 541/232/36
f 468/1/30 541/2/36 543/3/5
f 1029/28/86 1077/29/55 1075/30/53
f 1029/28/86 1026/29/51 1077/30/55
f 1082/28/80 670/29/30 691/30/48
f 670/188/30 689/189/26 691/187/48
f 1082/28/80 1080/29/53 670/30/30
f 670/49/30 672/50/15 689/51/26
f 16/28/2 30/29/10 32/30/5
f 16/28/2 20/29/5 30/30/10
f 1067/28/84 1087/29/54 1085/30/84
f 1067/28/84 1059/29/51 1087/30/54
f 842/28/55 773/29/62 770/30/51
f 842/28/55 844/29/71 773/30/62
f 773/28/62 844/29/71 74/30/14
f 773/28/62 74/29/14 76/30/10
f 1003/28/55 1014/29/84 1012/30/80
f 1003/28/55 988/29/84 1014/30/84
f 1033/28/55 1054/29/54 1052/30/89
f 1033/28/55 1012/29/80 1054/30/54
f 1076/28/61 664/29/47 671/30/48
f 1076/28/61 1052/29/89 664/30/47
f 746/115/24 749/116/7 751/117/5
f 746/115/24 748/116/15 749/117/7
f 10/49/7 31/50/9 43/51/9
f 43/49/9 31/50/9 61/51/7
f 10/49/7 18/50/5 31/51/9
f 43/49/9 61/50/7 63/51/5
f 131/1/7 215/2/26 217/3/27
f 131/1/7 140/2/15 215/3/26
f 602/1/34 639/2/26 641/3/5
f 602/1/34 606/2/15 639/3/26
f 703/49/9 687/50/8 679/51/15
f 721/49/36 703/50/9 679/51/15
f 703/49/9 721/50/36 723/51/5
f 836/28/55 757/29/54 754/30/51
f 836/28/55 824/29/51 757/30/54
f 223/1/2 295/2/26 297/3/5
f 223/1/2 218/2/27 295/3/26
f 1034/28/86 1060/29/66 1063/30/75
f 1034/28/86 1036/29/64 1060/30/66
f 506/1/2 613/2/26 615/3/5
f 506/1/2 504/2/44 613/3/26
f 771/28/61 795/29/62 792/30/75
f 771/28/61 769/29/60 795/30/62
f 795/28/62 769/29/60 80/30/14
f 795/28/62 80/29/14 82/30/15
f 143/49/34 191/50/26 193/51/5
f 143/49/34 146/50/15 191/51/26
f 990/28/55 1013/29/55 1010/30/51
f 990/28/55 987/29/75 1013/30/55
f 1053/28/89 629/29/30 665/30/20
f 629/188/30 663/189/17 665/187/20
f 1053/28/89 1051/29/53 629/30/30
f 629/49/30 627/50/44 663/51/17
f 839/28/55 758/29/55 756/30/53
f 839/28/55 832/29/51 758/30/55
f 42/49/2 62/50/9 117/51/33
f 62/49/9 115/50/14 117/51/33
f 42/49/2 45/50/5 62/51/9
f 317/1/2 359/2/26 361/3/5
f 317/1/2 320/2/15 359/3/26
f 387/1/2 427/2/26 429/3/5
f 387/1/2 390/2/15 427/3/26
f 1028/28/66 1058/29/54 1062/30/64
f 1028/28/66 1021/29/51 1058/30/54
f 453/1/2 497/2/26 499/3/5
f 453/1/2 456/2/15 497/3/26
f 591/49/7 696/50/8 695/51/27
f 591/49/7 608/50/27 696/51/8
f 1110/115/54 1103/116/73 1101/117/53
f 1110/115/54 1108/116/72 1103/117/73
f 793/28/61 869/29/62 866/30/75
f 793/28/61 791/29/74 869/30/62
f 869/28/62 791/29/74 142/30/36
f 869/28/62 142/29/36 144/30/15
f 256/49/34 275/50/26 277/51/5
f 256/49/34 259/50/15 275/51/26
f 260/49/2 307/50/26 309/51/5
f 260/49/2 258/50/44 307/51/26
f 960/28/61 984/29/61 982/30/53
f 960/28/61 957/29/75 984/30/61
f 1011/28/85 553/29/30 628/30/45
f 553/366/30 626/367/17 628/368/45
f 1011/28/85 1009/29/53 553/30/30
f 553/49/30 551/50/44 626/51/17
f 714/115/24 745/116/17 747/117/5
f 714/115/24 716/116/15 745/117/17
f 768/28/55 800/29/55 797/30/51
f 768/28/55 767/29/53 800/30/55
f 1001/28/55 1018/29/66 1023/30/51
f 1001/28/55 999/29/69 1018/30/66
f 1102/115/80 1046/116/73 1044/117/53
f 1102/115/80 1100/116/79 1046/117/73
f 867/28/61 892/29/62 890/30/55
f 867/28/61 865/29/64 892/30/62
f 892/28/62 865/29/64 255/30/41
f 892/28/62 255/29/41 257/30/44
f 912/28/61 924/29/61 922/30/55
f 912/28/61 890/29/55 924/30/61
f 938/28/61 954/29/61 952/30/53
f 938/28/61 922/29/55 954/30/61
f 331/49/10 379/50/26 381/51/10
f 331/49/10 329/50/44 379/51/26
f 983/28/55 478/29/30 552/30/45
f 478/366/30 550/367/17 552/368/45
f 983/28/55 981/29/53 478/30/30
f 478/49/30 476/50/44 550/51/17
f 400/49/10 445/50/26 447/51/10
f 400/49/10 398/50/44 445/51/26
f 632/115/24 713/116/14 715/117/5
f 632/115/24 634/116/15 713/117/14
f 766/28/55 801/29/55 799/30/53
f 766/28/55 765/29/51 801/30/55
f 44/28/17 71/29/10 78/30/8
f 44/28/17 46/29/18 71/30/10
f 86/49/2 211/50/41 213/51/18
f 86/49/2 78/50/8 211/51/41
f 994/28/84 1017/29/86 1020/30/84
f 994/28/84 991/29/51 1017/30/86
f 610/49/43 517/50/7 515/51/27
f 643/49/7 610/50/43 515/51/27
f 645/187/46 610/188/43 643/189/7
f 645/28/46 612/29/8 610/30/43
f 1045/115/55 631/116/41 633/117/5
f 1045/115/55 1043/116/79 631/117/41
f 921/28/82 891/29/61 889/30/74
f 328/28/36 921/29/82 889/30/74
f 921/28/82 328/29/36 330/30/43
f 330/28/43 951/29/82 921/30/82
f 951/28/82 923/29/61 921/30/82
f 951/28/82 330/29/43 399/30/43
f 330/28/43 397/29/14 399/30/43
f 953/28/55 951/29/82 399/30/43
f 953/28/55 399/29/43 477/30/45
f 399/28/43 475/29/14 477/30/45
f 808/28/61 873/29/80 871/30/53
f 808/28/61 804/29/75 873/30/80
f 88/28/26 119/29/34 123/30/8
f 88/28/26 89/29/5 119/30/34
f 148/49/2 291/50/41 293/51/18
f 148/49/2 123/50/8 291/51/41
f 251/49/9 151/50/26 150/51/27
f 303/49/36 251/50/9 150/51/27
f 251/49/9 303/50/36 305/51/5
f 968/28/61 989/29/61 992/30/75
f 968/28/61 963/29/51 989/30/61
f 516/49/43 462/50/36 460/51/27
f 622/49/7 516/50/43 460/51/27
f 621/187/44 516/188/43 622/189/7
f 621/28/44 518/29/36 516/30/43
f 878/28/61 898/29/61 902/30/55
f 878/28/61 874/29/75 898/30/61
f 910/28/61 930/29/80 929/30/55
f 910/28/61 902/29/55 930/30/80
f 152/28/26 243/29/34 247/30/44
f 152/28/26 153/29/5 243/30/34
f 936/28/61 965/29/61 966/30/75
f 936/28/61 929/29/55 965/30/61
f 336/49/9 253/50/36 250/51/27
f 375/49/36 336/50/9 250/51/27
f 336/49/9 375/50/36 377/51/5
f 404/49/9 335/50/36 333/51/27
f 441/49/36 404/50/9 333/51/27
f 404/49/9 441/50/36 443/51/5
f 461/49/43 403/50/36 401/51/27
f 546/49/7 461/50/43 401/51/27
f 545/187/44 461/188/43 546/189/7
f 545/28/44 463/29/36 461/30/43
f 249/28/26 312/29/17 311/30/44
f 249/28/26 246/29/44 312/30/17
f 337/28/26 376/29/10 383/30/44
f 337/28/26 315/29/10 376/30/10
f 405/28/26 442/29/10 449/30/44
f 405/28/26 386/29/10 442/30/10
f 202/2/4 129/1/3 200/3/1
f 135/2/13 129/1/3 202/3/4
f 658/2/4 585/1/3 656/3/1
f 572/2/25 585/1/3 658/3/4
f 733/50/22 684/49/22 730/51/25
f 677/50/25 684/49/22 733/51/22
f 24/50/11 6/49/3 50/51/16
f 52/50/21 24/49/11 50/51/16
f 9/50/1 6/49/3 24/51/11
f 198/2/19 126/1/3 196/3/1
f 124/2/13 126/1/3 198/3/19
f 662/2/4 586/1/3 660/3/1
f 578/2/25 586/1/3 662/3/4
f 729/50/21 680/49/22 726/51/25
f 674/50/25 680/49/22 729/51/21
f 812/92/65 778/91/65 818/93/68
f 781/92/68 778/91/65 812/93/65
f 27/50/11 12/49/3 54/51/16
f 56/50/21 27/49/11 54/51/16
f 15/50/1 12/49/3 27/51/11
f 880/92/78 810/91/65 884/93/68
f 813/92/68 810/91/65 880/93/78
f 900/92/65 880/91/78 903/93/81
f 882/92/68 880/91/78 900/93/65
f 163/92/38 102/91/3 169/93/1
f 104/92/6 102/91/3 163/93/38
f 962/92/77 163/91/38 964/93/56
f 161/92/37 163/91/38 962/93/77
f 563/92/4 490/91/4 560/93/25
f 488/92/25 490/91/4 563/93/4
f 780/92/67 846/91/70 786/93/68
f 848/92/68 846/91/70 780/93/67
f 816/373/57 780/372/67 100/374/4
f 103/376/31 816/375/57 100/377/4
f 782/107/68 780/106/67 816/108/57
f 816/379/57 103/378/31 814/380/58
f 883/382/57 814/381/58 103/383/31
f 883/385/57 103/384/31 164/386/39
f 904/107/57 883/106/57 164/108/39
f 164/100/39 103/101/31 162/102/6
f 928/107/50 904/106/57 164/108/39
f 885/107/68 883/106/57 904/108/57
f 901/107/52 904/106/57 928/108/50
f 174/92/22 106/91/12 172/93/13
f 100/92/4 106/91/12 174/93/22
f 206/2/4 134/1/3 204/3/1
f 139/2/13 134/1/3 206/3/4
f 487/2/22 425/1/22 489/3/22
f 423/2/13 425/1/22 487/3/22
f 564/2/21 492/1/22 562/3/25
f 489/2/22 492/1/22 564/3/21
f 654/2/4 595/1/3 652/3/1
f 584/2/25 595/1/3 654/3/4
f 739/50/22 688/49/22 735/51/25
f 683/50/25 688/49/22 739/51/22
f 23/29/10 3/28/3 38/30/6
f 1/29/1 3/28/3 23/30/10
f 1084/29/50 1066/28/84 1086/30/84
f 1061/29/52 1066/28/84 1084/30/50
f 977/50/70 1006/49/70 979/51/68
f 1008/50/68 1006/49/70 977/51/70
f 917/107/70 940/106/70 919/108/68
f 942/107/58 940/106/70 917/108/70
f 107/92/19 785/91/70 105/93/13
f 787/92/68 785/91/70 107/93/19
f 29/50/11 14/49/3 58/51/16
f 60/50/21 29/49/11 58/51/16
f 19/50/1 14/49/3 29/51/11
f 346/107/19 269/106/19 344/108/13
f 267/107/13 269/106/19 346/108/19
f 358/92/19 290/91/4 356/93/13
f 282/92/25 290/91/4 358/93/19
f 482/50/19 413/49/19 480/51/13
f 411/50/13 413/49/19 482/51/19
f 568/92/3 505/91/28 566/93/25
f 507/92/6 505/91/28 568/93/3
f 36/50/11 4/49/4 41/51/11
f 36/50/11 41/49/11 69/51/4
f 7/50/6 4/49/4 36/51/11
f 69/50/4 41/49/11 70/51/16
f 233/2/19 127/1/4 230/3/25
f 132/2/13 127/1/4 233/3/19
f 1056/29/65 1037/28/87 1064/30/56
f 1035/29/81 1037/28/87 1056/30/65
f 638/2/19 601/1/34 636/3/32
f 597/2/13 601/1/34 638/3/19
f 675/50/21 706/49/11 673/51/13
f 706/50/11 720/49/4 673/51/13
f 720/50/4 706/49/11 718/51/1
f 849/107/70 918/106/70 851/108/68
f 920/107/68 918/106/70 849/108/70
f 26/29/4 822/28/65 30/30/10
f 825/29/68 822/28/65 26/30/4
f 85/92/21 138/91/11 83/93/13
f 138/145/11 210/232/4 83/233/13
f 210/2/4 138/1/11 208/3/1
f 270/107/19 177/106/19 268/108/13
f 175/107/13 177/106/19 270/108/19
f 284/2/19 226/1/4 287/3/25
f 224/2/13 226/1/4 284/3/19
f 426/92/21 365/91/22 424/93/22
f 363/92/13 365/91/22 426/93/21
f 493/92/22 432/91/22 491/93/22
f 424/92/22 432/91/22 493/93/22
f 1085/29/84 1078/28/50 1093/30/56
f 1067/29/84 1078/28/50 1085/30/84
f 570/92/28 501/91/3 573/93/6
f 491/92/22 501/91/3 570/93/28
f 579/2/3 511/1/35 590/3/25
f 514/2/6 511/1/35 579/3/3
f 650/2/4 603/1/3 648/3/1
f 599/2/25 603/1/3 650/3/4
f 701/29/31 1097/28/59 732/30/38
f 738/189/28 701/188/31 732/187/38
f 1099/29/56 1097/28/59 701/30/31
f 702/50/13 701/49/31 738/51/28
f 753/29/50 841/28/50 755/30/52
f 827/29/52 841/28/50 753/30/50
f 302/2/4 237/1/3 300/3/1
f 235/2/25 237/1/3 302/3/4
f 620/2/19 526/1/3 618/3/1
f 523/2/44 526/1/3 620/3/19
f 943/50/70 978/49/70 945/51/68
f 980/50/68 978/49/70 943/51/70
f 178/107/12 850/106/70 176/108/13
f 852/107/58 850/106/70 178/108/12
f 289/2/21 225/1/12 288/3/13
f 221/2/25 225/1/12 289/3/21
f 414/50/19 349/49/19 412/51/13
f 347/50/13 349/49/19 414/51/19
f 583/2/28 508/1/3 589/3/6
f 503/2/25 508/1/3 583/3/28
f 602/92/34 519/91/28 605/93/25
f 520/92/29 519/91/28 602/93/34
f 760/29/50 843/28/76 759/30/56
f 840/29/52 843/28/76 760/30/50
f 67/50/11 39/49/3 112/51/29
f 114/50/21 67/49/11 112/51/29
f 40/50/16 39/49/3 67/51/11
f 374/2/19 322/1/3 372/3/1
f 323/2/13 322/1/3 374/3/19
f 440/2/19 392/1/3 438/3/1
f 393/2/13 392/1/3 440/3/19
f 1055/29/50 1024/28/65 1057/30/68
f 1019/29/52 1024/28/65 1055/30/50
f 544/2/19 464/1/3 542/3/1
f 465/2/13 464/1/3 544/3/19
f 693/50/21 604/49/22 690/51/25
f 607/50/25 604/49/22 693/51/21
f 857/50/70 944/49/70 859/51/68
f 946/50/68 944/49/70 857/51/70
f 33/29/12 826/28/65 34/30/13
f 828/29/68 826/28/65 33/30/12
f 219/388/21 87/387/21 216/389/25
f 84/391/25 87/390/21 219/392/21
f 350/50/22 185/49/12 348/51/13
f 183/50/13 185/49/12 350/51/22
f 366/2/21 318/1/12 364/3/22
f 316/2/13 318/1/12 366/3/21
f 433/2/22 388/1/12 431/3/22
f 364/2/22 388/1/12 433/3/22
f 502/2/22 454/1/22 504/3/44
f 431/2/22 454/1/22 502/3/22
f 1088/29/50 1065/28/50 1090/30/63
f 1063/29/75 1065/28/50 1088/30/50
f 642/388/21 512/387/3 640/389/1
f 509/391/25 512/390/3 642/392/21
f 699/29/32 1092/28/59 704/30/1
f 1090/29/63 1092/28/59 699/30/32
f 724/50/19 699/49/32 722/51/1
f 700/50/13 699/49/32 724/51/19
f 752/116/4 743/115/23 750/117/1
f 741/116/13 743/115/23 752/117/4
f 796/29/76 775/28/63 798/30/52
f 776/29/56 775/28/63 796/30/76
f 1016/29/65 1002/28/63 1022/30/52
f 1004/29/68 1002/28/63 1016/30/65
f 186/50/22 858/49/70 184/51/13
f 860/50/68 858/49/70 186/51/22
f 228/92/31 149/91/4 227/93/13
f 147/92/13 149/91/4 228/93/31
f 220/92/42 147/91/13 228/93/31
f 220/2/42 228/1/31 298/3/4
f 222/92/35 147/91/13 220/93/42
f 298/2/4 228/1/31 296/3/1
f 513/92/31 458/91/19 510/93/25
f 455/92/25 458/91/19 513/93/31
f 455/233/25 513/145/31 616/232/4
f 616/2/4 513/1/31 614/3/1
f 803/29/50 774/28/50 802/30/56
f 772/29/52 774/28/50 803/30/50
f 76/29/10 47/28/19 81/30/21
f 48/29/6 47/28/19 76/30/10
f 194/50/21 91/49/3 192/51/1
f 81/50/21 91/49/3 194/51/21
f 1015/29/63 988/28/84 1014/30/84
f 986/29/52 988/28/84 1015/30/63
f 536/50/19 609/49/42 535/51/25
f 609/50/42 666/49/4 535/51/25
f 609/188/42 664/187/47 666/189/4
f 611/29/21 664/28/47 609/30/42
f 1112/116/70 1117/115/50 1114/117/56
f 1119/116/78 1117/115/50 1112/117/70
f 64/29/22 829/28/65 65/30/22
f 831/29/78 829/28/65 64/30/22
f 118/50/4 72/49/23 116/51/32
f 65/50/22 72/49/23 118/51/4
f 321/92/31 252/91/19 319/93/4
f 254/92/13 252/91/19 321/93/31
f 254/233/13 321/145/31 362/232/4
f 362/2/4 321/1/31 360/3/1
f 391/92/31 334/91/19 389/93/4
f 319/92/4 334/91/19 391/93/31
f 319/233/4 391/145/31 430/232/4
f 430/2/4 391/1/31 428/3/1
f 459/92/31 402/91/19 457/93/25
f 389/92/4 402/91/19 459/93/31
f 389/233/4 459/145/31 500/232/4
f 500/2/4 459/1/31 498/3/1
f 1072/29/63 1031/28/63 1074/30/56
f 1025/29/52 1031/28/63 1072/30/63
f 669/29/31 1089/28/77 698/30/16
f 697/189/28 669/188/31 698/187/16
f 1091/29/56 1089/28/77 669/30/31
f 667/50/13 669/49/31 697/51/28
f 870/29/77 794/28/59 872/30/56
f 792/29/75 794/28/59 870/30/77
f 143/29/34 94/28/28 145/30/21
f 96/29/29 94/28/28 143/30/34
f 278/50/21 154/49/3 276/51/1
f 145/50/21 154/49/3 278/51/21
f 158/50/28 262/49/11 157/51/25
f 262/50/11 310/49/4 157/51/25
f 310/50/4 262/49/11 308/51/1
f 985/29/77 958/28/77 987/30/75
f 956/29/52 958/28/77 985/30/77
f 472/50/28 537/49/42 471/51/25
f 537/50/42 630/49/4 471/51/25
f 537/188/42 627/187/44 630/189/4
f 539/29/35 627/28/44 537/30/42
f 762/29/57 835/28/76 761/30/52
f 838/29/67 835/28/76 762/30/57
f 838/29/67 762/28/57 73/30/22
f 73/29/22 762/28/57 71/30/10
f 1020/29/84 1000/28/63 1030/30/59
f 994/29/84 1000/28/63 1020/30/84
f 1068/29/63 1027/28/63 1070/30/77
f 1030/29/59 1027/28/63 1068/30/63
f 645/29/46 1073/28/59 668/30/32
f 1070/29/77 1073/28/59 645/30/46
f 893/29/77 868/28/59 895/30/77
f 866/29/75 868/28/59 893/30/77
f 925/29/77 911/28/77 926/30/77
f 895/29/77 911/28/77 925/30/77
f 256/29/34 160/28/19 258/30/44
f 159/29/32 160/28/19 256/30/34
f 955/29/77 937/28/77 957/30/75
f 926/29/77 937/28/77 955/30/77
f 266/50/28 340/49/11 261/51/25
f 340/50/11 382/49/4 261/51/25
f 382/50/4 340/49/11 380/51/1
f 342/50/28 408/49/11 338/51/25
f 408/50/11 448/49/4 338/51/25
f 448/50/4 408/49/11 446/51/1
f 410/50/28 473/49/42 406/51/25
f 473/50/42 554/49/4 406/51/25
f 473/188/42 551/187/44 554/189/4
f 474/29/35 551/28/44 473/30/42
f 805/29/57 764/28/59 804/30/75
f 763/29/58 764/28/59 805/30/57
f 763/29/58 805/28/57 79/30/22
f 79/29/22 805/28/57 77/30/13
f 214/50/19 119/49/34 212/51/32
f 120/50/13 119/49/34 214/51/19
f 1040/29/50 993/28/63 1039/30/52
f 992/29/75 993/28/63 1040/30/50
f 625/29/31 1069/28/87 644/30/38
f 646/189/19 625/188/31 644/187/38
f 1071/29/56 1069/28/87 625/30/31
f 621/50/44 625/49/31 646/51/19
f 332/29/19 263/28/19 329/30/44
f 257/29/44 263/28/19 332/30/19
f 381/29/10 339/28/19 398/30/44
f 331/29/10 339/28/19 381/30/10
f 447/29/10 407/28/19 476/30/44
f 400/29/10 407/28/19 447/30/10
f 1104/116/70 1113/115/50 1106/117/56
f 1115/116/68 1113/115/50 1104/117/70
f 875/29/57 807/28/77 874/30/75
f 806/29/68 807/28/77 875/30/57
f 806/29/68 875/28/57 121/30/35
f 121/29/35 875/28/57 122/30/13
f 294/50/19 243/49/34 292/51/32
f 244/50/13 243/49/34 294/51/19
f 306/50/19 248/49/3 304/51/1
f 247/50/44 248/49/3 306/51/19
f 995/29/77 967/28/77 997/30/56
f 966/29/75 967/28/77 995/30/77
f 549/29/31 1042/28/88 624/30/32
f 623/367/19 549/366/31 624/368/32
f 1041/29/56 1042/28/88 549/30/31
f 545/50/44 549/49/31 623/51/19
f 744/116/19 711/115/23 742/117/37
f 709/116/13 711/115/23 744/117/19
f 1047/116/70 1105/115/87 1049/117/56
f 1107/116/68 1105/115/87 1047/117/70
f 905/29/57 877/28/77 907/30/77
f 876/29/78 877/28/77 905/30/57
f 876/29/78 905/28/57 245/30/12
f 245/29/12 905/28/57 246/30/44
f 931/29/77 909/28/77 933/30/77
f 907/29/77 909/28/77 931/30/77
f 969/29/77 935/28/77 971/30/56
f 933/29/77 935/28/77 969/30/77
f 378/50/19 315/49/10 376/51/10
f 311/50/44 315/49/10 378/51/19
f 452/29/31 996/28/76 548/30/32
f 547/367/19 452/366/31 548/368/32
f 998/29/56 996/28/76 452/30/31
f 449/50/44 452/49/31 547/51/19
f 444/50/19 386/49/10 442/51/10
f 383/50/44 386/49/10 444/51/19
f 712/116/12 557/115/23 710/117/32
f 555/116/13 557/115/23 712/117/12
f 558/116/19 1048/115/87 556/117/32
f 1050/116/78 1048/115/87 558/117/19
f 906/29/76 934/28/83 908/30/81
f 934/29/83 313/28/35 908/30/81
f 313/29/35 934/28/83 314/30/42
f 972/29/83 314/28/42 934/30/83
f 932/29/76 972/28/83 934/30/83
f 314/29/42 972/28/83 385/30/42
f 384/29/12 314/28/42 385/30/42
f 972/29/83 970/28/76 385/30/42
f 385/29/42 970/28/76 451/30/32
f 450/29/12 385/28/42 451/30/32
