# Blender 4.4.3
# www.blender.org
mtllib Carousel.mtl
o Carousel.Merged
v -1.000000 43.000000 19.000000
v -1.000000 41.000000 13.000000
v -1.000000 41.000000 19.000000
v -1.000000 43.000000 13.000000
v -1.000000 43.000000 1.000000
v -1.000000 41.000000 -1.000000
v -1.000000 41.000000 1.000000
v -1.000000 43.000000 -1.000000
v -1.000000 41.000000 -9.000000
v -1.000000 43.000000 -9.000000
v -1.000000 43.000000 -21.000000
v -1.000000 39.000000 -21.000000
v -1.000000 39.000000 -7.000000
v -1.000000 41.000000 -7.000000
v -1.000000 41.000000 9.000000
v -1.000000 39.000000 3.000000
v -1.000000 39.000000 9.000000
v -1.000000 41.000000 3.000000
v -1.000000 33.000000 -17.000000
v -1.000000 19.000000 -19.000000
v -1.000000 19.000000 -17.000000
v -1.000000 33.000000 -19.000000
v -1.000000 33.000000 19.000000
v -1.000000 15.000000 17.000000
v -1.000000 15.000000 19.000000
v -1.000000 33.000000 17.000000
v -1.000000 27.000000 -5.000000
v -1.000000 25.000000 -7.000000
v -1.000000 25.000000 -5.000000
v -1.000000 27.000000 -7.000000
v -1.000000 27.000000 7.000000
v -1.000000 25.000000 5.000000
v -1.000000 25.000000 7.000000
v -1.000000 27.000000 5.000000
v -1.000000 25.000000 -3.000000
v -1.000000 21.000000 -5.000000
v -1.000000 21.000000 -3.000000
v -1.000000 21.000000 3.000000
v -1.000000 21.000000 5.000000
v -1.000000 25.000000 3.000000
v -3.000000 43.000000 21.000000
v -3.000000 41.000000 19.000000
v -3.000000 41.000000 21.000000
v -3.000000 43.000000 19.000000
v -3.000000 41.000000 -1.000000
v -3.000000 39.000000 -3.000000
v -3.000000 39.000000 -1.000000
v -3.000000 41.000000 -3.000000
v -3.000000 41.000000 3.000000
v -3.000000 39.000000 1.000000
v -3.000000 39.000000 3.000000
v -3.000000 41.000000 1.000000
v -3.000000 41.000000 15.000000
v -3.000000 39.000000 9.000000
v -3.000000 39.000000 15.000000
v -3.000000 41.000000 9.000000
v -3.000000 33.000000 -23.000000
v -3.000000 35.000000 -23.000000
v -3.000000 35.000000 -25.000000
v -3.000000 31.000000 -25.000000
v -3.000000 31.000000 -21.000000
v -3.000000 33.000000 -21.000000
v -3.000000 35.000000 25.000000
v -3.000000 33.000000 23.000000
v -3.000000 31.000000 25.000000
v -3.000000 31.000000 21.000000
v -3.000000 35.000000 23.000000
v -3.000000 33.000000 21.000000
v -3.000000 29.000000 -3.000000
v -3.000000 27.000000 -5.000000
v -3.000000 25.000000 -3.000000
v -3.000000 25.000000 -5.000000
v -3.000000 29.000000 -7.000000
v -3.000000 27.000000 -7.000000
v -3.000000 29.000000 7.000000
v -3.000000 27.000000 5.000000
v -3.000000 27.000000 7.000000
v -3.000000 29.000000 3.000000
v -3.000000 25.000000 3.000000
v -3.000000 25.000000 5.000000
v -3.000000 21.000000 1.000000
v -3.000000 9.000000 3.000000
v -3.000000 9.000000 -3.000000
v -3.000000 25.000000 1.000000
v -3.000000 21.000000 -1.000000
v -3.000000 25.000000 -1.000000
v -3.000000 19.000000 -17.000000
v -3.000000 15.000000 -19.000000
v -3.000000 15.000000 -17.000000
v -3.000000 19.000000 -19.000000
v 3.000000 41.000000 7.000000
v 3.000000 39.000000 5.000000
v 3.000000 39.000000 7.000000
v 3.000000 41.000000 5.000000
v 5.000000 41.000000 11.000000
v 5.000000 39.000000 7.000000
v 5.000000 39.000000 11.000000
v 5.000000 41.000000 7.000000
v 5.000000 41.000000 -5.000000
v 5.000000 39.000000 -7.000000
v 5.000000 39.000000 -5.000000
v 5.000000 41.000000 -7.000000
v -5.000000 41.000000 21.000000
v -5.000000 39.000000 15.000000
v -5.000000 39.000000 21.000000
v -5.000000 41.000000 15.000000
v -5.000000 41.000000 -3.000000
v -5.000000 39.000000 -5.000000
v -5.000000 39.000000 -3.000000
v -5.000000 41.000000 -5.000000
v -5.000000 35.000000 -21.000000
v -5.000000 33.000000 -23.000000
v -5.000000 33.000000 -21.000000
v -5.000000 35.000000 -23.000000
v -5.000000 35.000000 23.000000
v -5.000000 33.000000 21.000000
v -5.000000 33.000000 23.000000
v -5.000000 35.000000 21.000000
v -5.000000 33.000000 -13.000000
v -5.000000 31.000000 -15.000000
v -5.000000 31.000000 -13.000000
v -5.000000 33.000000 -15.000000
v -5.000000 33.000000 15.000000
v -5.000000 31.000000 13.000000
v -5.000000 31.000000 15.000000
v -5.000000 33.000000 13.000000
v -5.000000 31.000000 -7.000000
v -5.000000 29.000000 -9.000000
v -5.000000 29.000000 -7.000000
v -5.000000 31.000000 -9.000000
v -5.000000 31.000000 9.000000
v -5.000000 29.000000 7.000000
v -5.000000 29.000000 9.000000
v -5.000000 31.000000 7.000000
v -5.000000 27.000000 -1.000000
v -5.000000 25.000000 -3.000000
v -5.000000 25.000000 -1.000000
v -5.000000 27.000000 -3.000000
v -5.000000 27.000000 3.000000
v -5.000000 25.000000 1.000000
v -5.000000 25.000000 3.000000
v -5.000000 27.000000 1.000000
v -5.000000 21.000000 -1.000000
v -5.000000 21.000000 1.000000
v -5.000000 9.000000 -5.000000
v -5.000000 7.000000 -7.000000
v -5.000000 7.000000 -5.000000
v -5.000000 9.000000 -7.000000
v -5.000000 9.000000 7.000000
v -5.000000 7.000000 5.000000
v -5.000000 7.000000 7.000000
v -5.000000 9.000000 5.000000
v -7.000000 41.000000 5.000000
v -7.000000 39.000000 3.000000
v -7.000000 39.000000 5.000000
v -7.000000 41.000000 3.000000
v -7.000000 41.000000 -5.000000
v -7.000000 39.000000 -7.000000
v -7.000000 39.000000 -5.000000
v -7.000000 41.000000 -7.000000
v -7.000000 39.000000 -19.000000
v -7.000000 37.000000 -21.000000
v -7.000000 37.000000 -19.000000
v -7.000000 39.000000 -21.000000
v -7.000000 39.000000 21.000000
v -7.000000 37.000000 19.000000
v -7.000000 37.000000 21.000000
v -7.000000 39.000000 19.000000
v -7.000000 35.000000 -23.000000
v -7.000000 35.000000 -21.000000
v -7.000000 37.000000 -23.000000
v -7.000000 37.000000 23.000000
v -7.000000 35.000000 21.000000
v -7.000000 35.000000 23.000000
v -7.000000 31.000000 -5.000000
v -7.000000 29.000000 -7.000000
v -7.000000 29.000000 -5.000000
v -7.000000 31.000000 -7.000000
v -7.000000 31.000000 7.000000
v -7.000000 29.000000 5.000000
v -7.000000 29.000000 7.000000
v -7.000000 31.000000 5.000000
v -7.000000 29.000000 3.000000
v -7.000000 27.000000 1.000000
v -7.000000 27.000000 3.000000
v -7.000000 29.000000 -3.000000
v -7.000000 27.000000 -1.000000
v -7.000000 25.000000 -1.000000
v -7.000000 27.000000 -3.000000
v -7.000000 25.000000 1.000000
v -7.000000 9.000000 5.000000
v -7.000000 7.000000 -5.000000
v -7.000000 7.000000 5.000000
v -7.000000 1.000000 -7.000000
v -7.000000 9.000000 -5.000000
v -7.000000 7.000000 -7.000000
v -7.000000 1.000000 7.000000
v -7.000000 7.000000 7.000000
v 7.000000 43.000000 9.000000
v 7.000000 41.000000 7.000000
v 7.000000 41.000000 9.000000
v 7.000000 43.000000 7.000000
v 7.000000 41.000000 -7.000000
v 7.000000 43.000000 -7.000000
v 7.000000 43.000000 -9.000000
v 7.000000 39.000000 -9.000000
v 7.000000 39.000000 -7.000000
v 7.000000 41.000000 15.000000
v 7.000000 39.000000 11.000000
v 7.000000 39.000000 15.000000
v 7.000000 41.000000 11.000000
v 7.000000 19.000000 -17.000000
v 7.000000 15.000000 -19.000000
v 7.000000 15.000000 -17.000000
v 7.000000 19.000000 -19.000000
v 9.000000 43.000000 11.000000
v 9.000000 41.000000 9.000000
v 9.000000 41.000000 11.000000
v 9.000000 43.000000 9.000000
v 9.000000 43.000000 -9.000000
v 9.000000 39.000000 -11.000000
v 9.000000 39.000000 -9.000000
v 9.000000 43.000000 -11.000000
v 9.000000 41.000000 19.000000
v 9.000000 39.000000 15.000000
v 9.000000 39.000000 19.000000
v 9.000000 41.000000 15.000000
v 9.000000 33.000000 -19.000000
v 9.000000 31.000000 -21.000000
v 9.000000 31.000000 -19.000000
v 9.000000 33.000000 -21.000000
v 9.000000 33.000000 -15.000000
v 9.000000 19.000000 -17.000000
v 9.000000 15.000000 -15.000000
v 9.000000 15.000000 -17.000000
v 9.000000 33.000000 -17.000000
v 9.000000 33.000000 17.000000
v 9.000000 15.000000 15.000000
v 9.000000 15.000000 17.000000
v 9.000000 33.000000 15.000000
v 9.000000 33.000000 21.000000
v 9.000000 31.000000 19.000000
v 9.000000 31.000000 21.000000
v 9.000000 33.000000 19.000000
v -9.000000 41.000000 -7.000000
v -9.000000 39.000000 -9.000000
v -9.000000 39.000000 -7.000000
v -9.000000 41.000000 -9.000000
v -9.000000 33.000000 -11.000000
v -9.000000 31.000000 -13.000000
v -9.000000 31.000000 -11.000000
v -9.000000 33.000000 -13.000000
v -9.000000 33.000000 13.000000
v -9.000000 31.000000 11.000000
v -9.000000 31.000000 13.000000
v -9.000000 33.000000 11.000000
v -9.000000 31.000000 5.000000
v -9.000000 29.000000 -5.000000
v -9.000000 29.000000 5.000000
v -9.000000 31.000000 -5.000000
v -9.000000 19.000000 19.000000
v -9.000000 15.000000 17.000000
v -9.000000 15.000000 19.000000
v -9.000000 19.000000 17.000000
v 11.000000 43.000000 13.000000
v 11.000000 41.000000 11.000000
v 11.000000 41.000000 13.000000
v 11.000000 43.000000 11.000000
v 11.000000 43.000000 1.000000
v 11.000000 41.000000 -1.000000
v 11.000000 41.000000 1.000000
v 11.000000 43.000000 -1.000000
v 11.000000 43.000000 -11.000000
v 11.000000 39.000000 -13.000000
v 11.000000 39.000000 -11.000000
v 11.000000 43.000000 -13.000000
v 11.000000 19.000000 15.000000
v 11.000000 15.000000 13.000000
v 11.000000 15.000000 15.000000
v 11.000000 19.000000 13.000000
v -11.000000 43.000000 11.000000
v -11.000000 41.000000 9.000000
v -11.000000 41.000000 11.000000
v -11.000000 43.000000 9.000000
v -11.000000 43.000000 -9.000000
v -11.000000 39.000000 -11.000000
v -11.000000 39.000000 -9.000000
v -11.000000 43.000000 -11.000000
v -11.000000 41.000000 -17.000000
v -11.000000 37.000000 -19.000000
v -11.000000 37.000000 -17.000000
v -11.000000 41.000000 -19.000000
v -11.000000 41.000000 7.000000
v -11.000000 39.000000 5.000000
v -11.000000 39.000000 7.000000
v -11.000000 41.000000 5.000000
v -11.000000 39.000000 19.000000
v -11.000000 37.000000 17.000000
v -11.000000 37.000000 19.000000
v -11.000000 39.000000 17.000000
v -11.000000 33.000000 -19.000000
v -11.000000 37.000000 -21.000000
v -11.000000 31.000000 -21.000000
v -11.000000 31.000000 -19.000000
v -11.000000 37.000000 21.000000
v -11.000000 33.000000 19.000000
v -11.000000 31.000000 21.000000
v -11.000000 31.000000 19.000000
v -11.000000 19.000000 -15.000000
v -11.000000 33.000000 -15.000000
v -11.000000 33.000000 -17.000000
v -11.000000 15.000000 -17.000000
v -11.000000 15.000000 -15.000000
v -11.000000 33.000000 -9.000000
v -11.000000 31.000000 -11.000000
v -11.000000 31.000000 -9.000000
v -11.000000 33.000000 -11.000000
v -11.000000 33.000000 11.000000
v -11.000000 31.000000 9.000000
v -11.000000 31.000000 11.000000
v -11.000000 33.000000 9.000000
v -11.000000 33.000000 17.000000
v -11.000000 15.000000 15.000000
v -11.000000 15.000000 17.000000
v -11.000000 33.000000 15.000000
v -13.000000 43.000000 13.000000
v -13.000000 41.000000 11.000000
v -13.000000 41.000000 13.000000
v -13.000000 43.000000 11.000000
v -13.000000 43.000000 -11.000000
v -13.000000 39.000000 -13.000000
v -13.000000 39.000000 -11.000000
v -13.000000 43.000000 -13.000000
v -13.000000 41.000000 -15.000000
v -13.000000 37.000000 -17.000000
v -13.000000 37.000000 -15.000000
v -13.000000 41.000000 -17.000000
v -13.000000 39.000000 17.000000
v -13.000000 37.000000 15.000000
v -13.000000 37.000000 17.000000
v -13.000000 39.000000 15.000000
v -13.000000 35.000000 -17.000000
v -13.000000 33.000000 -19.000000
v -13.000000 33.000000 -17.000000
v -13.000000 35.000000 -19.000000
v -13.000000 35.000000 19.000000
v -13.000000 33.000000 17.000000
v -13.000000 33.000000 19.000000
v -13.000000 35.000000 17.000000
v -13.000000 33.000000 -5.000000
v -13.000000 31.000000 -9.000000
v -13.000000 31.000000 -5.000000
v -13.000000 33.000000 -9.000000
v -13.000000 33.000000 9.000000
v -13.000000 31.000000 5.000000
v -13.000000 31.000000 9.000000
v -13.000000 33.000000 5.000000
v -13.000000 19.000000 -13.000000
v -13.000000 15.000000 -15.000000
v -13.000000 15.000000 -13.000000
v -13.000000 19.000000 -15.000000
v 13.000000 43.000000 15.000000
v 13.000000 41.000000 13.000000
v 13.000000 41.000000 15.000000
v 13.000000 43.000000 13.000000
v 13.000000 43.000000 -13.000000
v 13.000000 39.000000 -15.000000
v 13.000000 39.000000 -13.000000
v 13.000000 43.000000 -15.000000
v 13.000000 41.000000 5.000000
v 13.000000 39.000000 3.000000
v 13.000000 39.000000 5.000000
v 13.000000 41.000000 3.000000
v 13.000000 19.000000 -11.000000
v 13.000000 15.000000 -13.000000
v 13.000000 15.000000 -11.000000
v 13.000000 19.000000 -13.000000
v -15.000000 43.000000 15.000000
v -15.000000 41.000000 13.000000
v -15.000000 37.000000 15.000000
v -15.000000 37.000000 13.000000
v -15.000000 43.000000 13.000000
v -15.000000 39.000000 -13.000000
v -15.000000 43.000000 -13.000000
v -15.000000 43.000000 -15.000000
v -15.000000 37.000000 -15.000000
v -15.000000 37.000000 -13.000000
v -15.000000 41.000000 9.000000
v -15.000000 39.000000 7.000000
v -15.000000 39.000000 9.000000
v -15.000000 41.000000 7.000000
v -15.000000 37.000000 -17.000000
v -15.000000 35.000000 -19.000000
v -15.000000 35.000000 -17.000000
v -15.000000 37.000000 -19.000000
v -15.000000 37.000000 19.000000
v -15.000000 35.000000 17.000000
v -15.000000 35.000000 19.000000
v -15.000000 37.000000 17.000000
v -15.000000 33.000000 5.000000
v -15.000000 31.000000 -5.000000
v -15.000000 31.000000 5.000000
v -15.000000 33.000000 -5.000000
v -15.000000 19.000000 13.000000
v -15.000000 15.000000 11.000000
v -15.000000 15.000000 13.000000
v -15.000000 19.000000 11.000000
v 15.000000 33.000000 17.000000
v 15.000000 31.000000 15.000000
v 15.000000 31.000000 17.000000
v 15.000000 33.000000 15.000000
v 15.000000 33.000000 11.000000
v 15.000000 15.000000 9.000000
v 15.000000 15.000000 11.000000
v 15.000000 33.000000 9.000000
v 15.000000 33.000000 -9.000000
v 15.000000 19.000000 -11.000000
v 15.000000 15.000000 -9.000000
v 15.000000 15.000000 -11.000000
v 15.000000 33.000000 -11.000000
v 15.000000 33.000000 -15.000000
v 15.000000 31.000000 -17.000000
v 15.000000 31.000000 -15.000000
v 15.000000 33.000000 -17.000000
v 17.000000 41.000000 7.000000
v 17.000000 39.000000 5.000000
v 17.000000 39.000000 7.000000
v 17.000000 41.000000 5.000000
v 17.000000 33.000000 1.000000
v 17.000000 19.000000 -1.000000
v 17.000000 15.000000 1.000000
v 17.000000 15.000000 -3.000000
v 17.000000 33.000000 -1.000000
v 17.000000 19.000000 -3.000000
v 17.000000 19.000000 9.000000
v 17.000000 15.000000 7.000000
v 17.000000 15.000000 9.000000
v 17.000000 19.000000 7.000000
v -17.000000 41.000000 13.000000
v -17.000000 37.000000 11.000000
v -17.000000 37.000000 13.000000
v -17.000000 41.000000 11.000000
v -17.000000 39.000000 -11.000000
v -17.000000 37.000000 -13.000000
v -17.000000 37.000000 -11.000000
v -17.000000 39.000000 -13.000000
v -17.000000 35.000000 -15.000000
v -17.000000 37.000000 -15.000000
v -17.000000 37.000000 -17.000000
v -17.000000 31.000000 -17.000000
v -17.000000 33.000000 -15.000000
v -17.000000 31.000000 -15.000000
v -17.000000 35.000000 -13.000000
v -17.000000 33.000000 -13.000000
v -17.000000 37.000000 17.000000
v -17.000000 35.000000 15.000000
v -17.000000 31.000000 17.000000
v -17.000000 33.000000 15.000000
v -17.000000 37.000000 15.000000
v -17.000000 31.000000 15.000000
v -17.000000 33.000000 13.000000
v -17.000000 35.000000 13.000000
v -17.000000 19.000000 -9.000000
v -17.000000 33.000000 -9.000000
v -17.000000 33.000000 -11.000000
v -17.000000 15.000000 -11.000000
v -17.000000 15.000000 -9.000000
v -17.000000 33.000000 11.000000
v -17.000000 15.000000 9.000000
v -17.000000 15.000000 11.000000
v -17.000000 33.000000 9.000000
v -17.000000 1.000000 -21.000000
v -17.000000 -1.000000 -23.000000
v -17.000000 -1.000000 -21.000000
v -17.000000 1.000000 -23.000000
v -17.000000 1.000000 23.000000
v -17.000000 -1.000000 21.000000
v -17.000000 -1.000000 23.000000
v -17.000000 1.000000 21.000000
v -19.000000 41.000000 11.000000
v -19.000000 39.000000 9.000000
v -19.000000 37.000000 11.000000
v -19.000000 37.000000 7.000000
v -19.000000 41.000000 9.000000
v -19.000000 39.000000 7.000000
v -19.000000 39.000000 -7.000000
v -19.000000 37.000000 -11.000000
v -19.000000 37.000000 -7.000000
v -19.000000 39.000000 -11.000000
v -19.000000 35.000000 -13.000000
v -19.000000 33.000000 -11.000000
v -19.000000 33.000000 -13.000000
v -19.000000 37.000000 -15.000000
v -19.000000 35.000000 -15.000000
v -19.000000 37.000000 15.000000
v -19.000000 35.000000 13.000000
v -19.000000 35.000000 15.000000
v -19.000000 33.000000 11.000000
v -19.000000 33.000000 13.000000
v -19.000000 19.000000 1.000000
v -19.000000 33.000000 1.000000
v -19.000000 33.000000 -1.000000
v -19.000000 15.000000 -1.000000
v -19.000000 15.000000 3.000000
v -19.000000 19.000000 3.000000
v -19.000000 19.000000 -7.000000
v -19.000000 15.000000 -9.000000
v -19.000000 15.000000 -7.000000
v -19.000000 19.000000 -9.000000
v 19.000000 33.000000 11.000000
v 19.000000 31.000000 9.000000
v 19.000000 31.000000 11.000000
v 19.000000 33.000000 9.000000
v 19.000000 33.000000 -9.000000
v 19.000000 31.000000 -11.000000
v 19.000000 31.000000 -9.000000
v 19.000000 33.000000 -11.000000
v -21.000000 43.000000 1.000000
v -21.000000 41.000000 -1.000000
v -21.000000 39.000000 1.000000
v -21.000000 39.000000 -5.000000
v -21.000000 43.000000 -1.000000
v -21.000000 37.000000 -7.000000
v -21.000000 41.000000 -5.000000
v -21.000000 39.000000 -7.000000
v -21.000000 37.000000 7.000000
v -21.000000 39.000000 7.000000
v -21.000000 35.000000 -7.000000
v -21.000000 37.000000 -11.000000
v -21.000000 33.000000 -9.000000
v -21.000000 31.000000 -11.000000
v -21.000000 33.000000 -5.000000
v -21.000000 31.000000 -9.000000
v -21.000000 35.000000 -5.000000
v -21.000000 37.000000 11.000000
v -21.000000 33.000000 9.000000
v -21.000000 31.000000 11.000000
v -21.000000 31.000000 9.000000
v -21.000000 35.000000 7.000000
v -21.000000 33.000000 5.000000
v -21.000000 35.000000 5.000000
v -21.000000 1.000000 -17.000000
v -21.000000 -1.000000 -21.000000
v -21.000000 -1.000000 -17.000000
v -21.000000 1.000000 -21.000000
v -21.000000 1.000000 21.000000
v -21.000000 -1.000000 17.000000
v -21.000000 -1.000000 21.000000
v -21.000000 1.000000 17.000000
v 21.000000 33.000000 3.000000
v 21.000000 31.000000 -3.000000
v 21.000000 31.000000 3.000000
v 21.000000 33.000000 -3.000000
v -23.000000 37.000000 7.000000
v -23.000000 35.000000 5.000000
v -23.000000 35.000000 7.000000
v -23.000000 35.000000 3.000000
v -23.000000 37.000000 -7.000000
v -23.000000 33.000000 3.000000
v -23.000000 35.000000 -3.000000
v -23.000000 33.000000 5.000000
v -23.000000 35.000000 -5.000000
v -23.000000 33.000000 -5.000000
v -23.000000 35.000000 -7.000000
v -23.000000 33.000000 -3.000000
v -23.000000 1.000000 17.000000
v -23.000000 -1.000000 -17.000000
v -23.000000 -1.000000 17.000000
v -23.000000 1.000000 -17.000000
v -25.000000 35.000000 3.000000
v -25.000000 31.000000 -3.000000
v -25.000000 31.000000 3.000000
v -25.000000 35.000000 -3.000000
v 1.000000 43.000000 21.000000
v 1.000000 41.000000 13.000000
v 1.000000 39.000000 21.000000
v 1.000000 39.000000 5.000000
v 1.000000 43.000000 13.000000
v 1.000000 41.000000 5.000000
v 1.000000 43.000000 1.000000
v 1.000000 41.000000 -1.000000
v 1.000000 41.000000 1.000000
v 1.000000 43.000000 -1.000000
v 1.000000 43.000000 -9.000000
v 1.000000 41.000000 -17.000000
v 1.000000 41.000000 -9.000000
v 1.000000 43.000000 -17.000000
v 1.000000 33.000000 -17.000000
v 1.000000 15.000000 -19.000000
v 1.000000 15.000000 -17.000000
v 1.000000 33.000000 -19.000000
v 1.000000 33.000000 19.000000
v 1.000000 19.000000 17.000000
v 1.000000 19.000000 19.000000
v 1.000000 33.000000 17.000000
v 1.000000 27.000000 -5.000000
v 1.000000 25.000000 -7.000000
v 1.000000 25.000000 -5.000000
v 1.000000 27.000000 -7.000000
v 1.000000 27.000000 7.000000
v 1.000000 25.000000 5.000000
v 1.000000 25.000000 7.000000
v 1.000000 27.000000 5.000000
v 1.000000 25.000000 -3.000000
v 1.000000 21.000000 -5.000000
v 1.000000 21.000000 -3.000000
v 1.000000 21.000000 3.000000
v 1.000000 21.000000 5.000000
v 1.000000 25.000000 3.000000
v 3.000000 43.000000 -17.000000
v 3.000000 41.000000 -21.000000
v 3.000000 41.000000 -17.000000
v 3.000000 43.000000 -21.000000
v 3.000000 41.000000 -5.000000
v 3.000000 39.000000 -13.000000
v 3.000000 39.000000 -5.000000
v 3.000000 41.000000 -13.000000
v 3.000000 33.000000 -23.000000
v 3.000000 35.000000 -23.000000
v 3.000000 35.000000 -25.000000
v 3.000000 31.000000 -25.000000
v 3.000000 31.000000 -21.000000
v 3.000000 33.000000 -21.000000
v 3.000000 35.000000 25.000000
v 3.000000 33.000000 23.000000
v 3.000000 31.000000 25.000000
v 3.000000 31.000000 21.000000
v 3.000000 35.000000 23.000000
v 3.000000 33.000000 21.000000
v 3.000000 29.000000 -3.000000
v 3.000000 27.000000 -5.000000
v 3.000000 25.000000 -3.000000
v 3.000000 25.000000 -5.000000
v 3.000000 29.000000 -7.000000
v 3.000000 27.000000 -7.000000
v 3.000000 29.000000 7.000000
v 3.000000 27.000000 5.000000
v 3.000000 27.000000 7.000000
v 3.000000 29.000000 3.000000
v 3.000000 25.000000 3.000000
v 3.000000 25.000000 5.000000
v 3.000000 21.000000 1.000000
v 3.000000 9.000000 3.000000
v 3.000000 9.000000 -3.000000
v 3.000000 25.000000 1.000000
v 3.000000 21.000000 -1.000000
v 3.000000 25.000000 -1.000000
v 3.000000 19.000000 19.000000
v 3.000000 15.000000 17.000000
v 3.000000 15.000000 19.000000
v 3.000000 19.000000 17.000000
v 5.000000 41.000000 5.000000
v 5.000000 39.000000 3.000000
v 5.000000 39.000000 5.000000
v 5.000000 41.000000 3.000000
v 5.000000 41.000000 -13.000000
v 5.000000 39.000000 -21.000000
v 5.000000 39.000000 -13.000000
v 5.000000 41.000000 -21.000000
v 5.000000 35.000000 -21.000000
v 5.000000 33.000000 -23.000000
v 5.000000 33.000000 -21.000000
v 5.000000 35.000000 -23.000000
v 5.000000 35.000000 23.000000
v 5.000000 33.000000 21.000000
v 5.000000 33.000000 23.000000
v 5.000000 35.000000 21.000000
v 5.000000 33.000000 -13.000000
v 5.000000 31.000000 -15.000000
v 5.000000 31.000000 -13.000000
v 5.000000 33.000000 -15.000000
v 5.000000 33.000000 15.000000
v 5.000000 31.000000 13.000000
v 5.000000 31.000000 15.000000
v 5.000000 33.000000 13.000000
v 5.000000 31.000000 -7.000000
v 5.000000 29.000000 -9.000000
v 5.000000 29.000000 -7.000000
v 5.000000 31.000000 -9.000000
v 5.000000 31.000000 9.000000
v 5.000000 29.000000 7.000000
v 5.000000 29.000000 9.000000
v 5.000000 31.000000 7.000000
v 5.000000 27.000000 -1.000000
v 5.000000 25.000000 -3.000000
v 5.000000 25.000000 -1.000000
v 5.000000 27.000000 -3.000000
v 5.000000 27.000000 3.000000
v 5.000000 25.000000 1.000000
v 5.000000 25.000000 3.000000
v 5.000000 27.000000 1.000000
v 5.000000 21.000000 -1.000000
v 5.000000 21.000000 1.000000
v 5.000000 9.000000 -5.000000
v 5.000000 7.000000 -7.000000
v 5.000000 7.000000 -5.000000
v 5.000000 9.000000 -7.000000
v 5.000000 9.000000 7.000000
v 5.000000 7.000000 5.000000
v 5.000000 7.000000 7.000000
v 5.000000 9.000000 5.000000
v 7.000000 39.000000 5.000000
v 7.000000 39.000000 7.000000
v 7.000000 41.000000 5.000000
v 7.000000 41.000000 -1.000000
v 7.000000 39.000000 -3.000000
v 7.000000 39.000000 -1.000000
v 7.000000 41.000000 -3.000000
v 7.000000 39.000000 -19.000000
v 7.000000 37.000000 -21.000000
v 7.000000 37.000000 -19.000000
v 7.000000 39.000000 -21.000000
v 7.000000 39.000000 21.000000
v 7.000000 37.000000 19.000000
v 7.000000 37.000000 21.000000
v 7.000000 39.000000 19.000000
v 7.000000 35.000000 -23.000000
v 7.000000 35.000000 -21.000000
v 7.000000 37.000000 -23.000000
v 7.000000 37.000000 23.000000
v 7.000000 35.000000 21.000000
v 7.000000 35.000000 23.000000
v 7.000000 31.000000 -5.000000
v 7.000000 29.000000 -7.000000
v 7.000000 29.000000 -5.000000
v 7.000000 31.000000 -7.000000
v 7.000000 31.000000 7.000000
v 7.000000 29.000000 5.000000
v 7.000000 29.000000 7.000000
v 7.000000 31.000000 5.000000
v 7.000000 29.000000 3.000000
v 7.000000 27.000000 1.000000
v 7.000000 27.000000 3.000000
v 7.000000 29.000000 -3.000000
v 7.000000 27.000000 -1.000000
v 7.000000 25.000000 -1.000000
v 7.000000 27.000000 -3.000000
v 7.000000 25.000000 1.000000
v 7.000000 9.000000 5.000000
v 7.000000 7.000000 -5.000000
v 7.000000 7.000000 5.000000
v 7.000000 1.000000 -7.000000
v 7.000000 9.000000 -5.000000
v 7.000000 7.000000 -7.000000
v 7.000000 1.000000 7.000000
v 7.000000 7.000000 7.000000
v -3.000000 41.000000 5.000000
v -3.000000 39.000000 5.000000
v -3.000000 41.000000 -7.000000
v -3.000000 39.000000 -9.000000
v -3.000000 39.000000 -7.000000
v -3.000000 41.000000 -9.000000
v -5.000000 41.000000 7.000000
v -5.000000 39.000000 5.000000
v -5.000000 39.000000 7.000000
v -5.000000 41.000000 5.000000
v -5.000000 41.000000 -9.000000
v -5.000000 39.000000 -13.000000
v -5.000000 39.000000 -9.000000
v -5.000000 41.000000 -13.000000
v 9.000000 39.000000 7.000000
v 9.000000 39.000000 9.000000
v 9.000000 43.000000 7.000000
v 9.000000 43.000000 -7.000000
v 9.000000 41.000000 -9.000000
v 9.000000 41.000000 -7.000000
v 9.000000 41.000000 -3.000000
v 9.000000 39.000000 -5.000000
v 9.000000 39.000000 -3.000000
v 9.000000 41.000000 -5.000000
v 9.000000 33.000000 -11.000000
v 9.000000 31.000000 -13.000000
v 9.000000 31.000000 -11.000000
v 9.000000 33.000000 -13.000000
v 9.000000 33.000000 13.000000
v 9.000000 31.000000 11.000000
v 9.000000 31.000000 13.000000
v 9.000000 33.000000 11.000000
v 9.000000 31.000000 5.000000
v 9.000000 29.000000 -5.000000
v 9.000000 29.000000 5.000000
v 9.000000 31.000000 -5.000000
v 9.000000 15.000000 -19.000000
v 9.000000 19.000000 -19.000000
v 11.000000 41.000000 9.000000
v 11.000000 43.000000 9.000000
v 11.000000 41.000000 19.000000
v 11.000000 37.000000 17.000000
v 11.000000 37.000000 19.000000
v 11.000000 41.000000 17.000000
v 11.000000 39.000000 -17.000000
v 11.000000 37.000000 -19.000000
v 11.000000 37.000000 -17.000000
v 11.000000 39.000000 -19.000000
v 11.000000 33.000000 -19.000000
v 11.000000 37.000000 -21.000000
v 11.000000 31.000000 -21.000000
v 11.000000 31.000000 -19.000000
v 11.000000 37.000000 21.000000
v 11.000000 33.000000 19.000000
v 11.000000 31.000000 21.000000
v 11.000000 31.000000 19.000000
v 11.000000 33.000000 -15.000000
v 11.000000 15.000000 -17.000000
v 11.000000 15.000000 -15.000000
v 11.000000 33.000000 -17.000000
v 11.000000 33.000000 -9.000000
v 11.000000 31.000000 -11.000000
v 11.000000 31.000000 -9.000000
v 11.000000 33.000000 -11.000000
v 11.000000 33.000000 11.000000
v 11.000000 31.000000 9.000000
v 11.000000 31.000000 11.000000
v 11.000000 33.000000 9.000000
v 11.000000 33.000000 17.000000
v 11.000000 15.000000 17.000000
v 11.000000 33.000000 15.000000
v -7.000000 43.000000 -9.000000
v -7.000000 41.000000 -11.000000
v -7.000000 41.000000 -9.000000
v -7.000000 43.000000 -11.000000
v -7.000000 41.000000 -13.000000
v -7.000000 39.000000 -15.000000
v -7.000000 39.000000 -13.000000
v -7.000000 41.000000 -15.000000
v -7.000000 41.000000 9.000000
v -7.000000 39.000000 7.000000
v -7.000000 39.000000 9.000000
v -7.000000 41.000000 7.000000
v -7.000000 19.000000 19.000000
v -7.000000 15.000000 17.000000
v -7.000000 15.000000 19.000000
v -7.000000 19.000000 17.000000
v 13.000000 41.000000 11.000000
v 13.000000 43.000000 11.000000
v 13.000000 43.000000 -9.000000
v 13.000000 41.000000 -11.000000
v 13.000000 41.000000 -9.000000
v 13.000000 43.000000 -11.000000
v 13.000000 41.000000 -5.000000
v 13.000000 39.000000 -7.000000
v 13.000000 39.000000 -5.000000
v 13.000000 41.000000 -7.000000
v 13.000000 39.000000 9.000000
v 13.000000 39.000000 11.000000
v 13.000000 41.000000 9.000000
v 13.000000 41.000000 17.000000
v 13.000000 37.000000 15.000000
v 13.000000 37.000000 17.000000
v 13.000000 37.000000 -17.000000
v 13.000000 37.000000 -15.000000
v 13.000000 39.000000 -17.000000
v 13.000000 35.000000 -17.000000
v 13.000000 33.000000 -19.000000
v 13.000000 33.000000 -17.000000
v 13.000000 35.000000 -19.000000
v 13.000000 35.000000 19.000000
v 13.000000 33.000000 17.000000
v 13.000000 33.000000 19.000000
v 13.000000 35.000000 17.000000
v 13.000000 33.000000 -5.000000
v 13.000000 31.000000 -9.000000
v 13.000000 31.000000 -5.000000
v 13.000000 33.000000 -9.000000
v 13.000000 33.000000 9.000000
v 13.000000 31.000000 5.000000
v 13.000000 31.000000 9.000000
v 13.000000 33.000000 5.000000
v 13.000000 19.000000 15.000000
v 13.000000 15.000000 13.000000
v 13.000000 15.000000 15.000000
v 13.000000 19.000000 13.000000
v -9.000000 43.000000 13.000000
v -9.000000 41.000000 9.000000
v -9.000000 39.000000 13.000000
v -9.000000 39.000000 9.000000
v -9.000000 43.000000 9.000000
v -9.000000 43.000000 -11.000000
v -9.000000 41.000000 -13.000000
v -9.000000 41.000000 -11.000000
v -9.000000 43.000000 -13.000000
v -9.000000 41.000000 -15.000000
v -9.000000 39.000000 -19.000000
v -9.000000 39.000000 -15.000000
v -9.000000 41.000000 -19.000000
v -9.000000 33.000000 -19.000000
v -9.000000 31.000000 -21.000000
v -9.000000 31.000000 -19.000000
v -9.000000 33.000000 -21.000000
v -9.000000 33.000000 -15.000000
v -9.000000 15.000000 -17.000000
v -9.000000 15.000000 -15.000000
v -9.000000 33.000000 -17.000000
v -9.000000 33.000000 17.000000
v -9.000000 33.000000 15.000000
v -9.000000 15.000000 15.000000
v -9.000000 33.000000 21.000000
v -9.000000 31.000000 19.000000
v -9.000000 31.000000 21.000000
v -9.000000 33.000000 19.000000
v 15.000000 43.000000 15.000000
v 15.000000 41.000000 13.000000
v 15.000000 37.000000 15.000000
v 15.000000 39.000000 13.000000
v 15.000000 43.000000 13.000000
v 15.000000 37.000000 13.000000
v 15.000000 39.000000 11.000000
v 15.000000 41.000000 11.000000
v 15.000000 43.000000 -11.000000
v 15.000000 41.000000 -13.000000
v 15.000000 41.000000 -11.000000
v 15.000000 43.000000 -15.000000
v 15.000000 37.000000 -15.000000
v 15.000000 37.000000 -13.000000
v 15.000000 37.000000 -17.000000
v 15.000000 35.000000 -19.000000
v 15.000000 35.000000 -17.000000
v 15.000000 37.000000 -19.000000
v 15.000000 37.000000 19.000000
v 15.000000 35.000000 17.000000
v 15.000000 35.000000 19.000000
v 15.000000 37.000000 17.000000
v 15.000000 33.000000 5.000000
v 15.000000 31.000000 -5.000000
v 15.000000 31.000000 5.000000
v 15.000000 33.000000 -5.000000
v 15.000000 15.000000 -13.000000
v 15.000000 19.000000 -13.000000
v 15.000000 1.000000 -21.000000
v 15.000000 -1.000000 -23.000000
v 15.000000 -1.000000 -21.000000
v 15.000000 1.000000 -23.000000
v -11.000000 43.000000 15.000000
v -11.000000 39.000000 13.000000
v -11.000000 39.000000 15.000000
v -11.000000 43.000000 13.000000
v -11.000000 43.000000 1.000000
v -11.000000 41.000000 -1.000000
v -11.000000 41.000000 1.000000
v -11.000000 43.000000 -1.000000
v -11.000000 43.000000 -13.000000
v -11.000000 41.000000 -15.000000
v -11.000000 41.000000 -13.000000
v -11.000000 43.000000 -15.000000
v -11.000000 39.000000 -3.000000
v -11.000000 39.000000 -1.000000
v -11.000000 41.000000 -3.000000
v -11.000000 19.000000 -13.000000
v -11.000000 15.000000 -13.000000
v 17.000000 41.000000 -7.000000
v 17.000000 39.000000 -9.000000
v 17.000000 39.000000 -7.000000
v 17.000000 41.000000 -9.000000
v 17.000000 41.000000 -11.000000
v 17.000000 37.000000 -13.000000
v 17.000000 37.000000 -11.000000
v 17.000000 41.000000 -13.000000
v 17.000000 39.000000 13.000000
v 17.000000 37.000000 11.000000
v 17.000000 37.000000 13.000000
v 17.000000 39.000000 11.000000
v 17.000000 35.000000 -15.000000
v 17.000000 37.000000 -15.000000
v 17.000000 37.000000 -17.000000
v 17.000000 31.000000 -17.000000
v 17.000000 33.000000 -15.000000
v 17.000000 31.000000 -15.000000
v 17.000000 35.000000 -13.000000
v 17.000000 33.000000 -13.000000
v 17.000000 37.000000 17.000000
v 17.000000 35.000000 15.000000
v 17.000000 31.000000 17.000000
v 17.000000 33.000000 15.000000
v 17.000000 37.000000 15.000000
v 17.000000 31.000000 15.000000
v 17.000000 33.000000 13.000000
v 17.000000 35.000000 13.000000
v 17.000000 33.000000 -9.000000
v 17.000000 15.000000 -11.000000
v 17.000000 15.000000 -9.000000
v 17.000000 33.000000 -11.000000
v 17.000000 33.000000 11.000000
v 17.000000 15.000000 11.000000
v 17.000000 33.000000 9.000000
v 17.000000 1.000000 23.000000
v 17.000000 -1.000000 21.000000
v 17.000000 -1.000000 23.000000
v 17.000000 1.000000 21.000000
v -13.000000 19.000000 13.000000
v -13.000000 15.000000 11.000000
v -13.000000 15.000000 13.000000
v -13.000000 19.000000 11.000000
v 19.000000 39.000000 -9.000000
v 19.000000 41.000000 -9.000000
v 19.000000 41.000000 -11.000000
v 19.000000 37.000000 -11.000000
v 19.000000 37.000000 -7.000000
v 19.000000 39.000000 -7.000000
v 19.000000 39.000000 11.000000
v 19.000000 37.000000 7.000000
v 19.000000 37.000000 11.000000
v 19.000000 39.000000 7.000000
v 19.000000 35.000000 -13.000000
v 19.000000 33.000000 -13.000000
v 19.000000 37.000000 -15.000000
v 19.000000 35.000000 -15.000000
v 19.000000 37.000000 15.000000
v 19.000000 35.000000 13.000000
v 19.000000 35.000000 15.000000
v 19.000000 33.000000 13.000000
v 19.000000 33.000000 1.000000
v 19.000000 19.000000 -1.000000
v 19.000000 15.000000 1.000000
v 19.000000 15.000000 -3.000000
v 19.000000 33.000000 -1.000000
v 19.000000 19.000000 -3.000000
v 19.000000 19.000000 9.000000
v 19.000000 15.000000 7.000000
v 19.000000 15.000000 9.000000
v 19.000000 19.000000 7.000000
v -15.000000 41.000000 -3.000000
v -15.000000 39.000000 -5.000000
v -15.000000 39.000000 -3.000000
v -15.000000 41.000000 -5.000000
v -15.000000 33.000000 -15.000000
v -15.000000 31.000000 -17.000000
v -15.000000 31.000000 -15.000000
v -15.000000 33.000000 -17.000000
v -15.000000 33.000000 -9.000000
v -15.000000 15.000000 -11.000000
v -15.000000 15.000000 -9.000000
v -15.000000 33.000000 -11.000000
v -15.000000 33.000000 11.000000
v -15.000000 33.000000 9.000000
v -15.000000 15.000000 9.000000
v -15.000000 33.000000 17.000000
v -15.000000 31.000000 15.000000
v -15.000000 31.000000 17.000000
v -15.000000 33.000000 15.000000
v 21.000000 41.000000 1.000000
v 21.000000 43.000000 1.000000
v 21.000000 43.000000 -1.000000
v 21.000000 39.000000 -1.000000
v 21.000000 37.000000 7.000000
v 21.000000 37.000000 -7.000000
v 21.000000 41.000000 7.000000
v 21.000000 39.000000 -7.000000
v 21.000000 35.000000 -7.000000
v 21.000000 37.000000 -11.000000
v 21.000000 33.000000 -9.000000
v 21.000000 31.000000 -11.000000
v 21.000000 33.000000 -5.000000
v 21.000000 31.000000 -9.000000
v 21.000000 35.000000 -5.000000
v 21.000000 37.000000 11.000000
v 21.000000 33.000000 9.000000
v 21.000000 31.000000 11.000000
v 21.000000 31.000000 9.000000
v 21.000000 35.000000 7.000000
v 21.000000 33.000000 5.000000
v 21.000000 35.000000 5.000000
v 21.000000 1.000000 -15.000000
v 21.000000 -1.000000 -21.000000
v 21.000000 -1.000000 -15.000000
v 21.000000 1.000000 -21.000000
v 21.000000 1.000000 21.000000
v 21.000000 -1.000000 17.000000
v 21.000000 -1.000000 21.000000
v 21.000000 1.000000 17.000000
v -17.000000 19.000000 1.000000
v -17.000000 33.000000 1.000000
v -17.000000 33.000000 -1.000000
v -17.000000 15.000000 -1.000000
v -17.000000 15.000000 3.000000
v -17.000000 19.000000 3.000000
v -17.000000 19.000000 -7.000000
v -17.000000 15.000000 -7.000000
v 23.000000 37.000000 7.000000
v 23.000000 35.000000 5.000000
v 23.000000 35.000000 7.000000
v 23.000000 35.000000 3.000000
v 23.000000 37.000000 -7.000000
v 23.000000 33.000000 3.000000
v 23.000000 35.000000 -3.000000
v 23.000000 33.000000 5.000000
v 23.000000 35.000000 -5.000000
v 23.000000 33.000000 -5.000000
v 23.000000 35.000000 -7.000000
v 23.000000 33.000000 -3.000000
v 23.000000 1.000000 17.000000
v 23.000000 -1.000000 -15.000000
v 23.000000 -1.000000 17.000000
v 23.000000 1.000000 -15.000000
v -19.000000 31.000000 9.000000
v -19.000000 31.000000 11.000000
v -19.000000 33.000000 9.000000
v -19.000000 33.000000 -9.000000
v -19.000000 31.000000 -11.000000
v -19.000000 31.000000 -9.000000
v 25.000000 35.000000 3.000000
v 25.000000 31.000000 -3.000000
v 25.000000 31.000000 3.000000
v 25.000000 35.000000 -3.000000
v -21.000000 33.000000 3.000000
v -21.000000 31.000000 -3.000000
v -21.000000 31.000000 3.000000
v -21.000000 33.000000 -3.000000
vn -0.3015 0.9045 -0.3015
vn -0.5773 0.5773 -0.5774
vn -0.5774 0.5773 0.5774
vn -0.3015 0.9045 0.3015
vn -0.5773 0.5774 -0.5774
vn -0.9045 0.3015 0.3015
vn -0.5773 0.5773 0.5774
vn -0.5774 0.5773 -0.5773
vn -0.3015 0.3015 -0.9045
vn -0.5774 0.5774 -0.5774
vn -0.5773 0.5774 0.5774
vn -0.3015 -0.9045 0.3015
vn -0.3015 0.3015 0.9045
vn -0.3015 -0.9045 -0.3015
vn -0.5774 -0.5773 -0.5773
vn -0.5774 -0.5774 0.5773
vn -0.5774 -0.5774 -0.5773
vn -0.5773 -0.5773 -0.5774
vn -0.3015 -0.3015 -0.9045
vn -0.3015 -0.3015 0.9045
vn -0.5773 -0.5774 0.5773
vn -0.5774 -0.5774 0.5774
vn -0.5773 -0.5774 -0.5773
vn -0.5774 0.5774 0.5773
vn -0.5773 0.5774 -0.5773
vn -0.0000 1.0000 -0.0000
vn -0.5774 0.5773 0.5773
vn -0.9045 -0.3015 -0.3015
vn -0.5774 0.5773 -0.5774
vn -0.5774 -0.5773 0.5773
vn -0.9045 -0.3015 0.3015
vn -0.5774 -0.5773 -0.5774
vn -0.5774 -0.5773 0.5774
vn -0.5774 -0.5774 -0.5774
vn -0.5773 0.5774 0.5773
vn -0.5774 0.5774 -0.5773
vn -0.9045 0.3015 -0.3015
vn -0.5774 0.5774 0.5774
vn -0.0000 0.7071 -0.7071
vn -0.7071 0.7071 -0.0000
vn -0.5773 -0.5774 0.5774
vn -0.0000 -1.0000 -0.0000
vn -0.5773 -0.5774 -0.5774
vn 0.5773 0.5774 0.5773
vn 0.5773 0.5774 -0.5773
vn -0.7071 -0.7071 -0.0000
vn -0.0000 0.7071 0.7071
vn -0.5773 -0.5773 0.5774
vn -0.0000 -0.7071 -0.7071
vn -0.0000 -0.7071 0.7071
vn 0.9045 0.3015 -0.3015
vn 0.3015 0.3015 0.9045
vn 0.5774 0.5773 -0.5774
vn 0.3015 0.9045 0.3015
vn 0.5774 0.5774 0.5773
vn 0.3015 0.9045 -0.3015
vn 0.5774 0.5774 -0.5774
vn 0.5773 0.5774 0.5774
vn 0.5773 0.5773 0.5774
vn 0.3015 -0.9045 0.3015
vn 0.5774 -0.5774 -0.5773
vn 0.5774 -0.5773 0.5773
vn 0.3015 -0.9045 -0.3015
vn 0.3015 0.3015 -0.9045
vn 0.5774 -0.5773 -0.5774
vn 0.5773 -0.5774 -0.5773
vn 0.3015 -0.3015 -0.9045
vn 0.3015 -0.3015 0.9045
vn 0.5773 -0.5774 0.5774
vn 0.5773 -0.5774 -0.5774
vn 0.5773 -0.5774 0.5773
vn 0.9045 -0.3015 -0.3015
vn 0.5774 0.5773 -0.5773
vn 0.5774 -0.5773 -0.5773
vn 0.5774 -0.5774 0.5773
vn 0.5774 0.5773 0.5773
vn 0.9045 -0.3015 0.3015
vn 0.5773 -0.5773 -0.5774
vn 0.5774 -0.5774 -0.5774
vn 0.5774 -0.5773 0.5774
vn 0.5773 -0.5773 0.5774
vn 0.5774 0.5773 0.5774
vn 0.5774 0.5774 -0.5773
vn 0.9045 0.3015 0.3015
vn 0.5773 0.5773 -0.5774
vn 0.7071 -0.7071 -0.0000
vn 0.5773 0.5774 -0.5774
vn 0.5774 -0.5774 0.5774
vn 0.5774 0.5774 0.5774
vn 0.7071 0.7071 -0.0000
vt 0.156261 0.937489
vt 0.171853 0.937489
vt 0.156261 0.921897
vt 0.281261 0.937489
vt 0.296853 0.937489
vt 0.281261 0.921897
vt 0.062511 0.546864
vt 0.078103 0.546864
vt 0.062511 0.531272
vt 0.109386 0.843739
vt 0.124978 0.843739
vt 0.109386 0.828147
vt 0.015636 0.703114
vt 0.031228 0.703114
vt 0.015636 0.687522
vt 0.078143 0.859383
vt 0.093750 0.874984
vt 0.109357 0.859383
vt 0.078143 0.874992
vt 0.109357 0.874992
vt 0.093750 0.859391
vt 0.029029 0.859386
vt 0.033487 0.874979
vt 0.046859 0.859386
vt 0.052068 0.531246
vt 0.020841 0.500019
vt 0.020841 0.546860
vt 0.015638 0.859392
vt 0.015638 0.874991
vt 0.046849 0.874991
vt 0.028141 0.468789
vt 0.028141 0.484375
vt 0.046844 0.499961
vt 0.046859 0.874989
vt 0.033487 0.859396
vt 0.029029 0.874989
vt 0.046849 0.859384
vt 0.015638 0.859384
vt 0.015638 0.874983
vt 0.343761 0.953114
vt 0.359353 0.953114
vt 0.343761 0.937522
vt 0.359362 0.984353
vt 0.359362 0.968758
vt 0.343777 0.965639
vt 0.359364 0.903136
vt 0.343773 0.906257
vt 0.359364 0.924982
vt 0.015634 0.906276
vt 0.015634 0.937487
vt 0.031233 0.937487
vt 0.109357 0.937492
vt 0.093746 0.921890
vt 0.062522 0.937492
vt 0.062522 0.921883
vt 0.093746 0.937485
vt 0.109357 0.921883
vt 0.015642 0.937487
vt 0.031241 0.937487
vt 0.031241 0.906276
vt 0.109353 0.937492
vt 0.078129 0.921890
vt 0.062518 0.937492
vt 0.015641 0.921875
vt 0.015641 0.906285
vt 0.031219 0.937465
vt 0.062518 0.921883
vt 0.078129 0.937485
vt 0.109353 0.921883
vt 0.031234 0.906285
vt 0.031234 0.921875
vt 0.015656 0.937465
vt 0.343761 0.734386
vt 0.343761 0.749978
vt 0.359353 0.734386
vt 0.031266 0.921875
vt 0.046875 0.937484
vt 0.062484 0.906266
vt 0.093758 0.828107
vt 0.109359 0.812500
vt 0.093758 0.796893
vt 0.093766 0.812500
vt 0.109367 0.828107
vt 0.109367 0.796893
vt 0.109387 0.906270
vt 0.156226 0.937490
vt 0.109387 0.937490
vt 0.062488 0.906269
vt 0.062488 0.929678
vt 0.031275 0.929678
vt 0.015640 0.747600
vt 0.343720 0.747600
vt 0.015640 0.766819
vt 0.015647 0.578146
vt 0.296867 0.874987
vt 0.343737 0.828117
vt 0.028853 0.781276
vt 0.051667 0.812487
vt 0.026451 0.812487
vt 0.078149 0.453139
vt 0.359363 0.749977
vt 0.359363 0.484385
vt 0.328142 0.734361
vt 0.345826 0.734361
vt 0.347907 0.703153
vt 0.345975 0.734361
vt 0.328142 0.734361
vt 0.348204 0.703153
vt 0.125003 0.796897
vt 0.140611 0.828114
vt 0.117199 0.828114
vt 0.109358 0.796888
vt 0.093759 0.828099
vt 0.093759 0.796888
vt 0.187516 0.890609
vt 0.187516 0.882812
vt 0.218719 0.875016
vt 0.218724 0.875009
vt 0.187513 0.890608
vt 0.187513 0.875009
vt 0.187478 0.890614
vt 0.171886 0.890614
vt 0.171886 0.875022
vt 0.218737 0.890616
vt 0.187526 0.890616
vt 0.218737 0.875017
vt 0.109366 0.796888
vt 0.109366 0.828099
vt 0.093767 0.796888
vt 0.187516 0.875016
vt 0.218719 0.890609
vt 0.187513 0.890616
vt 0.187513 0.875017
vt 0.218724 0.890616
vt 0.187484 0.906250
vt 0.171883 0.921857
vt 0.171883 0.890643
vt 0.171891 0.906250
vt 0.187492 0.890643
vt 0.187492 0.921857
vt 0.218737 0.890608
vt 0.187526 0.875009
vt 0.218737 0.875009
vt 0.187523 0.880211
vt 0.218738 0.875010
vt 0.218738 0.890612
vt 0.171891 0.859375
vt 0.171891 0.874977
vt 0.203094 0.843773
vt 0.187523 0.885414
vt 0.218738 0.875013
vt 0.218738 0.890615
vt 0.171859 0.812523
vt 0.171859 0.828125
vt 0.140656 0.843727
vt 0.109362 0.874991
vt 0.109362 0.859392
vt 0.078151 0.874991
vt 0.125000 0.843766
vt 0.140609 0.874984
vt 0.109391 0.859375
vt 0.078151 0.859384
vt 0.109362 0.874983
vt 0.109362 0.859384
vt 0.054678 0.906275
vt 0.031269 0.937487
vt 0.054678 0.937487
vt 0.234403 0.753350
vt 0.343736 0.747775
vt 0.343736 0.765616
vt 0.346324 0.720293
vt 0.328140 0.714059
vt 0.328140 0.703148
vt 0.328145 0.703145
vt 0.343745 0.724985
vt 0.349985 0.718745
vt 0.031266 0.601564
vt 0.054689 0.578141
vt 0.085920 0.632795
vt 0.124988 0.459391
vt 0.124988 0.462510
vt 0.109398 0.484349
vt 0.328148 0.703140
vt 0.339059 0.703140
vt 0.345293 0.721324
vt 0.359361 0.747923
vt 0.234403 0.753127
vt 0.359361 0.765616
vt 0.234391 0.765616
vt 0.234391 0.754689
vt 0.359344 0.746883
vt 0.124977 0.484349
vt 0.109387 0.462510
vt 0.109387 0.459391
vt 0.031228 0.908861
vt 0.015636 0.906261
vt 0.015636 0.924461
vt 0.015645 0.924980
vt 0.031230 0.912504
vt 0.023438 0.906266
vt 0.031234 0.916667
vt 0.026038 0.906268
vt 0.015645 0.927066
vt 0.273422 0.906269
vt 0.250019 0.921871
vt 0.265621 0.929672
vt 0.031230 0.921870
vt 0.015635 0.927071
vt 0.015635 0.906267
vt 0.015654 0.929666
vt 0.031235 0.921870
vt 0.031235 0.906277
vt 0.031241 0.937474
vt 0.031241 0.906263
vt 0.015642 0.906263
vt 0.026038 0.906265
vt 0.015644 0.925764
vt 0.031235 0.914065
vt 0.031229 0.911463
vt 0.015646 0.924458
vt 0.031228 0.908489
vt 0.015636 0.906261
vt 0.015636 0.924089
vt 0.031239 0.906261
vt 0.031239 0.924461
vt 0.015647 0.908861
vt 0.031230 0.924980
vt 0.015645 0.912504
vt 0.020837 0.906265
vt 0.031230 0.927062
vt 0.015641 0.911464
vt 0.031221 0.929666
vt 0.015640 0.921870
vt 0.015640 0.906277
vt 0.031233 0.906263
vt 0.015634 0.937474
vt 0.015634 0.906263
vt 0.265622 0.937481
vt 0.273425 0.906269
vt 0.250016 0.921875
vt 0.031241 0.929675
vt 0.031241 0.906266
vt 0.015642 0.921872
vt 0.015633 0.906268
vt 0.015633 0.937482
vt 0.281231 0.914075
vt 0.265625 0.937484
vt 0.250019 0.921878
vt 0.015634 0.906266
vt 0.031233 0.921872
vt 0.015634 0.929675
vt 0.031239 0.923812
vt 0.015647 0.910161
vt 0.031239 0.906261
vt 0.031229 0.924458
vt 0.015646 0.911463
vt 0.031231 0.925764
vt 0.015640 0.914065
vt 0.020837 0.906265
vt 0.015640 0.541659
vt 0.031254 0.510432
vt 0.062481 0.541659
vt 0.046836 0.487484
vt 0.031250 0.487484
vt 0.015664 0.468781
vt 0.359364 0.924989
vt 0.343773 0.921868
vt 0.359364 0.903143
vt 0.046875 0.906266
vt 0.031266 0.937484
vt 0.062484 0.921875
s 1
usemtl lambert0.001
f 1/1/1 2/2/1 3/3/2
f 1/1/1 4/2/2 2/3/1
f 5/4/3 6/5/1 7/6/4
f 5/4/3 8/5/5 6/6/1
f 9/1/6 10/2/7 11/3/8
f 12/1/9 9/2/6 11/3/8
f 13/1/10 9/2/6 12/3/9
f 13/1/10 14/2/1 9/3/6
f 15/1/1 16/2/11 17/3/2
f 15/1/1 18/2/4 16/3/11
f 19/7/12 20/8/9 21/9/13
f 19/7/12 22/8/14 20/9/9
f 23/7/12 24/8/15 25/9/16
f 23/7/12 26/8/14 24/9/15
f 27/10/17 28/11/17 29/12/18
f 27/10/17 30/11/19 28/12/17
f 31/10/20 32/11/21 33/12/22
f 31/10/20 34/11/22 32/12/21
f 35/13/23 36/14/23 37/15/19
f 35/13/23 29/14/18 36/15/23
f 32/13/21 38/14/20 39/15/22
f 32/13/21 40/14/22 38/15/20
f 41/1/24 42/2/1 43/3/13
f 41/1/24 44/2/2 42/3/1
f 45/1/1 46/2/3 47/3/25
f 45/1/1 48/2/4 46/3/3
f 49/1/26 50/2/27 51/3/26
f 49/1/26 52/2/4 50/3/27
f 53/1/1 54/2/1 55/3/2
f 53/1/1 56/2/2 54/3/1
f 57/1/28 58/2/9 59/3/29
f 60/1/15 57/2/28 59/3/29
f 61/1/30 57/2/28 60/3/15
f 61/1/30 62/2/12 57/3/28
f 63/1/27 64/2/31 65/3/30
f 64/1/31 66/2/15 65/3/30
f 63/1/27 67/2/13 64/3/31
f 64/1/31 68/2/14 66/3/15
f 69/16/32 70/17/28 71/18/32
f 70/10/28 72/11/23 71/12/32
f 69/19/32 73/20/14 70/21/28
f 73/10/14 74/11/23 70/12/28
f 75/10/12 76/11/31 77/12/22
f 75/20/12 78/19/33 76/21/31
f 76/21/31 78/19/33 79/20/21
f 76/10/31 79/11/21 80/12/22
f 79/22/21 81/23/31 82/24/4
f 81/25/31 83/26/1 82/27/4
f 79/28/21 84/29/22 81/30/31
f 81/31/31 85/32/28 83/33/1
f 83/34/1 85/35/28 71/36/32
f 85/37/28 86/38/23 71/39/32
f 87/7/11 88/8/34 89/9/16
f 87/7/11 90/8/25 88/9/34
f 91/1/3 92/2/3 93/3/4
f 91/1/3 94/2/4 92/3/3
f 95/1/11 96/2/7 97/3/4
f 95/1/11 98/2/4 96/3/7
f 99/1/1 100/2/1 101/3/2
f 99/1/1 102/2/2 100/3/1
f 103/1/35 104/2/1 105/3/13
f 103/1/35 106/2/2 104/3/1
f 107/1/3 108/2/3 109/3/4
f 107/1/3 110/2/4 108/3/3
f 111/1/17 112/2/17 113/3/14
f 111/1/17 114/2/19 112/3/17
f 115/1/20 116/2/12 117/3/22
f 115/1/20 118/2/22 116/3/12
f 119/13/15 120/14/15 121/15/14
f 119/13/15 122/14/14 120/15/15
f 123/13/12 124/14/12 125/15/22
f 123/13/12 126/14/22 124/15/12
f 127/10/15 128/11/15 129/12/14
f 127/10/15 130/11/14 128/12/15
f 131/10/12 132/11/12 133/12/21
f 131/10/12 134/11/22 132/12/12
f 135/10/17 136/11/17 137/12/18
f 135/10/17 138/11/19 136/12/17
f 139/10/20 140/11/21 141/12/22
f 139/10/20 142/11/22 140/12/21
f 140/10/21 143/11/23 144/12/22
f 140/10/21 137/11/18 143/12/23
f 145/40/1 146/41/9 147/42/5
f 145/40/1 148/41/36 146/42/9
f 149/40/27 150/41/3 151/42/13
f 149/40/27 152/41/4 150/42/3
f 153/1/1 154/2/1 155/3/36
f 153/1/1 156/2/25 154/3/1
f 157/1/3 158/2/3 159/3/4
f 157/1/3 160/2/4 158/3/3
f 161/1/1 162/2/8 163/3/2
f 161/1/1 164/2/10 162/3/8
f 165/1/27 166/2/27 167/3/3
f 165/1/27 168/2/4 166/3/27
f 162/1/8 169/2/17 170/3/19
f 162/1/8 171/2/36 169/3/17
f 172/1/27 173/2/20 174/3/22
f 172/1/27 167/2/3 173/3/20
f 175/10/15 176/11/15 177/12/14
f 175/10/15 178/11/14 176/12/15
f 179/10/12 180/11/12 181/12/22
f 179/10/12 182/11/22 180/12/12
f 183/10/12 184/11/31 185/12/22
f 183/10/12 186/11/14 184/12/31
f 186/10/14 187/11/28 184/12/31
f 184/10/31 187/11/28 188/12/17
f 186/10/14 189/11/23 187/12/28
f 184/10/31 188/11/17 190/12/22
f 191/40/7 192/41/37 193/42/6
f 193/43/6 192/44/37 194/45/1
f 191/40/7 195/41/2 192/42/37
f 192/40/37 196/41/25 194/42/1
f 197/46/4 193/47/6 194/48/1
f 197/40/4 198/41/38 193/42/6
f 199/1/3 200/2/39 201/3/4
f 199/1/3 202/2/25 200/3/39
f 203/1/40 204/2/7 205/3/36
f 206/1/1 203/2/40 205/3/36
f 203/1/40 206/2/1 207/3/2
f 208/1/7 209/2/7 210/3/4
f 208/1/7 211/2/4 209/3/7
f 212/7/35 213/8/23 214/9/22
f 212/7/35 215/8/25 213/9/23
f 216/1/3 217/2/3 218/3/4
f 216/1/3 219/2/26 217/3/3
f 220/1/26 221/2/1 222/3/36
f 220/1/26 223/2/36 221/3/1
f 224/1/35 225/2/7 226/3/13
f 224/1/35 227/2/4 225/3/7
f 228/1/12 229/2/17 230/3/22
f 228/1/12 231/2/19 229/3/17
f 232/7/12 233/8/25 234/9/41
f 233/7/25 235/8/42 234/9/41
f 232/7/12 236/8/14 233/9/25
f 237/7/12 238/8/23 239/9/22
f 237/7/12 240/8/14 238/9/23
f 241/1/20 242/2/17 243/3/22
f 241/1/20 244/2/14 242/3/17
f 245/1/3 246/2/27 247/3/4
f 245/1/3 248/2/13 246/3/27
f 249/13/15 250/14/15 251/15/14
f 249/13/15 252/14/14 250/15/15
f 253/13/12 254/14/12 255/15/22
f 253/13/12 256/14/22 254/15/12
f 257/10/12 258/11/43 259/12/21
f 257/10/12 260/11/14 258/12/43
f 261/7/35 262/8/42 263/9/22
f 261/7/35 264/8/44 262/9/42
f 265/1/3 266/2/26 267/3/4
f 265/1/3 268/2/26 266/3/26
f 269/1/27 270/2/9 271/3/4
f 269/1/27 272/2/29 270/3/9
f 273/1/1 274/2/1 275/3/36
f 273/1/1 276/2/25 274/3/1
f 277/7/45 278/8/23 279/9/42
f 277/7/45 280/8/25 278/9/23
f 281/1/1 282/2/1 283/3/2
f 281/1/1 284/2/2 282/3/1
f 285/1/11 286/2/35 287/3/4
f 285/1/11 288/2/4 286/3/35
f 289/1/1 290/2/5 291/3/36
f 289/1/1 292/2/2 290/3/5
f 293/1/1 294/2/1 295/3/36
f 293/1/1 296/2/8 294/3/1
f 297/1/27 298/2/3 299/3/7
f 297/1/27 300/2/4 298/3/3
f 301/49/46 290/50/5 302/51/2
f 303/52/34 301/53/46 302/54/2
f 301/1/46 303/2/34 304/3/22
f 305/55/11 306/56/46 307/57/33
f 306/1/46 308/2/23 307/3/33
f 305/58/11 299/59/7 306/60/46
f 309/7/35 310/8/12 311/9/14
f 312/7/23 309/8/35 311/9/14
f 309/7/35 312/8/23 313/9/42
f 314/13/15 315/14/15 316/15/14
f 314/13/15 317/14/14 315/15/15
f 318/13/12 319/14/12 320/15/22
f 318/13/12 321/14/22 319/15/12
f 322/7/12 323/8/23 324/9/16
f 322/7/12 325/8/14 323/9/23
f 326/1/1 327/2/1 328/3/2
f 326/1/1 329/2/5 327/3/1
f 330/1/35 331/2/35 332/3/4
f 330/1/35 333/2/4 331/3/35
f 334/1/9 335/2/1 336/3/25
f 334/1/9 337/2/25 335/3/1
f 338/1/3 339/2/27 340/3/4
f 338/1/3 341/2/13 339/3/27
f 342/1/17 343/2/17 344/3/14
f 342/1/17 345/2/19 343/3/17
f 346/1/20 347/2/12 348/3/22
f 346/1/20 349/2/22 347/3/12
f 350/13/18 351/14/43 352/15/14
f 350/13/18 353/14/14 351/15/43
f 354/13/12 355/14/12 356/15/22
f 354/13/12 357/14/22 355/15/12
f 358/7/35 359/8/23 360/9/22
f 358/7/35 361/8/25 359/9/23
f 362/1/27 363/2/26 364/3/47
f 362/1/27 365/2/26 363/3/26
f 366/1/1 367/2/39 368/3/36
f 366/1/1 369/2/10 367/3/39
f 370/1/27 371/2/27 372/3/4
f 370/1/27 373/2/4 371/3/27
f 374/7/35 375/8/23 376/9/22
f 374/7/35 377/8/25 375/9/23
f 378/1/24 379/2/40 380/3/4
f 379/1/40 381/2/24 380/3/4
f 378/1/24 382/2/2 379/3/40
f 383/1/40 384/2/24 385/3/5
f 386/1/1 383/2/40 385/3/5
f 383/1/40 386/2/1 387/3/5
f 388/1/1 389/2/1 390/3/8
f 388/1/1 391/2/8 389/3/1
f 392/1/1 393/2/17 394/3/19
f 392/1/1 395/2/5 393/3/17
f 396/1/38 397/2/20 398/3/22
f 396/1/38 399/2/4 397/3/20
f 400/13/12 401/14/18 402/15/22
f 400/13/12 403/14/14 401/15/18
f 404/7/35 405/8/42 406/9/22
f 404/7/35 407/8/44 405/9/42
f 408/1/20 409/2/17 410/3/22
f 408/1/20 411/2/14 409/3/17
f 412/7/12 413/8/23 414/9/22
f 412/7/12 415/8/14 413/9/23
f 416/7/12 417/8/25 418/9/41
f 417/7/25 419/8/42 418/9/41
f 416/7/12 420/8/14 417/9/25
f 421/1/12 422/2/17 423/3/22
f 421/1/12 424/2/19 422/3/17
f 425/1/3 426/2/27 427/3/4
f 425/1/3 428/2/4 426/3/27
f 429/7/12 430/8/37 431/9/41
f 430/7/37 432/8/18 431/9/41
f 429/7/12 433/8/14 430/9/37
f 430/7/37 434/8/25 432/9/18
f 435/7/45 436/8/23 437/9/42
f 435/7/45 438/8/25 436/9/23
f 439/1/35 440/2/35 441/3/4
f 439/1/35 442/2/4 440/3/35
f 443/1/1 444/2/1 445/3/2
f 443/1/1 446/2/2 444/3/1
f 447/1/28 448/2/1 449/3/36
f 450/61/43 447/62/28 449/63/36
f 451/64/31 447/65/28 450/66/43
f 451/1/31 450/2/43 452/3/22
f 453/1/17 447/2/28 451/3/31
f 453/1/17 451/2/31 454/3/14
f 455/67/27 456/68/31 457/69/48
f 456/70/31 458/71/28 457/72/48
f 455/1/27 459/2/4 456/3/31
f 458/1/28 460/2/23 457/3/48
f 456/1/31 461/2/12 458/3/28
f 456/1/31 462/2/22 461/3/12
f 463/7/35 464/8/12 465/9/14
f 466/7/23 463/8/35 465/9/14
f 463/7/35 466/8/23 467/9/42
f 468/7/12 469/8/23 470/9/16
f 468/7/12 471/8/14 469/9/23
f 472/73/1 473/74/15 474/75/14
f 472/73/1 475/74/5 473/75/15
f 476/73/27 477/74/12 478/75/22
f 476/73/27 479/74/4 477/75/12
f 480/1/27 481/2/37 482/3/27
f 481/1/37 483/2/3 482/3/27
f 480/1/27 484/2/25 481/3/37
f 481/1/37 485/2/4 483/3/3
f 486/1/1 487/2/25 488/3/2
f 486/1/1 489/2/2 487/3/25
f 487/1/25 490/2/28 491/3/49
f 490/1/28 492/2/23 491/3/49
f 487/1/25 493/2/10 490/3/28
f 493/1/10 494/2/23 490/3/28
f 495/1/38 496/2/31 497/3/22
f 495/1/38 482/2/27 496/3/31
f 496/1/31 482/2/27 498/3/50
f 496/1/31 498/2/50 499/3/22
f 500/7/6 501/8/12 502/9/14
f 503/7/18 500/8/6 502/9/14
f 504/7/41 500/8/6 503/9/18
f 504/7/41 505/8/24 500/9/6
f 506/7/35 507/8/23 508/9/22
f 506/7/35 509/8/25 507/9/23
f 510/1/50 511/2/17 512/3/22
f 510/1/50 513/2/14 511/3/17
f 514/1/12 515/2/17 516/3/22
f 514/1/12 517/2/49 515/3/17
f 518/1/27 519/2/37 520/3/6
f 519/1/37 521/2/37 520/3/6
f 518/1/27 522/2/8 519/3/37
f 520/1/6 521/2/37 523/3/8
f 519/1/37 524/2/8 521/3/37
f 521/1/37 525/2/2 523/3/8
f 526/1/7 520/2/6 523/3/8
f 526/1/7 527/2/7 520/3/6
f 528/1/28 523/2/8 529/3/8
f 530/76/31 528/77/28 529/78/8
f 530/53/31 529/54/8 531/52/34
f 532/79/14 528/80/28 530/81/31
f 530/1/31 531/2/34 533/3/22
f 532/10/14 534/11/23 528/12/28
f 535/55/24 536/56/28 537/57/33
f 536/1/28 538/2/23 537/3/33
f 535/78/24 539/77/31 536/76/28
f 539/82/31 540/83/12 536/84/28
f 535/1/24 526/2/7 539/3/31
f 539/10/31 541/11/22 540/12/12
f 542/73/1 543/74/43 544/75/14
f 542/73/1 545/74/36 543/75/43
f 546/73/35 547/74/12 548/75/22
f 546/73/35 549/74/4 547/75/12
f 550/1/12 551/2/43 552/3/48
f 550/1/12 553/2/14 551/3/43
f 554/1/7 555/2/31 556/3/22
f 555/1/31 554/2/7 557/3/6
f 554/1/7 558/2/2 557/3/6
f 555/1/31 557/2/6 559/3/20
f 558/1/2 560/2/37 557/3/6
f 555/1/31 559/2/20 561/3/22
f 558/1/2 562/2/28 560/3/37
f 560/1/37 562/2/28 563/3/17
f 558/1/2 564/2/23 562/3/28
f 560/1/37 563/2/17 565/3/19
f 566/73/7 567/74/17 568/75/22
f 566/73/7 569/74/2 567/75/17
f 570/85/7 571/86/18 572/87/48
f 570/88/7 573/89/2 571/90/18
f 575/2/51 574/1/44 576/3/52
f 577/2/44 575/1/51 576/3/52
f 578/2/53 574/1/44 575/3/51
f 579/2/54 575/1/51 577/3/44
f 581/5/56 580/4/55 582/6/54
f 583/5/57 580/4/55 581/6/56
f 585/2/59 584/1/58 586/3/54
f 587/2/54 584/1/58 585/3/59
f 589/8/61 588/7/60 590/9/62
f 591/8/63 588/7/60 589/9/61
f 593/8/64 592/7/60 594/9/52
f 595/8/63 592/7/60 593/9/64
f 597/11/65 596/10/65 598/12/66
f 599/11/67 596/10/65 597/12/65
f 601/11/62 600/10/68 602/12/69
f 603/11/69 600/10/68 601/12/62
f 605/14/66 604/13/70 606/15/67
f 598/14/66 604/13/70 605/15/66
f 607/14/68 601/13/62 608/15/71
f 609/14/71 601/13/62 607/15/68
f 611/2/64 610/1/58 612/3/54
f 613/2/53 610/1/58 611/3/64
f 615/2/59 614/1/56 616/3/45
f 617/2/54 614/1/56 615/3/59
f 619/2/64 618/1/72 620/3/73
f 618/2/72 621/1/74 620/3/73
f 618/2/72 622/1/75 621/3/74
f 623/2/60 622/1/75 618/3/72
f 625/2/77 624/1/76 626/3/62
f 627/2/74 625/1/77 626/3/62
f 628/2/52 624/1/76 625/3/77
f 629/2/63 625/1/77 627/3/74
f 631/17/72 630/16/65 632/18/66
f 633/11/78 631/10/72 632/12/66
f 634/20/63 630/19/65 631/21/72
f 635/11/79 634/10/63 631/12/72
f 637/11/77 636/10/60 638/12/71
f 639/19/80 636/20/60 637/21/77
f 639/19/80 637/21/77 640/20/80
f 640/11/80 637/10/77 641/12/69
f 642/23/77 640/22/80 643/24/54
f 644/26/56 642/25/77 643/27/54
f 645/29/71 640/28/80 642/30/77
f 646/32/72 642/31/77 644/33/56
f 646/35/72 644/34/56 632/36/66
f 647/38/61 646/37/72 632/39/66
f 649/8/66 648/7/44 650/9/62
f 651/8/57 648/7/44 649/9/66
f 653/2/55 652/1/56 654/3/57
f 655/2/54 652/1/56 653/3/55
f 657/2/64 656/1/59 658/3/54
f 659/2/53 656/1/59 657/3/64
f 661/2/65 660/1/74 662/3/63
f 663/2/67 660/1/74 661/3/65
f 665/2/60 664/1/68 666/3/69
f 667/2/71 664/1/68 665/3/60
f 669/14/74 668/13/74 670/15/63
f 671/14/63 668/13/74 669/15/74
f 673/14/60 672/13/60 674/15/62
f 675/14/62 672/13/60 673/15/60
f 677/11/61 676/10/65 678/12/63
f 679/11/63 676/10/65 677/12/61
f 681/11/60 680/10/60 682/12/71
f 683/11/81 680/10/60 681/12/60
f 685/11/74 684/10/65 686/12/66
f 687/11/67 684/10/65 685/12/74
f 689/11/62 688/10/68 690/12/71
f 691/11/69 688/10/68 689/12/62
f 692/11/66 689/10/62 693/12/71
f 686/11/66 689/10/62 692/12/66
f 695/41/64 694/40/56 696/42/57
f 697/41/53 694/40/56 695/42/64
f 699/41/55 698/40/76 700/42/52
f 701/41/54 698/40/76 699/42/55
f 702/2/56 200/1/39 703/3/57
f 704/2/57 200/1/39 702/3/56
f 706/2/76 705/1/56 707/3/45
f 708/2/54 705/1/56 706/3/76
f 710/2/73 709/1/56 711/3/57
f 712/2/57 709/1/56 710/3/73
f 714/2/82 713/1/76 715/3/55
f 716/2/54 713/1/76 714/3/82
f 717/2/74 710/1/73 718/3/67
f 719/2/83 710/1/73 717/3/74
f 721/2/68 720/1/76 722/3/71
f 715/2/55 720/1/76 721/3/68
f 724/11/65 723/10/65 725/12/63
f 726/11/63 723/10/65 724/12/65
f 728/11/60 727/10/60 729/12/81
f 730/11/81 727/10/60 728/12/60
f 732/11/77 731/10/60 733/12/71
f 734/11/63 731/10/60 732/12/77
f 735/11/72 734/10/63 732/12/77
f 735/11/72 732/10/77 736/12/65
f 737/11/79 734/10/63 735/12/72
f 736/11/65 732/10/77 738/12/69
f 740/41/51 739/40/58 741/42/84
f 740/44/51 741/43/84 742/45/56
f 743/41/53 739/40/58 740/42/51
f 744/41/57 740/40/51 742/42/56
f 741/47/84 745/46/54 742/48/56
f 746/41/44 745/40/54 741/42/84
f 51/2/26 747/1/76 748/3/54
f 49/2/26 747/1/76 51/3/26
f 750/2/56 749/1/56 751/3/57
f 752/2/57 749/1/56 750/3/56
f 754/2/76 753/1/55 755/3/54
f 756/2/54 753/1/55 754/3/76
f 758/2/56 757/1/56 759/3/57
f 760/2/45 757/1/56 758/3/56
f 761/2/56 219/1/26 762/3/85
f 763/2/85 219/1/26 761/3/56
f 765/2/76 764/1/55 766/3/54
f 220/2/26 764/1/55 765/3/76
f 768/2/76 767/1/76 769/3/54
f 770/2/54 767/1/76 768/3/76
f 772/14/74 771/13/65 773/15/63
f 774/14/63 771/13/65 772/15/74
f 776/14/60 775/13/60 777/15/75
f 778/14/81 775/13/60 776/15/60
f 780/11/78 779/10/60 781/12/69
f 782/11/63 779/10/60 780/12/78
f 783/8/66 233/7/25 235/9/42
f 784/8/57 233/7/25 783/9/66
f 785/2/64 268/1/26 266/3/26
f 786/2/57 268/1/26 785/3/64
f 788/2/58 787/1/59 789/3/58
f 790/2/54 787/1/59 788/3/58
f 792/2/73 791/1/56 793/3/57
f 794/2/57 791/1/56 792/3/73
f 792/50/73 795/49/86 796/51/87
f 795/53/86 797/52/65 796/54/87
f 797/2/65 795/1/86 798/3/69
f 800/56/86 799/55/59 801/57/88
f 802/2/78 800/1/86 801/3/88
f 789/59/58 799/58/59 800/60/86
f 804/8/61 803/7/60 805/9/71
f 806/8/63 803/7/60 804/9/61
f 808/14/65 807/13/65 809/15/63
f 810/14/63 807/13/65 808/15/65
f 812/14/60 811/13/60 813/15/81
f 814/14/81 811/13/60 812/15/60
f 277/8/45 815/7/60 816/9/71
f 279/8/42 277/7/45 816/9/71
f 817/8/63 815/7/60 277/9/45
f 819/2/56 818/1/89 820/3/54
f 821/2/57 818/1/89 819/3/56
f 823/2/56 822/1/56 824/3/57
f 825/2/57 822/1/56 823/3/56
f 827/2/76 826/1/76 828/3/54
f 829/2/54 826/1/76 827/3/76
f 831/8/66 830/7/44 832/9/71
f 833/8/57 830/7/44 831/9/66
f 834/2/57 365/1/26 363/3/26
f 835/2/57 365/1/26 834/3/57
f 837/2/76 836/1/55 838/3/54
f 839/2/54 836/1/55 837/3/76
f 841/2/76 840/1/76 842/3/54
f 843/2/54 840/1/76 841/3/76
f 844/2/56 834/1/57 845/3/57
f 846/2/57 834/1/57 844/3/56
f 848/2/44 847/1/58 849/3/54
f 364/2/47 847/1/58 848/3/44
f 850/2/56 367/1/39 851/3/57
f 852/2/57 367/1/39 850/3/56
f 854/2/74 853/1/65 855/3/63
f 856/2/67 853/1/65 854/3/74
f 858/2/60 857/1/68 859/3/71
f 860/2/69 857/1/68 858/3/60
f 862/14/78 861/13/78 863/15/63
f 864/14/63 861/13/78 862/15/78
f 866/14/60 865/13/60 867/15/81
f 868/14/81 865/13/60 866/15/60
f 870/8/66 869/7/44 871/9/71
f 872/8/57 869/7/44 870/9/66
f 874/2/90 873/1/44 875/3/54
f 876/2/89 874/1/90 875/3/54
f 877/2/45 873/1/44 874/3/90
f 879/2/56 878/1/56 880/3/57
f 881/2/57 878/1/56 879/3/56
f 883/2/64 882/1/56 884/3/57
f 885/2/45 882/1/56 883/3/64
f 887/2/74 886/1/60 888/3/69
f 889/2/67 886/1/60 887/3/74
f 891/8/65 890/7/60 892/9/71
f 893/8/63 890/7/60 891/9/65
f 894/8/60 264/7/44 895/9/63
f 264/8/44 896/7/70 895/9/63
f 896/8/70 264/7/44 262/9/42
f 898/2/65 897/1/68 899/3/71
f 900/2/63 897/1/68 898/3/65
f 902/2/51 901/1/89 903/3/54
f 904/2/84 902/1/51 903/3/54
f 905/2/57 901/1/89 902/3/51
f 906/2/44 904/1/84 903/3/54
f 907/2/56 902/1/51 904/3/84
f 908/2/57 902/1/51 907/3/56
f 910/2/51 909/1/55 911/3/54
f 912/2/83 909/1/55 910/3/51
f 912/2/83 910/1/51 913/3/56
f 913/2/56 910/1/51 914/3/57
f 916/2/74 915/1/56 917/3/67
f 918/2/87 915/1/56 916/3/74
f 920/2/68 919/1/89 921/3/71
f 922/2/54 919/1/89 920/3/68
f 924/14/78 923/13/60 925/15/81
f 926/14/63 923/13/60 924/15/78
f 927/8/66 417/7/25 419/9/42
f 928/8/57 417/7/25 927/9/66
f 930/74/74 929/73/56 931/75/63
f 932/74/57 929/73/56 930/75/74
f 934/2/58 933/1/44 935/3/54
f 936/2/54 933/1/44 934/3/58
f 938/2/73 937/1/76 939/3/52
f 940/2/57 937/1/76 938/3/73
f 942/2/56 941/1/56 943/3/57
f 944/2/87 941/1/56 942/3/56
f 945/2/56 938/1/73 946/3/53
f 947/2/57 938/1/73 945/3/56
f 313/8/42 948/7/44 949/9/71
f 309/8/35 948/7/44 313/9/42
f 951/2/55 950/1/76 952/3/54
f 953/2/54 950/1/76 951/3/55
f 955/2/56 954/1/56 956/3/57
f 957/2/57 954/1/56 955/3/56
f 959/2/76 958/1/55 960/3/54
f 961/2/54 958/1/55 959/3/76
f 963/2/56 962/1/72 964/3/73
f 962/62/72 965/61/78 964/63/73
f 962/65/72 966/64/77 965/66/78
f 965/2/78 966/1/77 967/3/69
f 962/2/72 968/1/65 966/3/77
f 966/2/77 968/1/65 969/3/63
f 971/68/77 970/67/55 972/69/69
f 973/71/72 971/70/77 972/72/69
f 974/2/54 970/1/55 971/3/77
f 975/2/78 973/1/72 972/3/69
f 976/2/60 971/1/77 973/3/72
f 977/2/69 971/1/77 976/3/60
f 979/8/61 978/7/60 980/9/71
f 981/8/63 978/7/60 979/9/61
f 435/8/45 982/7/60 983/9/71
f 437/8/42 435/7/45 983/9/71
f 984/8/63 982/7/60 435/9/45
f 986/74/60 985/73/76 987/75/69
f 988/74/54 985/73/76 986/75/60
f 990/8/66 989/7/44 991/9/71
f 992/8/57 989/7/44 990/9/66
f 994/2/44 993/1/84 995/3/73
f 993/2/84 996/1/73 995/3/73
f 993/2/84 997/1/73 996/3/73
f 998/2/56 997/1/73 993/3/84
f 1000/2/59 999/1/59 1001/3/89
f 1002/2/52 999/1/59 1000/3/59
f 1003/2/72 996/1/73 517/3/49
f 1004/2/78 1003/1/72 517/3/49
f 1005/2/83 996/1/73 1003/3/72
f 1006/2/78 1005/1/83 1003/3/72
f 1008/2/77 1007/1/55 1009/3/69
f 1001/2/89 1007/1/55 1008/3/77
f 1001/2/89 1008/1/77 510/3/50
f 510/2/50 1008/1/77 1010/3/69
f 1012/8/51 1011/7/60 1013/9/81
f 1014/8/66 1012/7/51 1013/9/81
f 1015/8/63 1011/7/60 1012/9/51
f 1016/8/57 1012/7/51 1014/9/66
f 1018/8/66 1017/7/44 1019/9/71
f 1020/8/57 1017/7/44 1018/9/66
f 1022/2/56 1021/1/56 1023/3/57
f 1024/2/57 1021/1/56 1022/3/56
f 1026/2/74 1025/1/60 1027/3/69
f 1028/2/67 1025/1/60 1026/3/74
f 1030/8/65 1029/7/60 1031/9/71
f 1032/8/63 1029/7/60 1030/9/65
f 1033/8/60 407/7/44 1034/9/63
f 407/8/44 1035/7/70 1034/9/63
f 1035/8/70 407/7/44 405/9/42
f 1037/2/65 1036/1/68 1038/3/71
f 1039/2/63 1036/1/68 1037/3/65
f 1041/2/82 1040/1/84 1042/3/73
f 1040/2/84 1043/1/51 1042/3/73
f 1040/2/84 1044/1/59 1043/3/51
f 1045/2/85 1043/1/51 1044/3/59
f 1046/2/59 1044/1/59 1040/3/84
f 1047/2/57 1043/1/51 1045/3/85
f 1045/2/85 1048/1/72 1049/3/83
f 1048/77/72 1050/76/77 1049/78/83
f 1049/54/83 1050/53/77 1051/52/65
f 1048/80/72 1052/79/63 1050/81/77
f 1051/2/65 1050/1/77 1053/3/69
f 1054/11/78 1052/10/63 1048/12/72
f 1056/56/72 1055/55/76 1057/57/88
f 1058/2/78 1056/1/72 1057/3/88
f 1059/77/77 1055/78/76 1056/76/72
f 1060/83/60 1059/82/77 1056/84/72
f 1044/2/59 1055/1/76 1059/3/77
f 1061/11/69 1059/10/77 1060/12/60
f 1063/74/66 1062/73/56 1064/75/63
f 1065/74/57 1062/73/56 1063/75/66
f 1067/74/60 1066/73/58 1068/75/75
f 1069/74/54 1066/73/58 1067/75/60
f 1071/8/60 1070/7/84 1072/9/63
f 1070/8/84 1073/7/70 1072/9/63
f 1070/8/84 1074/7/88 1073/9/70
f 1075/8/44 1074/7/88 1070/9/84
f 467/8/42 1076/7/44 1077/9/71
f 463/8/35 1076/7/44 467/9/42
f 1079/2/77 1078/1/58 1080/3/69
f 1078/2/58 1079/1/77 1081/3/84
f 1082/2/87 1078/1/58 1081/3/84
f 1081/2/84 1079/1/77 1083/3/68
f 1084/2/51 1082/1/87 1081/3/84
f 1083/2/68 1079/1/77 1085/3/69
f 1086/2/72 1082/1/87 1084/3/51
f 1086/2/72 1084/1/51 1087/3/65
f 1088/2/78 1082/1/87 1086/3/72
f 1087/2/65 1084/1/51 1089/3/67
f 1091/74/78 1090/73/55 1092/75/81
f 1093/74/57 1090/73/55 1091/75/78
f 1094/2/65 498/1/50 1095/3/71
f 1096/2/63 498/1/50 1094/3/65
f 1098/2/74 1097/1/60 1099/3/69
f 491/2/49 1097/1/60 1098/3/74
f 1101/86/78 1100/85/82 1102/87/81
f 1103/89/85 1100/88/82 1101/90/78
f 1105/2/78 1104/1/60 1106/3/81
f 1107/2/63 1104/1/60 1105/3/78
f 1064/74/63 1092/73/81 1067/75/60
f 1067/91/60 547/92/12 1064/93/63
f 1091/74/78 1092/73/81 1064/75/63
f 547/94/12 931/95/63 1064/96/63
f 986/97/60 547/98/12 1067/99/60
f 1063/74/66 1064/73/63 931/75/63
f 931/100/63 547/101/12 544/102/14
f 986/74/60 1067/73/60 1068/75/75
f 986/103/60 477/104/12 547/105/12
f 474/106/14 931/107/63 544/108/14
f 544/74/14 547/73/12 567/75/17
f 547/74/12 477/73/12 548/75/22
f 986/74/60 987/73/69 477/75/12
f 543/74/43 474/73/14 544/75/14
f 473/74/15 931/73/63 474/75/14
f 567/74/17 547/73/12 568/75/22
f 477/74/12 987/73/69 478/75/22
f 930/74/74 931/73/63 473/75/15
f 550/2/12 1085/1/69 1060/3/60
f 550/11/12 1060/10/60 1011/12/60
f 1083/2/68 1085/1/69 550/3/12
f 550/11/12 1011/10/60 553/12/14
f 1060/11/60 923/10/60 1011/12/60
f 1015/11/63 553/10/14 1011/12/60
f 429/11/12 1011/10/60 923/12/60
f 513/109/14 923/110/60 1060/111/60
f 553/11/14 1015/10/63 926/12/63
f 923/11/60 433/10/14 429/12/12
f 513/112/14 1060/113/60 1056/114/72
f 513/115/14 984/116/63 923/117/60
f 553/11/14 926/10/63 1052/12/63
f 1015/11/63 433/10/14 926/12/63
f 926/11/63 433/10/14 923/12/60
f 923/118/60 984/119/63 415/120/14
f 513/121/14 510/122/50 984/123/63
f 1052/2/63 1089/1/67 553/3/14
f 1052/111/63 926/110/63 514/109/12
f 923/124/60 415/125/14 868/126/81
f 984/121/63 510/122/50 982/123/60
f 1087/2/65 1089/1/67 1052/3/63
f 1050/127/77 1052/128/63 514/129/12
f 978/116/60 514/130/12 926/131/63
f 868/118/81 415/119/14 865/120/60
f 510/2/50 1010/1/69 982/3/60
f 416/132/12 978/133/60 926/134/63
f 981/121/63 514/122/12 978/123/60
f 415/121/14 412/122/12 865/123/60
f 982/2/60 1010/1/69 976/3/60
f 416/120/12 926/118/63 864/119/63
f 517/121/49 514/122/12 981/123/63
f 865/121/60 412/122/12 811/123/60
f 982/121/60 976/122/60 412/123/12
f 416/121/12 864/122/63 420/123/14
f 864/125/63 926/126/63 861/124/78
f 969/2/63 517/1/49 981/3/63
f 814/121/81 865/122/60 811/123/60
f 412/121/12 411/122/14 811/123/60
f 976/135/60 411/136/14 412/137/12
f 864/121/63 810/122/63 420/123/14
f 981/121/63 420/122/14 969/123/63
f 1004/2/78 517/1/49 969/3/63
f 411/121/14 817/122/63 811/123/60
f 973/2/72 411/1/14 976/3/60
f 420/121/14 810/122/63 803/123/60
f 810/121/63 864/122/63 807/123/65
f 969/138/63 420/139/14 421/140/12
f 817/121/63 775/122/60 811/123/60
f 858/138/60 817/139/63 411/140/14
f 421/121/12 420/122/14 803/123/60
f 810/121/63 774/122/63 803/123/60
f 966/2/77 969/1/63 421/3/12
f 778/121/81 811/122/60 775/123/60
f 775/121/60 817/122/63 240/123/14
f 408/2/20 858/1/60 411/3/14
f 817/121/63 858/122/60 815/123/60
f 855/135/63 421/136/12 803/137/60
f 232/121/12 803/122/60 774/123/63
f 774/121/63 810/122/63 771/123/65
f 775/132/60 240/133/14 675/134/62
f 858/2/60 859/1/71 815/3/60
f 806/121/63 855/122/63 803/123/60
f 424/2/19 421/1/12 855/3/63
f 232/132/12 774/133/63 671/134/63
f 675/141/62 240/142/14 672/143/60
f 815/2/60 859/1/71 800/3/86
f 795/2/86 855/1/63 806/3/63
f 232/120/12 671/118/63 236/119/14
f 671/141/63 774/142/63 668/143/74
f 240/132/14 237/133/12 672/134/60
f 815/121/60 800/122/86 237/123/12
f 795/121/86 806/122/63 228/123/12
f 854/2/74 855/1/63 795/3/86
f 236/144/14 671/145/63 662/146/63
f 237/116/12 244/130/14 672/131/60
f 237/121/12 800/122/86 244/123/14
f 228/121/12 806/122/63 236/123/14
f 228/147/12 236/148/14 662/149/63
f 662/11/63 671/10/63 623/12/60
f 244/109/14 665/111/60 672/110/60
f 231/127/19 228/129/12 662/128/63
f 618/2/72 662/1/63 623/3/60
f 623/11/60 671/10/63 588/12/60
f 592/11/60 672/10/60 665/12/60
f 241/114/20 665/113/60 244/112/14
f 661/2/65 662/1/63 618/3/72
f 591/11/63 623/10/60 588/12/60
f 588/11/60 671/10/63 122/12/14
f 665/11/60 629/10/63 592/12/60
f 595/11/63 672/10/60 592/12/60
f 623/11/60 591/10/63 62/12/12
f 19/11/12 588/10/60 122/12/14
f 592/11/60 629/10/63 68/12/14
f 665/2/60 666/1/69 629/3/63
f 672/11/60 595/10/63 123/12/12
f 591/11/63 22/10/14 62/12/12
f 62/11/12 19/10/12 122/12/14
f 23/11/12 592/10/60 68/12/14
f 629/2/63 666/1/69 625/3/77
f 595/11/63 26/10/14 123/12/12
f 22/11/14 19/10/12 62/12/12
f 113/11/14 62/10/12 122/12/14
f 23/11/12 68/10/14 123/12/12
f 26/11/14 23/10/12 123/12/12
f 113/146/14 122/145/14 893/144/63
f 112/2/17 62/1/12 113/3/14
f 116/11/12 123/10/12 68/12/14
f 886/147/60 113/149/14 893/148/63
f 893/119/63 122/118/14 890/120/60
f 57/2/28 62/1/12 112/3/17
f 68/2/14 64/1/31 116/3/12
f 116/111/12 900/109/63 123/110/12
f 886/121/60 893/122/63 301/123/46
f 889/127/67 113/128/14 886/129/60
f 122/124/14 119/126/15 890/125/60
f 116/2/12 64/1/31 117/3/22
f 894/116/60 123/131/12 900/130/63
f 900/112/63 116/113/12 897/114/68
f 301/121/46 893/122/63 311/123/14
f 890/119/60 119/118/15 252/120/14
f 894/121/60 900/122/63 322/123/12
f 895/132/63 123/134/12 894/133/60
f 301/2/46 311/1/14 343/3/17
f 890/121/60 252/122/14 310/123/12
f 322/121/12 900/122/63 306/123/46
f 253/119/12 123/118/12 895/120/63
f 343/2/17 311/1/14 344/3/14
f 252/121/14 317/122/14 310/123/12
f 322/2/12 306/1/46 347/3/12
f 895/121/63 325/122/14 253/123/12
f 126/124/22 123/126/12 253/125/12
f 311/121/14 310/122/12 344/123/14
f 310/121/12 317/122/14 1025/123/60
f 249/121/15 317/122/14 252/123/14
f 322/121/12 347/122/12 325/123/14
f 347/2/12 306/1/46 348/3/22
f 253/121/12 325/122/14 318/123/12
f 344/135/14 310/137/12 1025/136/60
f 317/121/14 1032/122/63 1025/123/60
f 347/138/12 1039/140/63 325/139/14
f 256/121/22 253/122/12 318/123/12
f 318/121/12 325/122/14 1033/123/60
f 1028/2/67 344/1/14 1025/3/60
f 1032/137/63 454/135/14 1025/136/60
f 353/121/14 1032/122/63 317/123/14
f 325/121/14 1039/122/63 1033/123/60
f 1039/2/63 347/1/12 1036/3/68
f 354/121/12 318/122/12 1033/123/60
f 451/2/31 1025/1/60 454/3/14
f 454/121/14 1032/122/63 465/123/14
f 314/121/15 353/122/14 317/123/14
f 1032/121/63 353/122/14 1029/123/60
f 1039/140/63 461/138/12 1033/139/60
f 1034/121/63 354/122/12 1033/123/60
f 321/121/22 318/122/12 354/123/12
f 454/2/14 465/1/14 492/3/23
f 353/120/14 350/118/18 1029/119/60
f 468/121/12 1033/122/60 461/123/12
f 461/2/12 1039/1/63 458/3/28
f 400/118/12 354/119/12 1034/120/63
f 492/2/23 465/1/14 491/3/49
f 1029/125/60 350/126/18 403/124/14
f 468/2/12 461/1/12 498/3/50
f 471/133/14 400/134/12 1034/132/63
f 357/124/22 354/125/12 400/126/12
f 465/121/14 464/122/12 491/123/49
f 1029/120/60 403/118/14 464/119/12
f 1096/121/63 468/122/12 498/123/50
f 498/2/50 461/1/12 499/3/22
f 471/150/14 540/151/12 400/152/12
f 491/121/49 464/122/12 1097/123/60
f 403/117/14 1097/115/60 464/116/12
f 471/121/14 468/122/12 1096/123/63
f 400/11/12 540/10/12 1071/12/60
f 471/153/14 1096/154/63 540/155/12
f 403/110/14 532/111/14 1097/109/60
f 400/11/12 1071/10/60 1072/12/63
f 501/11/12 1071/10/60 540/12/12
f 540/128/12 1096/129/63 536/127/28
f 530/114/31 1097/112/60 532/113/14
f 1072/11/63 532/10/14 403/12/14
f 403/11/14 400/10/12 1072/12/63
f 1104/11/60 501/10/12 540/12/12
f 1072/11/63 1107/10/63 532/12/14
f 1104/2/60 540/1/12 559/3/20
f 1107/11/63 501/10/12 1104/12/60
f 532/2/14 1107/1/63 563/3/17
f 1072/11/63 502/10/14 1107/12/63
f 559/2/20 540/1/12 561/3/22
f 502/11/14 501/10/12 1107/12/63
f 563/2/17 1107/1/63 565/3/19
f 1061/2/69 1080/1/69 1059/3/77
f 1079/2/77 1080/1/69 1061/3/69
f 1048/2/72 1086/1/72 1054/3/78
f 1088/2/78 1086/1/72 1048/3/72
f 962/2/72 1003/1/72 968/3/65
f 1006/2/78 1003/1/72 962/3/72
f 977/2/69 1009/1/69 971/3/77
f 1008/2/77 1009/1/69 977/3/69
f 856/2/67 917/1/67 853/3/65
f 916/2/74 917/1/67 856/3/67
f 860/2/69 921/1/71 857/3/68
f 920/2/68 921/1/71 860/3/69
f 663/2/67 718/1/67 660/3/74
f 717/2/74 718/1/67 663/3/67
f 667/2/71 722/1/71 664/3/68
f 721/2/68 722/1/71 667/3/71
f 169/2/17 111/1/17 170/3/19
f 114/2/19 111/1/17 169/3/17
f 173/2/20 115/1/20 174/3/22
f 118/2/22 115/1/20 173/3/20
f 393/2/17 342/1/17 394/3/19
f 345/2/19 342/1/17 393/3/17
f 397/2/20 346/1/20 398/3/22
f 349/2/22 346/1/20 397/3/20
f 494/2/23 453/1/17 490/3/28
f 447/2/28 453/1/17 494/3/23
f 496/2/31 456/1/31 497/3/22
f 462/2/22 456/1/31 496/3/31
f 564/2/23 534/1/23 562/3/28
f 528/2/28 534/1/23 564/3/23
f 555/2/31 539/1/31 556/3/22
f 541/2/22 539/1/31 555/3/31
f 436/8/23 1019/7/71 437/9/42
f 1018/8/66 1019/7/71 436/9/23
f 432/8/18 1013/7/81 431/9/41
f 1014/8/66 1013/7/81 432/9/18
f 419/8/42 980/7/71 418/9/41
f 979/8/61 980/7/71 419/9/42
f 413/8/23 983/7/71 414/9/22
f 437/8/42 983/7/71 413/9/23
f 375/8/23 419/7/42 376/9/22
f 927/8/66 419/7/42 375/9/23
f 278/8/23 871/7/71 279/9/42
f 870/8/66 871/7/71 278/9/23
f 235/8/42 805/7/71 234/9/41
f 804/8/61 805/7/71 235/9/42
f 238/8/23 816/7/71 239/9/22
f 279/8/42 816/7/71 238/9/23
f 213/8/23 235/7/42 214/9/22
f 783/8/66 235/7/42 213/9/23
f 24/8/15 650/7/62 25/9/16
f 649/8/66 650/7/62 24/9/15
f 88/8/34 590/7/62 89/9/16
f 589/8/61 590/7/62 88/9/34
f 262/8/42 832/7/71 263/9/22
f 831/8/66 832/7/71 262/9/42
f 312/8/23 892/7/71 313/9/42
f 891/8/65 892/7/71 312/9/23
f 323/8/23 262/7/42 324/9/16
f 896/8/70 262/7/42 323/9/23
f 359/8/23 949/7/71 360/9/22
f 313/8/42 949/7/71 359/9/23
f 405/8/42 991/7/71 406/9/22
f 990/8/66 991/7/71 405/9/42
f 466/8/23 1031/7/71 467/9/42
f 1030/8/65 1031/7/71 466/9/23
f 469/8/23 405/7/42 470/9/16
f 1035/8/70 405/7/42 469/9/23
f 507/8/23 1077/7/71 508/9/22
f 467/8/42 1077/7/71 507/9/23
f 503/8/18 1074/7/88 504/9/41
f 1073/8/70 1074/7/88 503/9/18
f 646/11/72 693/10/71 642/12/77
f 692/11/66 693/10/71 646/12/72
f 36/14/23 606/13/67 37/15/19
f 605/14/66 606/13/67 36/15/23
f 38/14/20 608/13/71 39/15/22
f 607/14/68 608/13/71 38/15/20
f 143/11/23 81/10/31 144/12/22
f 85/11/28 81/10/31 143/12/23
f 686/11/66 738/10/69 689/12/62
f 736/11/65 738/10/69 686/12/66
f 632/11/66 686/10/66 647/12/61
f 685/11/74 686/10/66 632/12/66
f 645/11/71 690/10/71 640/12/80
f 689/11/62 690/10/71 645/12/71
f 598/11/66 632/10/66 604/12/70
f 633/11/78 632/10/66 598/12/66
f 609/11/71 641/10/69 601/12/62
f 640/11/80 641/10/69 609/12/71
f 28/11/17 598/10/66 29/12/18
f 597/11/65 598/10/66 28/12/17
f 32/11/21 602/10/69 33/12/22
f 601/11/62 602/10/69 32/12/21
f 72/11/23 35/10/23 71/12/32
f 29/11/18 35/10/23 72/12/23
f 79/11/21 32/10/21 80/12/22
f 40/11/22 32/10/21 79/12/21
f 136/11/17 86/10/23 137/12/18
f 71/11/32 86/10/23 136/12/17
f 140/11/21 79/10/21 141/12/22
f 84/11/22 79/10/21 140/12/21
f 188/11/17 140/10/21 190/12/22
f 137/11/18 140/10/21 188/12/17
f 691/11/69 733/10/71 688/12/68
f 732/11/77 733/10/71 691/12/69
f 687/11/67 735/10/72 684/12/65
f 737/11/79 735/10/72 687/12/67
f 599/11/67 631/10/72 596/12/65
f 635/11/79 631/10/72 599/12/67
f 603/11/69 638/10/71 600/12/68
f 637/11/77 638/10/71 603/12/69
f 74/11/23 27/10/17 70/12/28
f 30/11/19 27/10/17 74/12/23
f 76/11/31 31/10/20 77/12/22
f 34/11/22 31/10/20 76/12/31
f 189/11/23 135/10/17 187/12/28
f 138/11/19 135/10/17 189/12/23
f 184/11/31 139/10/20 185/12/22
f 142/11/22 139/10/20 184/12/31
f 731/11/60 781/10/69 728/12/60
f 731/156/60 728/157/60 639/158/80
f 780/11/78 781/10/69 731/12/60
f 681/159/60 639/160/80 728/161/60
f 734/11/63 780/10/78 731/12/60
f 729/11/81 681/10/60 728/12/60
f 639/162/80 681/163/60 636/164/60
f 725/11/63 780/10/78 734/12/63
f 681/11/60 682/10/71 636/12/60
f 734/164/63 630/162/65 725/163/63
f 636/11/60 682/10/71 133/12/21
f 725/161/63 630/160/65 678/159/63
f 75/11/12 636/10/60 133/12/21
f 724/11/65 725/10/63 678/12/63
f 634/164/63 678/163/63 630/162/65
f 132/11/12 75/10/12 133/12/21
f 678/11/63 634/10/63 677/12/61
f 75/156/12 132/157/12 78/158/33
f 634/11/63 128/10/15 677/12/61
f 132/159/12 180/161/12 78/160/33
f 634/11/63 73/10/14 128/12/15
f 183/156/12 78/158/33 180/157/12
f 180/11/12 132/10/12 181/12/22
f 128/11/15 73/10/14 129/12/14
f 180/11/12 259/10/21 183/12/12
f 73/156/14 69/158/32 129/157/14
f 183/11/12 259/10/21 258/12/43
f 129/159/14 69/160/32 177/161/14
f 186/11/14 183/10/12 258/12/43
f 176/11/15 129/10/14 177/12/14
f 177/163/14 69/162/32 186/164/14
f 177/11/14 186/10/14 258/12/43
f 551/88/43 1102/90/81 552/89/48
f 1101/87/78 1102/86/81 551/85/43
f 515/2/17 1053/1/69 516/3/22
f 1051/2/65 1053/1/69 515/3/17
f 511/2/17 1057/1/88 512/3/22
f 1058/2/78 1057/1/88 511/3/17
f 422/2/17 967/1/69 423/3/22
f 965/2/78 967/1/69 422/3/17
f 409/2/17 972/1/69 410/3/22
f 975/2/78 972/1/69 409/3/17
f 863/14/63 925/13/81 866/15/60
f 863/14/63 866/13/60 782/15/63
f 924/14/78 925/13/81 863/15/63
f 863/14/63 782/13/63 809/15/63
f 782/14/63 866/13/60 779/15/60
f 862/14/78 863/13/63 809/15/63
f 782/14/63 726/13/63 809/15/63
f 812/14/60 779/13/60 866/15/60
f 773/14/63 809/13/63 726/15/63
f 726/14/63 782/13/63 723/15/65
f 867/14/81 812/13/60 866/15/60
f 812/14/60 727/13/60 779/15/60
f 773/14/63 726/13/63 679/15/63
f 808/14/65 809/13/63 773/15/63
f 730/14/81 779/13/60 727/15/60
f 776/14/60 727/13/60 812/15/60
f 670/14/63 773/13/63 679/15/63
f 679/14/63 726/13/63 676/15/65
f 813/14/81 776/13/60 812/15/60
f 776/14/60 680/13/60 727/15/60
f 670/14/63 679/13/63 121/15/14
f 772/14/74 773/13/63 670/15/63
f 683/14/81 727/13/60 680/15/60
f 776/14/60 673/13/60 680/15/60
f 120/14/15 670/13/63 121/15/14
f 121/14/14 679/13/63 130/15/14
f 680/14/60 673/13/60 131/15/12
f 777/14/75 673/13/60 776/15/60
f 669/14/74 670/13/63 120/15/15
f 121/14/14 130/13/14 251/15/14
f 131/14/12 673/13/60 124/15/12
f 250/14/15 121/13/14 251/15/14
f 178/14/14 251/13/14 130/15/14
f 131/14/12 124/13/12 254/15/12
f 673/14/60 674/13/62 124/15/12
f 127/14/15 178/13/14 130/15/14
f 178/14/14 316/13/14 251/15/14
f 179/14/12 131/13/12 254/15/12
f 254/14/12 124/13/12 255/15/22
f 124/14/12 674/13/62 125/15/22
f 315/14/15 251/13/14 316/15/14
f 260/14/14 316/13/14 178/15/14
f 179/14/12 254/13/12 319/15/12
f 134/14/22 131/13/12 179/15/12
f 175/14/15 260/13/14 178/15/14
f 316/14/14 260/13/14 352/15/14
f 257/14/12 179/13/12 319/15/12
f 319/14/12 254/13/12 320/15/22
f 351/14/43 316/13/14 352/15/14
f 260/14/14 257/13/12 352/15/14
f 257/14/12 319/13/12 355/15/12
f 182/14/22 179/13/12 257/15/12
f 352/14/14 257/13/12 355/15/12
f 355/14/12 319/13/12 356/15/22
f 352/14/14 355/13/12 401/15/18
f 401/14/18 355/13/12 402/15/22
f 229/2/17 798/1/69 230/3/22
f 797/2/65 798/1/69 229/3/17
f 242/2/17 801/1/88 243/3/22
f 802/2/78 801/1/88 242/3/17
f 60/165/15 622/166/75 61/167/30
f 621/87/74 622/85/75 60/86/15
f 66/85/15 626/86/62 65/87/30
f 627/167/74 626/165/62 66/166/15
f 303/2/34 888/1/69 304/3/22
f 887/2/74 888/1/69 303/3/34
f 308/2/23 899/1/71 307/3/33
f 898/2/65 899/1/71 308/3/23
f 450/2/43 1027/1/69 452/3/22
f 1026/2/74 1027/1/69 450/3/43
f 460/2/23 1038/1/71 457/3/48
f 1037/2/65 1038/1/71 460/3/23
f 531/2/34 1099/1/69 533/3/22
f 1098/2/74 1099/1/69 531/3/34
f 538/2/23 1095/1/71 537/3/33
f 1094/2/65 1095/1/71 538/3/23
f 571/86/18 1106/85/81 572/87/48
f 1105/89/78 1106/88/81 571/90/18
f 1069/73/54 1090/74/55 1062/75/56
f 1090/73/55 1093/74/57 1062/75/56
f 745/168/54 1069/169/54 1062/170/56
f 1062/171/56 742/172/56 745/173/54
f 745/174/54 988/175/54 1069/176/54
f 1062/177/56 929/178/56 742/179/56
f 988/73/54 1066/74/58 1069/75/54
f 985/180/76 988/181/54 745/182/54
f 194/183/1 742/184/56 929/185/56
f 1062/73/56 1065/74/57 929/75/56
f 985/186/76 745/187/54 476/188/27
f 472/169/1 194/168/1 929/170/56
f 745/189/54 197/190/4 476/191/27
f 929/73/56 475/74/5 472/75/1
f 194/174/1 472/175/1 542/176/1
f 197/192/4 479/193/4 476/194/27
f 929/73/56 932/74/57 475/75/5
f 472/73/1 545/74/36 542/75/1
f 542/181/1 569/180/2 194/182/1
f 479/175/4 197/174/4 549/176/4
f 569/191/2 197/189/4 194/190/1
f 566/194/7 549/193/4 197/192/4
f 479/73/4 549/74/4 546/75/35
f 566/186/7 197/187/4 569/188/2
f 1100/1/82 1084/2/51 1081/3/84
f 1100/1/82 1103/2/85 1084/3/51
f 619/1/64 59/2/29 58/3/9
f 619/1/64 620/2/73 59/3/29
f 624/1/76 67/2/13 63/3/27
f 624/1/76 628/2/52 67/3/13
f 557/1/6 573/2/2 570/3/7
f 557/1/6 560/2/37 573/3/2
f 1078/1/58 1045/2/85 1044/3/59
f 1078/1/58 1082/2/87 1045/3/85
f 1045/1/85 996/2/73 997/3/73
f 1045/1/85 1049/2/83 996/3/73
f 1055/1/76 1000/2/59 1001/3/89
f 1055/1/76 1044/2/59 1000/3/59
f 996/1/73 955/2/56 956/3/57
f 996/1/73 1005/2/83 955/3/56
f 1005/1/83 963/2/56 955/3/56
f 955/1/56 963/2/56 913/3/56
f 963/1/56 915/2/56 913/3/56
f 955/1/56 913/2/56 914/3/57
f 913/1/56 915/2/56 850/3/56
f 963/1/56 964/2/73 915/3/56
f 850/1/56 915/2/56 918/3/87
f 913/1/56 850/2/56 851/3/57
f 792/1/73 850/2/56 918/3/87
f 850/1/56 792/2/73 793/3/57
f 1007/1/55 960/2/54 974/3/54
f 974/1/54 960/2/54 906/3/44
f 1007/1/55 1001/2/89 960/3/54
f 974/1/54 906/2/44 903/3/54
f 1001/1/89 959/2/76 960/3/54
f 970/1/55 974/2/54 903/3/54
f 970/1/55 903/2/54 922/3/54
f 922/1/54 903/2/54 848/3/44
f 922/1/54 848/2/44 849/3/54
f 919/1/89 922/2/54 849/3/54
f 919/1/89 849/2/54 789/3/58
f 849/1/54 788/2/58 789/3/58
f 792/1/73 710/2/73 711/3/57
f 792/1/73 796/2/87 710/3/73
f 799/1/59 714/2/82 715/3/55
f 799/1/59 789/2/58 714/3/82
f 710/1/73 171/2/36 162/3/8
f 710/1/73 719/2/83 171/3/36
f 720/1/76 167/2/3 172/3/27
f 720/1/76 715/2/55 167/3/3
f 163/1/2 302/2/2 290/3/5
f 163/1/2 162/2/8 302/3/2
f 167/1/3 299/2/7 305/3/11
f 167/1/3 166/2/27 299/3/7
f 335/1/1 291/2/36 290/3/5
f 395/1/5 335/2/1 290/3/5
f 335/1/1 395/2/5 392/3/1
f 336/1/25 335/2/1 392/3/1
f 336/1/25 392/2/1 386/3/1
f 386/1/1 392/2/1 449/3/36
f 386/1/1 449/2/36 448/3/1
f 387/1/5 386/2/1 448/3/1
f 387/1/5 448/2/1 444/3/1
f 444/1/1 448/2/1 493/3/10
f 487/1/25 444/2/1 493/3/10
f 487/1/25 445/2/2 444/3/1
f 299/1/7 340/2/4 396/3/38
f 340/1/4 399/2/4 396/3/38
f 299/1/7 298/2/3 340/3/4
f 340/1/4 380/2/4 399/3/4
f 399/1/4 380/2/4 459/3/4
f 340/1/4 339/2/27 380/3/4
f 380/1/4 441/2/4 459/3/4
f 399/1/4 459/2/4 455/3/27
f 495/1/38 459/2/4 441/3/4
f 380/1/4 381/2/24 441/3/4
f 495/1/38 441/2/4 482/3/27
f 441/1/4 440/2/35 482/3/27
f 488/1/2 529/2/8 523/3/8
f 488/1/2 487/2/25 529/3/8
f 482/1/27 526/2/7 535/3/24
f 482/1/27 483/2/3 526/3/7
f 526/1/7 558/2/2 554/3/7
f 526/1/7 523/2/8 558/3/2
f 769/195/54 707/196/45 1043/197/51
f 1043/198/51 842/199/54 769/200/54
f 769/4/54 706/5/76 707/6/45
f 842/4/54 768/5/76 769/6/54
f 952/201/54 842/202/54 1043/203/51
f 1043/72/51 998/71/56 952/70/54
f 952/4/54 841/5/76 842/6/54
f 998/1/56 951/2/55 952/3/54
f 1043/1/51 1047/2/57 998/3/56
f 998/1/56 993/2/84 951/3/55
f 961/1/54 999/2/59 427/3/4
f 999/1/59 1002/2/52 427/3/4
f 427/4/4 907/5/56 961/6/54
f 958/1/55 961/2/54 907/3/56
f 844/4/56 907/5/56 427/6/4
f 958/1/55 907/2/56 904/3/84
f 427/4/4 372/5/4 844/6/56
f 907/4/56 844/5/56 845/6/57
f 844/4/56 372/5/4 761/6/56
f 427/4/4 426/5/27 372/6/4
f 761/4/56 372/5/4 702/6/56
f 844/4/56 761/5/56 762/6/85
f 702/4/56 372/5/4 371/6/27
f 761/4/56 702/5/56 703/6/57
f 653/4/55 702/5/56 371/6/27
f 702/4/56 653/5/55 654/6/57
f 274/1/1 368/2/36 367/3/39
f 274/1/1 367/2/39 791/3/56
f 367/1/39 852/2/57 791/3/56
f 658/4/54 274/5/1 791/6/56
f 658/204/54 791/205/56 709/206/56
f 658/4/54 221/5/1 274/6/1
f 791/1/56 794/2/57 709/3/56
f 709/207/56 657/208/64 658/209/54
f 221/4/1 275/5/36 274/6/1
f 658/4/54 206/5/1 221/6/1
f 709/1/56 712/2/57 657/3/64
f 206/4/1 222/5/36 221/6/1
f 100/4/1 206/5/1 658/6/54
f 100/4/1 658/5/54 615/6/59
f 100/4/1 207/5/2 206/6/1
f 616/4/45 100/5/1 615/6/59
f 616/4/45 101/5/2 100/6/1
f 226/51/13 210/49/4 716/50/54
f 576/210/52 716/211/54 210/212/4
f 226/213/13 225/214/7 210/215/4
f 97/216/4 576/217/52 210/218/4
f 576/1/52 713/2/76 716/3/54
f 210/4/4 209/5/7 97/6/4
f 97/219/4 93/200/4 576/220/52
f 93/221/4 577/222/44 576/223/52
f 97/4/4 96/5/7 93/6/4
f 93/4/4 92/5/3 577/6/44
f 13/4/10 750/5/56 751/6/57
f 13/224/10 12/225/9 750/226/56
f 750/200/56 12/227/9 758/228/56
f 758/229/56 12/230/9 823/231/56
f 750/4/56 758/5/56 759/6/57
f 12/232/9 161/233/1 823/234/56
f 758/4/56 823/5/56 824/6/57
f 823/60/56 161/59/1 883/58/64
f 12/1/9 164/2/10 161/3/1
f 823/235/56 883/236/64 884/237/57
f 54/4/1 17/5/2 748/6/54
f 17/4/2 16/5/11 748/6/54
f 755/4/54 54/5/1 748/6/54
f 16/4/11 51/5/26 748/6/54
f 748/4/54 754/5/76 755/6/54
f 54/4/1 755/5/54 828/6/54
f 755/4/54 827/5/76 828/6/54
f 828/4/54 104/5/1 54/6/1
f 104/4/1 55/5/2 54/6/1
f 875/4/54 104/5/1 828/6/54
f 828/4/54 876/5/89 875/6/54
f 104/4/1 875/5/54 300/6/4
f 875/4/54 935/5/54 300/6/4
f 168/238/4 104/239/1 300/240/4
f 300/1/4 935/2/54 341/3/13
f 875/4/54 934/5/58 935/6/54
f 168/1/4 300/2/4 297/3/27
f 105/241/13 104/242/1 168/243/4
f 300/1/4 341/2/13 338/3/3
f 105/1/13 168/2/4 165/3/27
f 47/4/25 109/5/4 946/6/53
f 109/4/4 159/5/4 946/6/53
f 47/4/25 46/5/3 109/6/4
f 159/4/4 945/5/56 946/6/53
f 109/4/4 108/5/3 159/6/4
f 159/4/4 247/5/4 945/6/56
f 945/4/56 247/5/4 1022/6/56
f 159/4/4 158/5/3 247/6/4
f 247/4/4 287/5/4 1022/6/56
f 945/4/56 1022/5/56 1023/6/57
f 287/4/4 332/5/4 1022/6/56
f 247/4/4 246/5/27 287/6/4
f 1022/4/56 332/5/4 443/6/1
f 287/4/4 286/5/35 332/6/4
f 332/244/4 383/71/40 443/245/1
f 1022/246/56 443/247/1 486/248/1
f 383/1/40 446/2/2 443/3/1
f 332/4/4 331/5/35 383/6/40
f 443/1/1 489/2/2 486/3/1
f 1022/249/56 486/250/1 521/251/37
f 486/1/1 525/2/2 521/3/37
f 154/4/1 51/5/26 50/6/27
f 520/252/6 154/253/1 50/254/27
f 520/255/6 294/256/1 154/200/1
f 294/4/1 155/5/36 154/6/1
f 520/257/6 389/258/1 294/259/1
f 389/4/1 295/5/36 294/6/1
f 485/233/4 389/234/1 520/232/6
f 485/1/4 520/2/6 527/3/7
f 390/215/8 389/214/1 485/213/4
f 390/49/8 485/51/4 481/50/37
f 746/40/44 699/41/55 700/42/52
f 746/40/44 741/41/84 699/42/55
f 740/40/51 695/41/64 696/42/57
f 740/40/51 744/41/57 695/42/64
f 147/40/5 196/41/25 192/42/37
f 147/40/5 146/41/9 196/42/25
f 151/40/13 193/41/6 198/42/38
f 151/40/13 150/41/3 193/42/6
f 701/40/54 739/41/58 643/42/54
f 643/40/54 739/41/58 644/42/56
f 698/40/76 701/41/54 643/42/54
f 644/40/56 739/41/58 743/42/53
f 698/40/76 643/41/54 149/42/27
f 644/40/56 743/41/53 694/42/56
f 643/40/54 82/41/4 149/42/27
f 644/40/56 694/41/56 697/42/53
f 82/40/4 152/41/4 149/42/27
f 148/40/36 644/41/56 697/42/53
f 191/40/7 152/41/4 82/42/4
f 148/40/36 83/41/1 644/42/56
f 191/40/7 82/41/4 195/42/2
f 145/40/1 83/41/1 148/42/36
f 195/40/2 82/41/4 83/42/1
f 145/40/1 195/41/2 83/42/1
f 1046/1/59 428/2/4 425/3/3
f 1046/1/59 1040/2/84 428/3/4
f 428/1/4 1040/2/84 373/3/4
f 373/1/4 1040/2/84 271/3/4
f 428/1/4 373/2/4 370/3/27
f 373/1/4 271/2/4 655/3/54
f 271/1/4 705/2/56 655/3/54
f 581/1/56 655/2/54 705/3/56
f 271/1/4 270/2/9 705/3/56
f 581/1/56 705/2/56 614/3/56
f 582/1/54 655/2/54 581/3/56
f 614/1/56 705/2/56 99/3/1
f 581/1/56 614/2/56 48/3/4
f 582/1/54 94/2/4 655/3/54
f 705/1/56 708/2/54 99/3/1
f 614/1/56 14/2/1 48/3/4
f 6/1/1 581/2/56 48/3/4
f 94/1/4 652/2/56 655/3/54
f 582/1/54 579/2/54 94/3/4
f 99/1/1 708/2/54 770/3/54
f 14/1/1 749/2/56 48/3/4
f 14/1/1 614/2/56 586/3/54
f 6/1/1 48/2/4 45/3/1
f 98/1/4 652/2/56 94/3/4
f 18/1/4 579/2/54 582/3/54
f 708/1/54 767/2/76 770/3/54
f 770/1/54 203/2/40 99/3/1
f 48/1/4 749/2/56 110/3/4
f 614/1/56 617/2/54 586/3/54
f 586/1/54 9/2/6 14/3/1
f 7/1/4 6/2/1 45/3/1
f 98/1/4 94/2/4 91/3/3
f 200/1/39 652/2/56 98/3/4
f 582/1/54 7/2/4 18/3/4
f 579/1/54 18/2/4 15/3/1
f 203/1/40 102/2/2 99/3/1
f 770/1/54 766/2/54 203/3/40
f 110/1/4 749/2/56 160/3/4
f 48/1/4 110/2/4 107/3/3
f 586/1/54 617/2/54 585/3/59
f 7/1/4 45/2/1 52/3/4
f 201/1/4 200/2/39 98/3/4
f 200/1/39 704/2/57 652/3/56
f 18/1/4 7/2/4 52/3/4
f 579/1/54 15/2/1 575/3/51
f 840/1/76 766/2/54 770/3/54
f 749/1/56 757/2/56 160/3/4
f 110/1/4 160/2/4 157/3/3
f 617/1/54 612/2/54 585/3/59
f 52/1/4 45/2/1 938/3/73
f 95/1/11 201/2/4 98/3/4
f 18/1/4 52/2/4 49/3/26
f 575/1/51 15/2/1 2/3/1
f 840/1/76 843/2/54 766/3/54
f 757/1/56 820/2/54 160/3/4
f 749/1/56 752/2/57 757/3/56
f 656/1/59 612/2/54 617/3/54
f 52/1/4 938/2/73 939/3/52
f 95/1/11 211/2/4 201/3/4
f 2/1/1 15/2/1 56/3/2
f 843/1/54 765/2/76 766/3/54
f 160/1/4 820/2/54 248/3/13
f 757/1/56 819/2/56 820/3/54
f 612/1/54 656/2/59 659/3/53
f 218/1/4 201/2/4 211/3/4
f 2/1/1 56/2/2 53/3/1
f 843/1/54 838/2/54 765/3/76
f 160/1/4 248/2/13 245/3/3
f 819/1/56 757/2/56 760/3/45
f 659/1/53 611/2/64 612/3/54
f 227/1/4 218/2/4 211/3/4
f 218/1/4 217/2/3 201/3/4
f 3/1/2 2/2/1 53/3/1
f 950/1/76 838/2/54 843/3/54
f 760/1/45 822/2/56 819/3/56
f 227/1/4 211/2/4 208/3/7
f 267/1/4 218/2/4 227/3/4
f 3/1/2 53/2/1 42/3/1
f 950/1/76 953/2/54 838/3/54
f 819/1/56 822/2/56 879/3/56
f 364/1/47 267/2/4 227/3/4
f 267/1/4 266/2/26 218/3/4
f 42/1/1 53/2/1 106/3/2
f 953/1/54 911/2/54 838/3/54
f 822/1/56 882/2/56 879/3/56
f 819/1/56 879/2/56 880/3/57
f 227/1/4 790/2/54 364/3/47
f 364/1/47 363/2/26 267/3/4
f 103/1/35 42/2/1 106/3/2
f 911/1/54 837/2/76 838/3/54
f 953/1/54 954/2/56 911/3/54
f 879/1/56 882/2/56 942/3/56
f 822/1/56 825/2/57 882/3/56
f 790/1/54 847/2/58 364/3/47
f 224/1/35 790/2/54 227/3/4
f 103/1/35 43/2/13 42/3/1
f 954/1/56 910/2/51 911/3/54
f 994/1/44 954/2/56 953/3/54
f 882/1/56 289/2/1 942/3/56
f 879/1/56 942/2/56 943/3/57
f 224/1/35 787/2/59 790/3/54
f 954/1/56 957/2/57 910/3/51
f 994/1/44 995/2/73 954/3/56
f 942/1/56 289/2/1 337/3/25
f 289/1/1 882/2/56 885/3/45
f 942/1/56 337/2/25 334/3/9
f 885/1/45 292/2/2 289/3/1
f 902/1/51 834/2/57 363/3/26
f 902/1/51 908/2/57 834/3/57
f 834/1/57 785/2/64 266/3/26
f 834/1/57 846/2/57 785/3/64
f 756/1/54 747/2/76 49/3/26
f 156/1/25 756/2/54 49/3/26
f 756/1/54 156/2/25 153/3/1
f 753/1/55 756/2/54 153/3/1
f 753/1/55 153/2/1 829/3/54
f 829/1/54 153/2/1 296/3/8
f 829/1/54 296/2/8 293/3/1
f 293/1/1 874/2/90 829/3/54
f 874/1/90 826/2/76 829/3/54
f 874/1/90 293/2/1 282/3/1
f 282/1/1 293/2/1 391/3/8
f 282/1/1 391/2/8 388/3/1
f 388/1/1 327/2/1 282/3/1
f 327/1/1 283/2/2 282/3/1
f 327/1/1 388/2/1 442/3/4
f 442/1/4 388/2/1 484/3/25
f 442/1/4 379/2/40 327/3/1
f 442/1/4 484/2/25 480/3/27
f 379/1/40 328/2/2 327/3/1
f 379/1/40 442/2/4 439/3/35
f 938/1/73 1021/2/56 519/3/37
f 1021/1/56 524/2/8 519/3/37
f 938/1/73 947/2/57 1021/3/56
f 1021/1/56 1024/2/57 524/3/8
f 1041/1/82 272/2/29 269/3/27
f 1041/1/82 1042/2/73 272/3/29
f 909/1/55 366/2/1 839/3/54
f 839/1/54 366/2/1 276/3/25
f 909/1/55 912/2/83 366/3/1
f 839/1/54 276/2/25 273/3/1
f 912/1/83 369/2/10 366/3/1
f 836/1/55 839/2/54 273/3/1
f 836/1/55 273/2/1 220/3/26
f 273/1/1 223/2/36 220/3/26
f 901/1/89 365/2/26 362/3/27
f 901/1/89 905/2/57 365/3/26
f 365/1/26 268/2/26 265/3/3
f 365/1/26 835/2/57 268/3/26
f 268/1/26 219/2/26 216/3/3
f 268/1/26 786/2/57 219/3/26
f 764/1/55 205/2/36 204/3/7
f 764/1/55 220/2/26 205/3/36
f 219/1/26 202/2/25 199/3/3
f 219/1/26 763/2/85 202/3/25
f 587/1/54 610/2/58 613/3/53
f 11/1/8 587/2/54 613/3/53
f 10/1/7 587/2/54 11/3/8
f 10/1/7 584/2/58 587/3/54
f 580/4/55 8/5/5 5/6/3
f 580/4/55 583/5/57 8/6/5
f 574/1/44 1/2/1 41/3/24
f 1/1/1 44/2/2 41/3/24
f 574/1/44 578/2/53 1/3/1
f 578/1/53 4/2/2 1/3/1
f 818/1/89 878/2/56 285/3/11
f 878/1/56 288/2/4 285/3/11
f 818/1/89 821/2/57 878/3/56
f 878/1/56 941/2/56 288/3/4
f 288/1/4 941/2/56 333/3/4
f 878/1/56 881/2/57 941/3/56
f 333/1/4 941/2/56 944/3/87
f 288/1/4 333/2/4 330/3/35
f 385/1/5 333/2/4 944/3/87
f 333/1/4 385/2/5 384/3/24
f 873/1/44 281/2/1 936/3/54
f 936/1/54 281/2/1 329/3/5
f 873/1/44 877/2/45 281/3/1
f 936/1/54 329/2/5 326/3/1
f 877/1/45 284/2/2 281/3/1
f 933/1/44 936/2/54 326/3/1
f 933/1/44 326/2/1 378/3/24
f 326/1/1 382/2/2 378/3/24
f 937/1/76 522/2/8 518/3/27
f 937/1/76 940/2/57 522/3/8
f 1017/7/44 438/8/25 435/9/45
f 1017/7/44 1020/8/57 438/9/25
f 1012/7/51 434/8/25 430/9/37
f 1012/7/51 1016/8/57 434/9/25
f 417/7/25 377/8/25 374/9/35
f 417/7/25 928/8/57 377/9/25
f 869/7/44 280/8/25 277/9/45
f 869/7/44 872/8/57 280/9/25
f 233/7/25 215/8/25 212/9/35
f 233/7/25 784/8/57 215/9/25
f 648/7/44 593/8/64 594/9/52
f 648/7/44 651/8/57 593/9/64
f 21/7/13 90/8/25 87/9/11
f 21/7/13 20/8/9 90/9/25
f 830/7/44 264/8/44 261/9/35
f 830/7/44 833/8/57 264/9/44
f 948/7/44 361/8/25 358/9/35
f 948/7/44 309/8/35 361/9/25
f 989/7/44 407/8/44 404/9/35
f 989/7/44 992/8/57 407/9/44
f 1076/7/44 509/8/25 506/9/35
f 1076/7/44 463/8/35 509/9/25
f 1075/7/44 500/8/6 505/9/24
f 1075/7/44 1070/8/84 500/9/6
f 1040/1/84 269/2/27 271/3/4
f 1040/1/84 1041/2/82 269/3/27
f 1013/7/81 429/8/12 431/9/41
f 1013/7/81 1011/8/60 429/9/12
f 738/10/69 691/11/69 689/12/62
f 738/10/69 732/11/77 691/12/69
f 693/10/71 645/11/71 642/12/77
f 693/10/71 689/11/62 645/12/71
f 582/4/54 5/5/3 7/6/4
f 582/4/54 580/5/55 5/6/3
f 50/1/27 939/2/52 520/3/6
f 939/1/52 518/2/27 520/3/6
f 50/1/27 52/2/4 939/3/52
f 939/1/52 937/2/76 518/3/27
f 81/10/31 140/11/21 144/12/22
f 81/10/31 84/11/22 140/12/21
f 140/10/21 184/11/31 190/12/22
f 140/10/21 142/11/22 184/12/31
f 1070/7/84 501/8/12 500/9/6
f 1070/7/84 1071/8/60 501/9/12
f 1102/1/81 1083/2/68 552/3/48
f 1083/1/68 550/2/12 552/3/48
f 1102/1/81 1100/2/82 1083/3/68
f 1100/1/82 1081/2/84 1083/3/68
f 371/1/27 655/2/54 653/3/55
f 371/1/27 373/2/4 655/3/54
f 688/10/68 733/11/71 731/12/60
f 639/19/80 688/21/68 731/20/60
f 640/18/80 688/17/68 639/16/80
f 640/10/80 690/11/71 688/12/68
f 643/260/54 607/261/68 82/262/4
f 607/263/68 38/264/20 82/265/4
f 643/34/54 640/36/80 607/35/68
f 38/23/20 79/22/21 82/24/4
f 640/39/80 609/38/71 607/37/68
f 38/30/20 40/29/22 79/28/21
f 16/1/11 49/2/26 51/3/26
f 16/1/11 18/2/4 49/3/26
f 79/10/21 139/11/20 141/12/22
f 79/20/21 78/19/33 139/21/20
f 139/21/20 78/19/33 183/20/12
f 139/10/20 183/11/12 185/12/22
f 1074/7/88 505/8/24 504/9/41
f 1074/7/88 1075/8/44 505/9/24
f 1106/1/81 559/2/20 572/3/48
f 559/1/20 570/2/7 572/3/48
f 1106/1/81 1104/2/60 559/3/20
f 559/1/20 557/2/6 570/3/7
f 769/1/54 708/2/54 706/3/76
f 769/1/54 767/2/76 708/3/54
f 46/1/3 107/2/3 109/3/4
f 46/1/3 48/2/4 107/3/3
f 842/1/54 770/2/54 768/3/76
f 842/1/54 840/2/76 770/3/54
f 108/1/3 157/2/3 159/3/4
f 108/1/3 110/2/4 157/3/3
f 1085/1/69 1061/2/69 1060/3/60
f 1085/1/69 1079/2/77 1061/3/69
f 426/1/27 370/2/27 372/3/4
f 426/1/27 428/2/4 370/3/27
f 925/13/81 868/14/81 866/15/60
f 925/13/81 923/14/60 868/15/81
f 781/10/69 730/11/81 728/12/60
f 781/10/69 779/11/60 730/12/81
f 741/40/84 701/41/54 699/42/55
f 741/40/84 739/41/58 701/42/54
f 92/1/3 579/2/54 577/3/44
f 92/1/3 94/2/4 579/3/54
f 641/10/69 603/11/69 601/12/62
f 641/10/69 637/11/77 603/12/69
f 608/13/71 32/14/21 39/15/22
f 608/13/71 601/14/62 32/15/21
f 32/10/21 76/11/31 80/12/22
f 32/10/21 34/11/22 76/12/31
f 748/1/54 756/2/54 754/3/76
f 748/1/54 747/2/76 756/3/54
f 150/40/3 191/41/7 193/42/6
f 150/40/3 152/41/4 191/42/7
f 180/10/12 257/11/12 259/12/21
f 180/10/12 182/11/22 257/12/12
f 355/13/12 400/14/12 402/15/22
f 355/13/12 357/14/22 400/15/12
f 540/1/12 555/2/31 561/3/22
f 540/1/12 541/2/22 555/3/31
f 952/1/54 843/2/54 841/3/76
f 952/1/54 950/2/76 843/3/54
f 766/1/54 204/2/7 203/3/40
f 766/1/54 764/2/55 204/3/7
f 158/1/3 245/2/3 247/3/4
f 158/1/3 160/2/4 245/3/3
f 1077/7/71 506/8/35 508/9/22
f 1077/7/71 1076/8/44 506/9/35
f 1080/1/69 1044/2/59 1059/3/77
f 1080/1/69 1078/2/58 1044/3/59
f 1044/1/59 1002/2/52 1000/3/59
f 1044/1/59 1046/2/59 1002/3/52
f 1002/1/52 1046/2/59 425/3/3
f 1002/1/52 425/2/3 427/3/4
f 729/10/81 683/11/81 681/12/60
f 729/10/81 727/11/60 683/12/81
f 745/266/54 700/267/52 197/268/4
f 700/43/52 151/44/13 197/45/4
f 745/40/54 746/41/44 700/42/52
f 151/40/13 198/41/38 197/42/4
f 700/40/52 149/41/27 151/42/13
f 700/40/52 698/41/76 149/42/27
f 96/1/7 91/2/3 93/3/4
f 96/1/7 98/2/4 91/3/3
f 600/10/68 638/11/71 636/12/60
f 75/10/12 600/11/68 636/12/60
f 31/10/20 600/11/68 75/12/12
f 31/10/20 75/11/12 77/12/22
f 602/10/69 600/11/68 31/12/20
f 602/10/69 31/11/20 33/12/22
f 755/1/54 829/2/54 827/3/76
f 755/1/54 753/2/55 829/3/54
f 132/10/12 179/11/12 181/12/22
f 132/10/12 134/11/22 179/12/12
f 483/1/3 527/2/7 526/3/7
f 483/1/3 485/2/4 527/3/7
f 539/1/31 554/2/7 556/3/22
f 539/1/31 526/2/7 554/3/7
f 1053/1/69 514/2/12 516/3/22
f 1053/1/69 1050/2/77 514/3/12
f 993/1/84 953/2/54 951/3/55
f 993/1/84 994/2/44 953/3/54
f 980/7/71 416/8/12 418/9/41
f 980/7/71 978/8/60 416/9/12
f 838/1/54 220/2/26 765/3/76
f 838/1/54 836/2/55 220/3/26
f 586/1/54 10/2/7 9/3/6
f 586/1/54 584/2/58 10/3/7
f 248/1/13 820/2/54 818/3/89
f 285/1/11 248/2/13 818/3/89
f 287/1/4 248/2/13 285/3/11
f 287/1/4 246/2/27 248/3/13
f 1031/7/71 463/8/35 467/9/42
f 1031/7/71 1029/8/60 463/9/35
f 1029/7/60 464/8/12 463/9/35
f 1099/1/69 530/2/31 533/3/22
f 1099/1/69 1097/2/60 530/3/31
f 1019/7/71 435/8/45 437/9/42
f 1019/7/71 1017/8/44 435/9/45
f 867/13/81 814/14/81 812/15/60
f 867/13/81 865/14/60 814/15/81
f 217/1/3 199/2/3 201/3/4
f 217/1/3 219/2/26 199/3/3
f 682/10/71 131/11/12 133/12/21
f 682/10/71 680/11/60 131/12/12
f 828/1/54 874/2/90 876/3/89
f 828/1/54 826/2/76 874/3/90
f 319/13/12 354/14/12 356/15/22
f 319/13/12 321/14/22 354/15/12
f 1057/1/88 510/2/50 512/3/22
f 1057/52/88 1055/54/76 510/53/50
f 1055/51/76 1001/50/89 510/49/50
f 1001/1/89 961/2/54 959/3/76
f 1001/1/89 999/2/59 961/3/54
f 983/7/71 412/8/12 414/9/22
f 983/7/71 982/8/60 412/9/12
f 266/1/26 216/2/3 218/3/4
f 266/1/26 268/2/26 216/3/3
f 813/13/81 778/14/81 776/15/60
f 813/13/81 811/14/60 778/15/81
f 209/1/7 95/2/11 97/3/4
f 209/1/7 211/2/4 95/3/11
f 254/13/12 318/14/12 320/15/22
f 254/13/12 256/14/22 318/15/12
f 470/7/16 405/8/42 407/9/44
f 470/7/16 407/8/44 468/9/12
f 407/7/44 1033/8/60 468/9/12
f 440/1/35 480/2/27 482/3/27
f 440/1/35 442/2/4 480/3/27
f 537/1/33 1095/2/71 498/3/50
f 537/57/33 498/56/50 535/55/24
f 498/60/50 482/59/27 535/58/24
f 419/7/42 374/8/35 376/9/22
f 419/7/42 417/8/25 374/9/35
f 911/1/54 839/2/54 837/3/76
f 911/1/54 909/2/55 839/3/54
f 286/1/35 330/2/35 332/3/4
f 286/1/35 288/2/4 330/3/35
f 1010/1/69 977/2/69 976/3/60
f 1010/1/69 1008/2/77 977/3/69
f 960/1/54 904/2/84 906/3/44
f 960/1/54 958/2/55 904/3/84
f 363/1/26 265/2/3 267/3/4
f 363/1/26 365/2/26 265/3/3
f 777/13/75 675/14/62 673/15/60
f 777/13/75 775/14/60 675/15/62
f 124/13/12 253/14/12 255/15/22
f 124/13/12 126/14/22 253/15/12
f 875/1/54 936/2/54 934/3/58
f 875/1/54 873/2/44 936/3/54
f 991/7/71 404/8/35 406/9/22
f 991/7/71 989/8/44 404/9/35
f 381/1/24 439/2/35 441/3/4
f 381/1/24 379/2/40 439/3/35
f 461/1/12 496/2/31 499/3/22
f 461/1/12 462/2/22 496/3/31
f 658/1/54 617/2/54 615/3/59
f 658/1/54 656/2/59 617/3/54
f 949/7/71 358/8/35 360/9/22
f 949/7/71 948/8/44 358/9/35
f 331/1/35 384/2/24 383/3/40
f 331/1/35 333/2/4 384/3/24
f 1009/1/69 974/2/54 971/3/77
f 1009/1/69 1007/2/55 974/3/54
f 903/1/54 364/2/47 848/3/44
f 903/1/54 901/2/89 364/3/47
f 901/1/89 362/2/27 364/3/47
f 871/7/71 277/8/45 279/9/42
f 871/7/71 869/8/44 277/9/45
f 225/1/7 208/2/7 210/3/4
f 225/1/7 227/2/4 208/3/7
f 674/13/62 123/14/12 125/15/22
f 674/13/62 672/14/60 123/15/12
f 341/1/13 935/2/54 933/3/44
f 378/1/24 341/2/13 933/3/44
f 380/1/4 341/2/13 378/3/24
f 380/1/4 339/2/27 341/3/13
f 456/1/31 495/2/38 497/3/22
f 456/1/31 459/2/4 495/3/38
f 967/1/69 421/2/12 423/3/22
f 967/1/69 966/2/77 421/3/12
f 805/7/71 232/8/12 234/9/41
f 805/7/71 803/8/60 232/9/12
f 892/7/71 309/8/35 313/9/42
f 892/7/71 890/8/60 309/9/35
f 890/7/60 310/8/12 309/9/35
f 1027/1/69 451/2/31 452/3/22
f 1027/1/69 1025/2/60 451/3/31
f 1092/73/81 1069/74/54 1067/75/60
f 1092/73/81 1090/74/55 1069/75/54
f 972/1/69 408/2/20 410/3/22
f 972/52/69 970/54/55 408/53/20
f 970/66/55 920/64/68 408/65/20
f 408/1/20 920/2/68 860/3/69
f 970/1/55 922/2/54 920/3/68
f 408/1/20 860/2/69 858/3/60
f 849/1/54 790/2/54 788/3/58
f 849/1/54 847/2/58 790/3/54
f 816/7/71 237/8/12 239/9/22
f 816/7/71 815/8/60 237/9/12
f 324/7/16 262/8/42 264/9/44
f 324/7/16 264/8/44 322/9/12
f 264/7/44 894/8/60 322/9/12
f 298/1/3 338/2/3 340/3/4
f 298/1/3 300/2/4 338/3/3
f 347/1/12 397/2/20 1036/3/68
f 1036/70/68 397/71/20 455/72/27
f 347/1/12 349/2/22 397/3/20
f 397/1/20 399/2/4 455/3/27
f 457/57/48 1036/56/68 455/55/27
f 457/1/48 1038/2/71 1036/3/68
f 547/73/12 566/74/7 568/75/22
f 547/73/12 549/74/4 566/75/7
f 235/7/42 212/8/35 214/9/22
f 235/7/42 233/8/25 212/9/35
f 612/1/54 587/2/54 585/3/59
f 612/1/54 610/2/58 587/3/54
f 590/7/62 21/8/13 89/9/16
f 21/7/13 87/8/11 89/9/16
f 590/7/62 588/8/60 21/9/13
f 588/7/60 19/8/12 21/9/13
f 857/1/68 921/2/71 919/3/89
f 789/1/58 857/2/68 919/3/89
f 800/1/86 857/2/68 789/3/58
f 800/1/86 859/2/71 857/3/68
f 789/1/58 226/2/13 714/3/82
f 226/1/13 716/2/54 714/3/82
f 789/1/58 787/2/59 226/3/13
f 787/1/59 224/2/35 226/3/13
f 650/7/62 594/8/52 25/9/16
f 594/7/52 23/8/12 25/9/16
f 650/7/62 648/8/44 594/9/52
f 594/7/52 592/8/60 23/9/12
f 166/1/27 297/2/27 299/3/7
f 166/1/27 168/2/4 297/3/27
f 832/7/71 261/8/35 263/9/22
f 832/7/71 830/8/44 261/9/35
f 306/1/46 346/2/20 348/3/22
f 306/1/46 299/2/7 346/3/20
f 346/1/20 299/2/7 396/3/38
f 346/1/20 396/2/38 398/3/22
f 798/1/69 228/2/12 230/3/22
f 798/1/69 795/2/86 228/3/12
f 888/1/69 301/2/46 304/3/22
f 888/1/69 886/2/60 301/3/46
f 1068/73/75 988/74/54 986/75/60
f 1068/73/75 1066/74/58 988/75/54
f 801/1/88 241/2/20 243/3/22
f 801/52/88 799/54/59 241/53/20
f 241/269/20 799/270/59 721/271/68
f 799/1/59 715/2/55 721/3/68
f 241/81/20 721/80/68 665/79/60
f 721/10/68 667/11/71 665/12/60
f 167/1/3 715/2/55 576/3/52
f 715/1/55 713/2/76 576/3/52
f 167/1/3 576/2/52 105/3/13
f 576/1/52 43/2/13 105/3/13
f 105/1/13 165/2/27 167/3/3
f 43/1/13 103/2/35 105/3/13
f 576/1/52 574/2/44 43/3/13
f 574/1/44 41/2/24 43/3/13
f 116/79/12 173/80/20 897/81/68
f 897/269/68 173/271/20 305/270/11
f 116/10/12 118/11/22 173/12/20
f 173/1/20 167/2/3 305/3/11
f 307/57/33 897/56/68 305/55/11
f 307/1/33 899/2/71 897/3/68
f 477/73/12 546/74/35 548/75/22
f 477/73/12 479/74/4 546/75/35
f 622/1/75 62/2/12 61/3/30
f 622/1/75 623/2/60 62/3/12
f 987/73/69 476/74/27 478/75/22
f 987/73/69 985/74/76 476/75/27
f 664/1/68 722/2/71 720/3/76
f 720/1/76 628/2/52 664/3/68
f 666/1/69 664/2/68 628/3/52
f 172/1/27 628/2/52 720/3/76
f 666/1/69 628/2/52 625/3/77
f 67/1/13 628/2/52 172/3/27
f 115/1/20 67/2/13 172/3/27
f 115/1/20 172/2/27 174/3/22
f 64/1/31 67/2/13 115/3/20
f 64/1/31 115/2/20 117/3/22
f 626/86/62 63/85/27 65/87/30
f 626/165/62 624/167/76 63/166/27
f 270/2/9 1043/1/51 707/3/45
f 705/2/56 270/1/9 707/3/45
f 1042/2/73 1043/1/51 270/3/9
f 272/2/29 1042/1/73 270/3/9
f 433/8/14 1012/7/51 430/9/37
f 1015/8/63 1012/7/51 433/9/14
f 684/11/65 736/10/65 686/12/66
f 735/11/72 736/10/65 684/12/65
f 647/11/61 692/10/66 646/12/72
f 686/11/66 692/10/66 647/12/61
f 8/5/5 581/4/56 6/6/1
f 583/5/57 581/4/56 8/6/5
f 938/2/73 47/1/25 946/3/53
f 45/2/1 47/1/25 938/3/73
f 137/11/18 85/10/28 143/12/23
f 86/11/23 85/10/28 137/12/18
f 187/11/28 137/10/18 188/12/17
f 135/11/17 137/10/18 187/12/28
f 522/2/8 938/1/73 519/3/37
f 940/2/57 938/1/73 522/3/8
f 502/8/14 1073/7/70 503/9/18
f 1072/8/63 1073/7/70 502/9/14
f 1089/2/67 1101/1/78 551/3/43
f 553/2/14 1089/1/67 551/3/43
f 1103/2/85 1101/1/78 1089/3/67
f 1084/2/51 1103/1/85 1089/3/67
f 434/8/25 1014/7/66 432/9/18
f 1016/8/57 1014/7/66 434/9/25
f 737/11/79 687/10/67 734/12/63
f 687/21/67 630/19/65 734/20/63
f 687/17/67 632/18/66 630/16/65
f 685/11/74 632/10/66 687/12/67
f 606/261/67 644/260/56 83/262/1
f 37/264/19 606/263/67 83/265/1
f 632/36/66 644/34/56 606/35/67
f 71/22/32 37/23/19 83/24/1
f 604/38/70 632/39/66 606/37/67
f 35/29/23 37/30/19 71/28/32
f 138/11/19 71/10/32 136/12/17
f 69/19/32 71/20/32 138/21/19
f 69/19/32 138/21/19 186/20/14
f 186/11/14 138/10/19 189/12/23
f 1021/2/56 945/1/56 1023/3/57
f 947/2/57 945/1/56 1021/3/56
f 565/2/19 1105/1/78 571/3/18
f 573/2/2 565/1/19 571/3/18
f 1107/2/63 1105/1/78 565/3/19
f 560/2/37 565/1/19 573/3/2
f 1054/2/78 1087/1/65 1052/3/63
f 1086/2/72 1087/1/65 1054/3/78
f 861/14/78 924/13/78 863/15/63
f 926/14/63 924/13/78 861/15/78
f 723/11/65 780/10/78 725/12/63
f 782/11/63 780/10/78 723/12/65
f 694/41/56 740/40/51 696/42/57
f 743/41/53 740/40/51 694/42/56
f 614/2/56 101/1/2 616/3/45
f 99/2/1 101/1/2 614/3/56
f 596/11/65 633/10/78 598/12/66
f 631/11/72 633/10/78 596/12/65
f 29/14/18 605/13/66 36/15/23
f 598/14/66 605/13/66 29/15/18
f 70/11/28 29/10/18 72/12/23
f 27/11/17 29/10/18 70/12/28
f 195/41/2 147/40/5 192/42/37
f 145/41/1 147/40/5 195/42/2
f 260/11/14 177/10/14 258/12/43
f 175/11/15 177/10/14 260/12/14
f 403/14/14 352/13/14 401/15/18
f 350/14/18 352/13/14 403/15/14
f 524/2/8 1022/1/56 521/3/37
f 1024/2/57 1022/1/56 524/3/8
f 562/2/28 532/1/14 563/3/17
f 534/2/23 532/1/14 562/3/28
f 156/2/25 51/1/26 154/3/1
f 49/2/26 51/1/26 156/3/25
f 1045/2/85 1088/1/78 1048/3/72
f 1082/2/87 1088/1/78 1045/3/85
f 998/2/56 1045/1/85 997/3/73
f 1047/2/57 1045/1/85 998/3/56
f 102/2/2 207/1/2 100/3/1
f 203/2/40 207/1/2 102/3/2
f 676/11/65 724/10/65 678/12/63
f 726/11/63 724/10/65 676/12/65
f 695/267/64 742/266/56 194/268/1
f 146/44/9 695/43/64 194/45/1
f 744/41/57 742/40/56 695/42/64
f 196/41/25 146/40/9 194/42/1
f 148/41/36 695/40/64 146/42/9
f 697/41/53 695/40/64 148/42/36
f 635/11/79 599/10/67 634/12/63
f 599/11/67 73/10/14 634/12/63
f 599/11/67 30/10/19 73/12/14
f 73/11/14 30/10/19 74/12/23
f 599/11/67 597/10/65 30/12/19
f 30/11/19 597/10/65 28/12/17
f 749/2/56 13/1/10 751/3/57
f 14/2/1 13/1/10 749/3/56
f 178/11/14 129/10/14 176/12/15
f 127/11/15 129/10/14 178/12/14
f 525/2/2 488/1/2 523/3/8
f 486/2/1 488/1/2 525/3/2
f 558/2/2 528/1/28 564/3/23
f 523/2/8 528/1/28 558/3/2
f 807/14/65 862/13/78 809/15/63
f 864/14/63 862/13/78 807/15/65
f 205/2/36 222/1/36 206/3/1
f 220/2/26 222/1/36 205/3/36
f 130/11/14 677/10/61 128/12/15
f 679/11/63 677/10/61 130/12/14
f 757/2/56 750/1/56 759/3/57
f 752/2/57 750/1/56 757/3/56
f 353/14/14 316/13/14 351/15/43
f 314/14/15 316/13/14 353/15/14
f 509/8/25 467/7/42 507/9/23
f 463/8/35 467/7/42 509/9/25
f 652/2/56 702/1/56 654/3/57
f 704/2/57 702/1/56 652/3/56
f 296/2/8 155/1/36 294/3/1
f 153/2/1 155/1/36 296/3/8
f 517/2/49 1051/1/65 515/3/17
f 1049/54/83 1051/52/65 517/53/49
f 996/50/73 1049/51/83 517/49/49
f 954/2/56 996/1/73 956/3/57
f 995/2/73 996/1/73 954/3/56
f 417/8/25 979/7/61 419/9/42
f 981/8/63 979/7/61 417/9/25
f 420/8/14 981/7/63 417/9/25
f 223/2/36 275/1/36 221/3/1
f 273/2/1 275/1/36 223/3/36
f 771/14/65 808/13/65 773/15/63
f 810/14/63 808/13/65 771/15/65
f 878/2/56 819/1/56 880/3/57
f 821/2/57 819/1/56 878/3/56
f 317/14/14 251/13/14 315/15/15
f 249/14/15 251/13/14 317/15/14
f 465/8/14 1030/7/65 466/9/23
f 1032/8/63 1030/7/65 465/9/14
f 489/2/2 445/1/2 487/3/25
f 443/2/1 445/1/2 489/3/2
f 1098/2/74 531/1/34 491/3/49
f 491/56/49 531/57/34 529/55/8
f 487/59/25 491/60/49 529/58/8
f 438/8/25 1018/7/66 436/9/23
f 1020/8/57 1018/7/66 438/9/25
f 200/2/39 761/1/56 703/3/57
f 763/2/85 761/1/56 200/3/39
f 202/2/25 763/1/85 200/3/39
f 391/2/8 295/1/36 389/3/1
f 293/2/1 295/1/36 391/3/8
f 968/2/65 1004/1/78 969/3/63
f 1003/2/72 1004/1/78 968/3/65
f 910/2/51 955/1/56 914/3/57
f 957/2/57 955/1/56 910/3/51
f 377/8/25 927/7/66 375/9/23
f 928/8/57 927/7/66 377/9/25
f 276/2/25 368/1/36 274/3/1
f 366/2/1 368/1/36 276/3/25
f 668/14/74 772/13/74 670/15/63
f 774/14/63 772/13/74 668/15/74
f 822/2/56 758/1/56 824/3/57
f 760/2/45 758/1/56 822/3/56
f 252/14/14 121/13/14 250/15/15
f 119/14/15 121/13/14 252/15/14
f 941/2/56 879/1/56 943/3/57
f 881/2/57 879/1/56 941/3/56
f 446/2/2 387/1/5 444/3/1
f 383/2/40 387/1/5 446/3/2
f 490/2/28 454/1/14 492/3/23
f 453/2/17 454/1/14 490/3/28
f 513/2/14 1058/1/78 511/3/17
f 1056/2/72 1058/1/78 513/3/14
f 437/8/42 413/7/23 435/9/45
f 435/8/45 413/7/23 415/9/14
f 984/8/63 435/7/45 415/9/14
f 785/2/64 844/1/56 762/3/85
f 219/2/26 785/1/64 762/3/85
f 846/2/57 844/1/56 785/3/64
f 786/2/57 785/1/64 219/3/26
f 56/2/2 17/1/2 54/3/1
f 15/2/1 17/1/2 56/3/2
f 284/2/2 874/1/90 282/3/1
f 877/2/45 874/1/90 284/3/2
f 484/2/25 390/1/8 481/3/37
f 388/2/1 390/1/8 484/3/25
f 471/8/14 1035/7/70 469/9/23
f 1034/8/63 1035/7/70 471/9/14
f 536/2/28 1094/1/65 538/3/23
f 1096/2/63 1094/1/65 536/3/28
f 834/2/57 907/1/56 845/3/57
f 908/2/57 907/1/56 834/3/57
f 268/2/26 834/1/57 266/3/26
f 835/2/57 834/1/57 268/3/26
f 329/2/5 283/1/2 327/3/1
f 281/2/1 283/1/2 329/3/5
f 407/8/44 990/7/66 405/9/42
f 992/8/57 990/7/66 407/9/44
f 1062/74/56 1091/73/78 1064/75/63
f 1093/74/57 1091/73/78 1062/75/56
f 963/2/56 1006/1/78 962/3/72
f 1005/2/83 1006/1/78 963/3/56
f 367/2/39 913/1/56 851/3/57
f 912/2/83 913/1/56 367/3/39
f 369/2/10 912/1/83 367/3/39
f 122/14/14 669/13/74 120/15/15
f 671/14/63 669/13/74 122/15/14
f 882/2/56 823/1/56 884/3/57
f 825/2/57 823/1/56 882/3/56
f 942/2/56 334/1/9 944/3/87
f 334/2/9 385/1/5 944/3/87
f 334/2/9 386/1/1 385/3/5
f 336/2/25 386/1/1 334/3/9
f 361/8/25 313/7/42 359/9/23
f 309/8/35 313/7/42 361/9/25
f 493/2/10 447/1/28 494/3/23
f 448/2/1 447/1/28 493/3/10
f 424/2/19 965/1/78 422/3/17
f 964/54/73 965/52/78 424/53/19
f 917/64/67 964/66/73 424/65/19
f 917/2/67 424/1/19 853/3/65
f 915/2/56 964/1/73 917/3/67
f 853/2/65 424/1/19 855/3/63
f 791/2/56 850/1/56 793/3/57
f 852/2/57 850/1/56 791/3/56
f 233/8/25 804/7/61 235/9/42
f 806/8/63 804/7/61 233/9/25
f 236/8/14 806/7/63 233/9/25
f 311/8/14 891/7/65 312/9/23
f 893/8/63 891/7/65 311/9/14
f 337/2/25 291/1/36 335/3/1
f 289/2/1 291/1/36 337/3/25
f 394/2/19 344/1/14 1028/3/67
f 394/71/19 1028/70/67 449/72/36
f 342/2/17 344/1/14 394/3/19
f 392/2/1 394/1/19 449/3/36
f 1028/56/67 450/57/43 449/55/36
f 1026/2/74 450/1/43 1028/3/67
f 569/74/2 544/73/14 567/75/17
f 542/74/1 544/73/14 569/75/2
f 365/2/26 902/1/51 363/3/26
f 905/2/57 902/1/51 365/3/26
f 280/8/25 870/7/66 278/9/23
f 872/8/57 870/7/66 280/9/25
f 4/2/2 575/1/51 2/3/1
f 578/2/53 575/1/51 4/3/2
f 382/2/2 328/1/2 379/3/40
f 326/2/1 328/1/2 382/3/2
f 916/2/74 856/1/67 918/3/87
f 856/2/67 792/1/73 918/3/87
f 856/2/67 795/1/86 792/3/73
f 854/2/74 795/1/86 856/3/67
f 709/2/56 792/1/73 711/3/57
f 794/2/57 792/1/73 709/3/56
f 215/8/25 783/7/66 213/9/23
f 784/8/57 783/7/66 215/9/25
f 20/8/9 589/7/61 88/9/34
f 90/8/25 20/7/9 88/9/34
f 591/8/63 589/7/61 20/9/9
f 22/8/14 591/7/63 20/9/9
f 883/2/64 163/1/2 290/3/5
f 292/2/2 883/1/64 290/3/5
f 161/2/1 163/1/2 883/3/64
f 885/2/45 883/1/64 292/3/2
f 345/2/19 301/1/46 343/3/17
f 290/2/5 301/1/46 345/3/19
f 290/2/5 345/1/19 395/3/5
f 395/2/5 345/1/19 393/3/17
f 411/2/14 975/1/78 409/3/17
f 973/2/72 975/1/78 411/3/14
f 279/8/42 238/7/23 277/9/45
f 277/8/45 238/7/23 240/9/14
f 817/8/63 277/7/45 240/9/14
f 106/2/2 55/1/2 104/3/1
f 53/2/1 55/1/2 106/3/2
f 325/8/14 896/7/70 323/9/23
f 895/8/63 896/7/70 325/9/14
f 458/2/28 1037/1/65 460/3/23
f 1039/2/63 1037/1/65 458/3/28
f 929/74/56 1063/73/66 931/75/63
f 1065/74/57 1063/73/66 929/75/56
f 231/2/19 797/1/65 229/3/17
f 796/54/87 797/52/65 231/53/19
f 796/270/87 231/269/19 718/271/67
f 710/2/73 796/1/87 718/3/67
f 718/80/67 231/81/19 662/79/63
f 660/11/74 718/10/67 662/12/63
f 12/2/9 710/1/73 162/3/8
f 164/2/10 12/1/9 162/3/8
f 657/2/64 710/1/73 12/3/9
f 611/2/64 657/1/64 12/3/9
f 712/2/57 710/1/73 657/3/64
f 11/2/8 611/1/64 12/3/9
f 659/2/53 657/1/64 611/3/64
f 613/2/53 611/1/64 11/3/8
f 170/80/19 113/79/14 889/81/67
f 170/271/19 889/269/67 302/270/2
f 111/11/17 113/10/14 170/12/19
f 162/2/8 170/1/19 302/3/2
f 889/56/67 303/57/34 302/55/2
f 887/2/74 303/1/34 889/3/67
f 545/74/36 474/73/14 543/75/43
f 472/74/1 474/73/14 545/75/36
f 593/8/64 649/7/66 24/9/15
f 26/8/14 593/7/64 24/9/15
f 651/8/57 649/7/66 593/9/64
f 595/8/63 593/7/64 26/9/14
f 264/8/44 831/7/66 262/9/42
f 833/8/57 831/7/66 264/9/44
f 475/74/5 930/73/74 473/75/15
f 932/74/57 930/73/74 475/75/5
f 717/2/74 663/1/67 719/3/83
f 619/2/64 719/1/83 663/3/67
f 663/2/67 661/1/65 619/3/64
f 619/2/64 171/1/36 719/3/83
f 619/2/64 661/1/65 618/3/72
f 619/2/64 58/1/9 171/3/36
f 58/2/9 114/1/19 171/3/36
f 171/2/36 114/1/19 169/3/17
f 58/2/9 57/1/28 114/3/19
f 114/2/19 57/1/28 112/3/17
f 244/2/14 802/1/78 242/3/17
f 800/2/86 802/1/78 244/3/14
f 44/2/2 3/1/2 42/3/1
f 1/2/1 3/1/2 44/3/2
f 306/2/46 898/1/65 308/3/23
f 900/2/63 898/1/65 306/3/46
f 59/85/29 621/86/74 60/87/15
f 620/167/73 621/165/74 59/166/29
f 68/2/14 627/1/74 66/3/15
f 629/2/63 627/1/74 68/3/14
